Property,ObtainedValue,Variance,CI,Problems
PRetrans5(obs1),0.9842857142857143,0.015471030517470123,0.009887398800621497,0
PRetrans5(obs2),0.015476190476190477,0.01524030664897538,0.009813395062425923,0
