Property,ObtainedValue,Variance,CI,Problems
PPNL(balanced),0.254341252699784,0.18965587611411355,0.010426528417538982,0
