Property,ObtainedValue,Variance,CI,Problems
PDice1(obs1),0.1670952380952381,0.13918104717004665,0.013262563544447136,0
PDice1(obs2),0.16747619047619047,0.13943455584052755,0.013274636471472805,0
PDice1(obs3),0.16657142857142856,0.13883199880266406,0.013245922693193283,0
PDice1(obs4),0.16352380952380952,0.136790287065824,0.013148162360868618,0
PDice1(obs5),0.16642857142857143,0.13873670855074732,0.0132413761045784,0
PDice1(obs6),0.1689047619047619,0.14038262819771463,0.013319689848179765,0
