Property,ObtainedValue,Variance,CI,Problems
PDice1(obs1),0.16943140892720723,0.14072824617505778,0.01009459440554388,0
PDice1(obs2),0.1651273363209094,0.1378640663099534,0.009998982487105783,0
PDice1(obs3),0.166184655680454,0.13857109662083858,0.010016928255847084,0
PDice1(obs4),0.16489827171297308,0.13771059757625106,0.00999724079076279,0
PDice1(obs5),0.16623922296191204,0.13860752542885788,0.010018244839124802,0
PDice1(obs6),0.1679035250463822,0.13971574327752487,0.010058214869798797,0
