Property,ObtainedValue,Variance,CI,Problems
PDice1(obs1),0.16862824675324675,0.14020224452710248,0.015864580089792402,0
PDice1(obs2),0.1662608225108225,0.13862753827155505,0.015775235593546412,0
PDice1(obs3),0.16423160173160173,0.13726886768556254,0.01569773972163597,0
PDice1(obs4),0.16599025974025974,0.13844685805299348,0.015764951914047767,0
PDice1(obs5),0.16808712121212122,0.13984329999241554,0.01584425889677069,0
PDice1(obs6),0.16680194805194806,0.1389884594536898,0.015795757907108264,0
