Property,ObtainedValue,Variance,CI,Problems
PDice1(obs1),0.1687605232482839,0.1402849513593221,0.010979583005152062,0
PDice1(obs2),0.16607304753270302,0.13849727485039556,0.010909401297662252,0
PDice1(obs3),0.16697966584639296,0.13910196105398284,0.010933190862057135,0
PDice1(obs4),0.16545784224841342,0.13808601580515517,0.010893191861110381,0
PDice1(obs5),0.16451884470923456,0.13745684519095874,0.010868346836156347,0
PDice1(obs6),0.16821007641497215,0.13991997710793058,0.010965291112707557,0
