Property,ObtainedValue,Variance,CI,Problems
PDice1(obs1),0.16720372359470104,0.1392528706373449,0.01286082095867691,0
PDice1(obs2),0.16733798782670964,0.13934222188228676,0.012864946353303807,0
PDice1(obs3),0.16644289294665235,0.13874586586991003,0.012837387174344286,0
PDice1(obs4),0.16344432509846044,0.13673639729402598,0.0127440856149057,0
PDice1(obs5),0.16671142141066952,0.13892494093207072,0.012845668915224632,0
PDice1(obs6),0.16885964912280702,0.14035234945439953,0.012911492799805534,0
