Property,ObtainedValue,Variance,CI,Problems
PDice1(obs1),0.16907073509015258,0.14049556473057828,0.016080359440865298,0
PDice1(obs2),0.16601941747572815,0.13846657289431352,0.015963823472952828,0
PDice1(obs3),0.1638002773925104,0.13697924577286152,0.015877854955870754,0
PDice1(obs4),0.16622746185852982,0.13860550481483488,0.01597183020176814,0
PDice1(obs5),0.1682385575589459,0.1399440501672791,0.01604876672503952,0
PDice1(obs6),0.16664355062413314,0.13888310894307568,0.015987816681378258,0
