Property,ObtainedValue,Variance,CI,Problems
PDice1(obs1),0.16860043509789702,0.14019974530534102,0.025972189253918667,0
PDice1(obs2),0.17766497461928935,0.1461266228237709,0.026515487738057036,0
PDice1(obs3),0.1622552574329224,0.1359531359197705,0.025575819676955068,0
PDice1(obs4),0.16243654822335024,0.1360755852750459,0.025587334813244746,0
PDice1(obs5),0.16007976794778825,0.13447861557608395,0.025436746463096353,0
PDice1(obs6),0.16896301667875271,0.14043997614785175,0.025994431271644417,0
