Property,ObtainedValue,Variance,CI,Problems
PDice1(obs1),0.16613162118780098,0.13858751859825388,0.038418032151171004,0
PDice1(obs2),0.1745585874799358,0.14414573040795983,0.03918085851194092,0
PDice1(obs3),0.1637239165329053,0.13697336092114598,0.03819364545917209,0
PDice1(obs4),0.16613162118780098,0.13858751859825388,0.038418032151171004,0
PDice1(obs5),0.15690208667736757,0.13233692657934537,0.037541669184012284,0
PDice1(obs6),0.1725521669341894,0.14283523413018812,0.03900234609226179,0
