Property,ObtainedValue,Variance,CI,Problems
PDice1(obs1),0.17142857142857143,0.1420633660671762,0.024463458264382162,0
PDice1(obs2),0.17682539682539683,0.14558128400325573,0.02476450053214621,0
PDice1(obs3),0.16380952380952382,0.13699770938697753,0.024023343625697004,0
PDice1(obs4),0.15888888888888889,0.13366442645217053,0.023729288696888694,0
PDice1(obs5),0.16142857142857142,0.13539087837071645,0.02388204450995201,0
PDice1(obs6),0.1676190476190476,0.13954505250266483,0.02424566064319398,0
