Property,ObtainedValue,Variance,CI,Problems
PDice1(obs1),0.16943649570768216,0.1407316418411274,0.010137400172049808,0
PDice1(obs2),0.16522672243011227,0.1379306477673053,0.010036010366548857,0
PDice1(obs3),0.16646489104116222,0.1387581490025856,0.01006607037265392,0
PDice1(obs4),0.16473145498569228,0.13759878873512535,0.010023929851948814,0
PDice1(obs5),0.16616222760290558,0.13855615407385338,0.010058740944777472,0
PDice1(obs6),0.16797820823244553,0.13976537541592385,0.010102538426765378,0
