Property,ObtainedValue,Variance,CI,Problems
PDice1(obs1),0.16941176470588235,0.14072324416782428,0.017715626434620286,0
PDice1(obs2),0.16781512605042018,0.1396649460691916,0.01764888623101729,0
PDice1(obs3),0.16294117647058823,0.1364028119021371,0.01744155718376939,0
PDice1(obs4),0.1642016806722689,0.1372510224360355,0.017495702639205683,0
PDice1(obs5),0.1677310924369748,0.1396091049244305,0.017645357670100868,0
PDice1(obs6),0.16789915966386554,0.13972077308946942,0.017652413194357546,0
