Property,ObtainedValue,Variance,CI,Problems
PDice1(obs1),0.16886577010910936,0.14035902556426766,0.01537212949782483,0
PDice1(obs2),0.16569398629789395,0.13824825907440852,0.015256106004521134,0
PDice1(obs3),0.1645521441258564,0.13748345734552614,0.015213848409097225,0
PDice1(obs4),0.16582085765034255,0.13833307607067213,0.015260785190674413,0
PDice1(obs5),0.1675970565846232,0.13951713357250684,0.015325958125678317,0
PDice1(obs6),0.16747018523217458,0.13943276730235737,0.01532132360725575,0
