Property,ObtainedValue,Variance,CI,Problems
PDice1(obs1),0.16183035714285715,0.13579284716679968,0.06342077102116946,0
PDice1(obs2),0.15848214285714285,0.13351456504389467,0.0628864954627923,0
PDice1(obs3),0.16629464285714285,0.13879564046288909,0.0641181499802661,0
PDice1(obs4),0.18191964285714285,0.14899117118914607,0.0664313896634096,0
PDice1(obs5),0.16183035714285715,0.13579284716679968,0.06342077102116946,0
PDice1(obs6),0.16964285714285715,0.14102154828411811,0.06463024610445577,0
