Property,ObtainedValue,Variance,CI,Problems
PDice1(obs1),0.1734126984126984,0.1433596973648568,0.022433638394698342,0
PDice1(obs2),0.17354497354497356,0.14344609005278405,0.02244039695535167,0
PDice1(obs3),0.16534391534391535,0.1380235620875917,0.022012166704924764,0
PDice1(obs4),0.158994708994709,0.13373308106738455,0.02166734022174158,0
PDice1(obs5),0.16124338624338624,0.1352618484150433,0.021790833205668336,0
PDice1(obs6),0.16746031746031745,0.13943580342574918,0.02212449309747442,0
