Property,ObtainedValue,Variance,CI,Problems
PDice1(obs1),0.16922989291410345,0.14059514044898744,0.01030871294022978,0
PDice1(obs2),0.16581225791752108,0.13832249250674125,0.01022505598069552,0
PDice1(obs3),0.16612554112554112,0.13853179113710004,0.010232788928647499,0
PDice1(obs4),0.16464456596035543,0.13754065005790736,0.010196117406077496,0
PDice1(obs5),0.1663818637502848,0.13870288946400947,0.010239106152962776,0
PDice1(obs6),0.16780587833219412,0.13965104283178242,0.010274043090616726,0
