Property,ObtainedValue,Variance,CI,Problems
PDice1(obs1),0.17290419161676646,0.14302362551124892,0.020146458686133756,0
PDice1(obs2),0.16969632164242943,0.14091454791503202,0.019997363545174257,0
PDice1(obs3),0.16349443969204447,0.13677863348421174,0.019701711553843874,0
PDice1(obs4),0.16253207869974337,0.136129958333482,0.019654938169795973,0
PDice1(obs5),0.1647775876817793,0.13764065205671885,0.01976369699155343,0
PDice1(obs6),0.16659538066723695,0.1388562075628751,0.01985077541768396,0
