Property,ObtainedValue,Variance,CI,Problems
PDice1(obs1),0.18080357142857142,0.14844499041227227,0.09377581369972082,0
PDice1(obs2),0.14732142857142858,0.125898849472675,0.08636125580326663,0
PDice1(obs3),0.16071428571428573,0.1351869606903164,0.08949019828543119,0
PDice1(obs4),0.19642857142857142,0.1581975071907958,0.09680725063008305,0
PDice1(obs5),0.15848214285714285,0.13366391019495047,0.08898466076840764,0
PDice1(obs6),0.15625,0.13213087248322147,0.0884728911633032,0
