Property,ObtainedValue,Variance,CI,Problems
PDice1(obs1),0.16875681570338058,0.1402875144378999,0.015929858803583576,0
PDice1(obs2),0.16603053435114504,0.1384738339800021,0.015826550742284833,0
PDice1(obs3),0.16398582333696837,0.13710381767100088,0.0157480646874219,0
PDice1(obs4),0.16589422028353326,0.1383827597184841,0.015821345323836437,0
PDice1(obs5),0.16827971646673937,0.13997119351398135,0.015911889309497763,0
PDice1(obs6),0.16705288985823338,0.1391557062884241,0.015865469409778937,0
