Property,ObtainedValue,Variance,CI,Problems
PDice1(obs1),0.15934065934065933,0.13404327631131754,0.04942980588527878,0
PDice1(obs2),0.16964285714285715,0.14096097201767305,0.05068924594198234,0
PDice1(obs3),0.16758241758241757,0.13959442619236434,0.05044294415489994,0
PDice1(obs4),0.17651098901098902,0.1454547600166157,0.05149088505800412,0
PDice1(obs5),0.16277472527472528,0.13637277670782824,0.049857469175205615,0
PDice1(obs6),0.16414835164835165,0.1372979683546694,0.05002630691362543,0
