Property,ObtainedValue,Variance,CI,Problems
PDice1(obs1),0.16639957264957264,0.13871604776110252,0.011852050369214646,0
PDice1(obs2),0.1671626984126984,0.13922464296767917,0.01187375795448253,0
PDice1(obs3),0.16704822954822954,0.13914842794054455,0.011870507514587202,0
PDice1(obs4),0.16407203907203907,0.13715763849315954,0.011785286230152061,0
PDice1(obs5),0.16601800976800976,0.13846131337045026,0.011841162976546636,0
PDice1(obs6),0.16929945054945056,0.14064251298935734,0.011934066240207769,0
