Property,ObtainedValue,Variance,CI,Problems
PDice1(obs1),0.16967871485943775,0.1408979531408284,0.0163759208364889,0
PDice1(obs2),0.16544750430292599,0.13808453041477084,0.016211600833306923,0
PDice1(obs3),0.1628657487091222,0.13635027502557437,0.016109475375618253,0
PDice1(obs4),0.1667383820998279,0.1389466586543714,0.016262130502382476,0
PDice1(obs5),0.16853126792885828,0.1401385297545136,0.016331729065842123,0
PDice1(obs6),0.1667383820998279,0.1389466586543714,0.016262130502382476,0
