Property,ObtainedValue,Variance,CI,Problems
PDice1(obs1),0.16900858704137392,0.14044860025525388,0.01019417776118227,0
PDice1(obs2),0.16563510650161703,0.13820397112314645,0.010112388725617438,0
PDice1(obs3),0.16624846659975465,0.138613778505748,0.010127370437019006,0
PDice1(obs4),0.1647150663544106,0.13758784922012274,0.010089822718266665,0
PDice1(obs5),0.16641574662651945,0.1387254135664066,0.010131447744793845,0
PDice1(obs6),0.1679770268763243,0.13976464195695615,0.010169325602621267,0
