Property,ObtainedValue,Variance,CI,Problems
PDice1(obs1),0.16799583911234398,0.13977808382747992,0.011341460603063729,0
PDice1(obs2),0.16584604715672677,0.13834593281491644,0.011283209325217317,0
PDice1(obs3),0.16719833564493758,0.13924788049239262,0.011319930069538804,0
PDice1(obs4),0.16508321775312065,0.1378355282872982,0.01126237632148943,0
PDice1(obs5),0.16508321775312065,0.1378355282872982,0.01126237632148943,0
PDice1(obs6),0.16879334257975034,0.14030701509489843,0.011362898830881856,0
