Property,ObtainedValue,Variance,CI,Problems
PDice1(obs1),0.16721150702844068,0.1392575094291047,0.012289144620812837,0
PDice1(obs2),0.16745668519123896,0.1394206409254343,0.012296340497694193,0
PDice1(obs3),0.16663942464857798,0.13887640171154014,0.012272317174278029,0
PDice1(obs4),0.16414677999346192,0.13720822135451202,0.01219838708662228,0
PDice1(obs5),0.16553612291598563,0.13813955972650657,0.012239717016900463,0
PDice1(obs6),0.16900948022229487,0.1404510150709243,0.012341694286684394,0
