Property,ObtainedValue,Variance,CI,Problems
PDice1(obs1),0.17196349905601008,0.14241446035118505,0.02438552866212088,0
PDice1(obs2),0.17684078036500944,0.14559102484181421,0.024655989279266412,0
PDice1(obs3),0.16393958464443045,0.13708496503548442,0.023924895183548206,0
PDice1(obs4),0.15859030837004406,0.13346042000991276,0.02360648766698362,0
PDice1(obs5),0.16110761485210826,0.1351732183149396,0.02375748468391676,0
PDice1(obs6),0.16755821271239774,0.13950440652420085,0.024135099518013833,0
