Property,ObtainedValue,Variance,CI,Problems
PDice1(obs1),0.16818567189487071,0.1399041938781404,0.011452699046457713,0
PDice1(obs2),0.16603080401299986,0.13846946766308335,0.011393823644013893,0
PDice1(obs3),0.1668079694785926,0.1389879806451438,0.011415136375525601,0
PDice1(obs4),0.16479440440864773,0.13764207098716424,0.01135973188066023,0
PDice1(obs5),0.16532428995337006,0.1379970439473709,0.011374370577702875,0
PDice1(obs6),0.168856860251519,0.14034917893092658,0.011470898050436116,0
