Property,ObtainedValue,Variance,CI,Problems
PDice1(obs1),0.16900841792522903,0.14044891924453975,0.010740496452199051,0
PDice1(obs2),0.16585169596434762,0.1383491925761215,0.010659908320641112,0
PDice1(obs3),0.1668729883634563,0.13903069687549885,0.010686131273828368,0
PDice1(obs4),0.16507798960138648,0.13783151259528348,0.010639945815006819,0
PDice1(obs5),0.16483040356523893,0.13766560213585274,0.010633540132408862,0
PDice1(obs6),0.16835850458034166,0.14001825183630778,0.010724016677307917,0
