Property,ObtainedValue,Variance,CI,Problems
PDice1(obs1),0.16908925732455143,0.14050605824129725,0.014550913599779622,0
PDice1(obs2),0.16602316602316602,0.1384673364685857,0.014444962076319212,0
PDice1(obs3),0.16551215080626847,0.13812572144680754,0.014427132371898169,0
PDice1(obs4),0.16403588462411992,0.1371358996832047,0.014375346343168591,0
PDice1(obs5),0.1676129911424029,0.13952679860017186,0.014500118506361782,0
PDice1(obs6),0.16772655007949125,0.1396022810212471,0.014504040176152694,0
