Property,ObtainedValue,Variance,CI,Problems
PDice1(obs1),0.1695269016697588,0.14079161266952459,0.010407612101311206,0
PDice1(obs2),0.165555426716141,0.13815083223725522,0.010309544045570248,0
PDice1(obs3),0.1663671150278293,0.13869311862169265,0.010329758363749074,0
PDice1(obs4),0.1648886827458256,0.13770439694279588,0.010292872887803914,0
PDice1(obs5),0.1660482374768089,0.13848023469293633,0.010321827602455962,0
PDice1(obs6),0.16761363636363635,0.13952334989260629,0.010360629730813208,0
