Property,ObtainedValue,Variance,CI,Problems
PDice1(obs1),0.16891577477896697,0.14039140189877727,0.014721570035388225,0
PDice1(obs2),0.1662401116798511,0.13861239955901258,0.014627998761446749,0
PDice1(obs3),0.1658329455560726,0.13834042651501582,0.014613640829518182,0
PDice1(obs4),0.16373894834806887,0.1369364702693378,0.0145392980183028,0
PDice1(obs5),0.16769427640763146,0.13958102501988243,0.014679020116008688,0
PDice1(obs6),0.16757794322940903,0.13950369062626214,0.014674953121943779,0
