Property,ObtainedValue,Variance,CI,Problems
PDice1(obs1),0.167989417989418,0.13980595913646987,0.03133026129953967,0
PDice1(obs2),0.17592592592592593,0.14501435809983043,0.03190852122270686,0
PDice1(obs3),0.1619047619047619,0.13572751672778136,0.030869893201074104,0
PDice1(obs4),0.16455026455026456,0.1375098532547593,0.031071919611198658,0
PDice1(obs5),0.16031746031746033,0.13465139429680315,0.030747272918048504,0
PDice1(obs6),0.1693121693121693,0.14068277630066464,0.031428354304436516,0
