Property,ObtainedValue,Variance,CI,Problems
PDice1(obs1),0.1735686492495831,0.1434625096716151,0.023002270688045105,0
PDice1(obs2),0.1734296831573096,0.1433717519693784,0.022994993652691406,0
PDice1(obs3),0.16550861589772095,0.13813471000219796,0.02257110951909736,0
PDice1(obs4),0.15869927737632017,0.13353237320865077,0.02219191507212257,0
PDice1(obs5),0.16120066703724292,0.13523380489740072,0.022332849106767413,0
PDice1(obs6),0.16759310728182322,0.13952504692399184,0.022684415138096173,0
