Property,ObtainedValue,Variance,CI,Problems
PDice1(obs1),0.16778273809523808,0.13965766888150608,0.026257286298402727,0
PDice1(obs2),0.17875744047619047,0.14683053017718717,0.026923134988669623,0
PDice1(obs3),0.16220238095238096,0.13591805094130677,0.025903354808465683,0
PDice1(obs4),0.16387648809523808,0.13704647702104097,0.026010660654530598,0
PDice1(obs5),0.15922619047619047,0.1338981173864895,0.025710154156173302,0
PDice1(obs6),0.16815476190476192,0.1399047619047619,0.026280504232222057,0
