Property,ObtainedValue,Variance,CI,Problems
PDice1(obs1),0.1736072807501379,0.14348757875266535,0.022915288597176876,0
PDice1(obs2),0.17333149476006618,0.14330744877763021,0.02290090049937208,0
PDice1(obs3),0.16588527302813016,0.13838643174005785,0.0225042701785935,0
PDice1(obs4),0.15899062327633756,0.13373104556094095,0.022122504778487144,0
PDice1(obs5),0.1609211252068395,0.13504413830969772,0.022230848885559016,0
PDice1(obs6),0.16726420297848868,0.1393060987156383,0.02257892403855992,0
