Property,ObtainedValue,Variance,CI,Problems
PDice1(obs1),0.1723240316534777,0.1426433122579917,0.019853940086730783,0
PDice1(obs2),0.16982507288629736,0.14099919880479525,0.01973918975545485,0
PDice1(obs3),0.16389004581424407,0.13704436820664165,0.019460392531218777,0
PDice1(obs4),0.1618075801749271,0.1356400104559162,0.019360425897578463,0
PDice1(obs5),0.16524364847980008,0.13795254918906147,0.01952476721139564,0
PDice1(obs6),0.16690962099125364,0.13906527934510263,0.019603352793656395,0
