Property,ObtainedValue,Variance,CI,Problems
PDice1(obs1),0.1686918850380389,0.14024234221342746,0.014022785464645507,0
PDice1(obs2),0.16562764158918006,0.1382024274115243,0.013920426679080004,0
PDice1(obs3),0.1658389687235841,0.13834371412144922,0.01392754040679755,0
PDice1(obs4),0.1636200338123415,0.1368557486808886,0.013852438605369097,0
PDice1(obs5),0.1676352493660186,0.13954104473829043,0.013987680271361814,0
PDice1(obs6),0.16858622147083685,0.14017231295432767,0.014019283926231774,0
