Property,ObtainedValue,Variance,CI,Problems
PDice1(obs1),0.16793628808864267,0.13974060360816512,0.013544431097405602,0
PDice1(obs2),0.16669964384645825,0.13891774426106532,0.01350449418238744,0
PDice1(obs3),0.16615552037989711,0.13855471714291,0.013486837313969068,0
PDice1(obs4),0.16308864265927978,0.13649748924819957,0.01338633817572266,0
PDice1(obs5),0.1674416303917689,0.13941182691683712,0.013528488288077168,0
PDice1(obs6),0.1686782746339533,0.1402328510263774,0.013568265795194441,0
