Property,ObtainedValue,Variance,CI,Problems
PDice1(obs1),0.16714810924369747,0.1392157119446019,0.012716485680071691,0
PDice1(obs2),0.16697303921568626,0.13909913141297137,0.012711160113244266,0
PDice1(obs3),0.16675420168067226,0.1389533195429001,0.012704496074499303,0
PDice1(obs4),0.1639968487394958,0.1371078832132494,0.012619850006993743,0
PDice1(obs5),0.16627275910364145,0.1386321962693249,0.012689807439577051,0
PDice1(obs6),0.16885504201680673,0.14034915953513197,0.012768147418779024,0
