Property,ObtainedValue,Variance,CI,Problems
PDice1(obs1),0.16913165266106442,0.1405300731458162,0.01022109920062753,0
PDice1(obs2),0.16563025210084034,0.13820074285912018,0.010136036269993313,0
PDice1(obs3),0.1661904761904762,0.13857508346905809,0.010149754590153676,0
PDice1(obs4),0.16462184873949579,0.13752534790772802,0.010111238240436892,0
PDice1(obs5),0.1665546218487395,0.13881806825085843,0.010158649247413918,0
PDice1(obs6),0.16787114845938375,0.13969433898100544,0.01019066137495723,0
