Property,ObtainedValue,Variance,CI,Problems
PDice1(obs1),0.1685867895545315,0.14016976966194283,0.010910964483821933,0
PDice1(obs2),0.16599462365591397,0.1384448390916496,0.01084362144307808,0
PDice1(obs3),0.16682667690732206,0.13899998506359426,0.010865340454871225,0
PDice1(obs4),0.16548259088581668,0.13810252256310818,0.010830207262230024,0
PDice1(obs5),0.16468253968253968,0.1375666032193059,0.010809173036118795,0
PDice1(obs6),0.1684267793138761,0.14006368164851252,0.010906834700163064,0
