Property,ObtainedValue,Variance,CI,Problems
PDice1(obs1),0.16767554479418886,0.139588622053689,0.027340498982070246,0
PDice1(obs2),0.17594834543987087,0.14501978663500154,0.027867310546856257,0
PDice1(obs3),0.1632364810330912,0.13661789845494032,0.027048004288572354,0
PDice1(obs4),0.16464891041162227,0.137567404460972,0.02714183450324061,0
PDice1(obs5),0.16101694915254236,0.13511775470762283,0.02689909299122903,0
PDice1(obs6),0.16747376916868442,0.13945444431685003,0.027327355474316743,0
