Property,ObtainedValue,Variance,CI,Problems
PDice1(obs1),0.1683188484519283,0.1399923663003001,0.011230843278980933,0
PDice1(obs2),0.1656708310700706,0.13822869952055866,0.011159874243486656,0
PDice1(obs3),0.16791146116241173,0.1397219457847806,0.011219990835449497,0
PDice1(obs4),0.1650936990765888,0.13784244920694444,0.011144271404314633,0
PDice1(obs5),0.1645844649646931,0.13750108687323606,0.01113046363790255,0
PDice1(obs6),0.16842069527430745,0.14005991956354305,0.0112335526717478,0
