Property,ObtainedValue,Variance,CI,Problems
PDice1(obs1),0.16849645200160665,0.14011008738490083,0.011156309443606701,0
PDice1(obs2),0.16585218904806534,0.13834987123905726,0.011086009068157824,0
PDice1(obs3),0.16759271656178873,0.13951006755397904,0.011132395430098049,0
PDice1(obs4),0.16538358548667828,0.13803647545139155,0.011073445708752636,0
PDice1(obs5),0.16424554826616683,0.1372735429174199,0.011042801642242401,0
PDice1(obs6),0.1684295086356942,0.1400656974910523,0.01115454202402943,0
