Property,ObtainedValue,Variance,CI,Problems
PDice1(obs1),0.17184497117232544,0.1423370728707504,0.024596575348844484,0
PDice1(obs2),0.1753683536194747,0.14463745839927522,0.024794537911778373,0
PDice1(obs3),0.16415759128763613,0.1372318547060985,0.024151443579967798,0
PDice1(obs4),0.1593529788597053,0.1339810645578397,0.023863675792225997,0
PDice1(obs5),0.16111467008327995,0.13517838249178607,0.02397006715659224,0
PDice1(obs6),0.1681614349775785,0.13990557316571242,0.024385582584050672,0
