Property,ObtainedValue,Variance,CI,Problems
PDice1(obs1),0.16946955997588908,0.1407538703473756,0.010610578364569342,0
PDice1(obs2),0.16555153707052442,0.13814838924836825,0.010511913951890658,0
PDice1(obs3),0.16612417118746234,0.1385311060735618,0.010526464624136865,0
PDice1(obs4),0.16500904159132007,0.13778521044297667,0.010498087454274744,0
PDice1(obs5),0.16570223025919228,0.13824916778790683,0.01051574744647504,0
PDice1(obs6),0.1681434599156118,0.13987545245880834,0.010577417254072814,0
