Property,ObtainedValue,Variance,CI,Problems
PDice1(obs1),0.16603803237466605,0.13847484480706695,0.012016322109346628,0
PDice1(obs2),0.16745245953166746,0.13941761099666156,0.012057157561208147,0
PDice1(obs3),0.16682382523966682,0.13899909779703645,0.012039046964693689,0
PDice1(obs4),0.16403426056891404,0.13713240981198319,0.011957934546123036,0
PDice1(obs5),0.16611661166116612,0.13852732568058582,0.012018598939273064,0
PDice1(obs6),0.16953481062391954,0.14079829052523624,0.012116712658066147,0
