Property,ObtainedValue,Variance,CI,Problems
PDice1(obs1),0.1488095238095238,0.12742372398061022,0.14351801949437265,0
PDice1(obs2),0.14285714285714285,0.12318220701454236,0.1411091826980242,0
PDice1(obs3),0.17857142857142858,0.14756201881950384,0.154443124840101,0
PDice1(obs4),0.20238095238095238,0.16238950670088395,0.16201688098668687,0
PDice1(obs5),0.17261904761904762,0.14367693185058455,0.15239643532150252,0
PDice1(obs6),0.15476190476190477,0.13159395494724835,0.1458475895043458,0
