Property,ObtainedValue,Variance,CI,Problems
PDice1(obs1),0.16773675762439808,0.13962915324623784,0.027267549524005417,0
PDice1(obs2),0.17656500802568217,0.14541898313012236,0.02782714238014661,0
PDice1(obs3),0.1627207062600321,0.13627001951096004,0.026937557681865947,0
PDice1(obs4),0.16432584269662923,0.1373504183888141,0.027044132294945313,0
PDice1(obs5),0.16031300160513642,0.134639757519064,0.026775939546989633,0
PDice1(obs6),0.168338683788122,0.14002886700818093,0.027306550783578885,0
