Property,ObtainedValue,Variance,CI,Problems
PDice1(obs1),0.16999019287348807,0.1411050591600445,0.01749438314014043,0
PDice1(obs2),0.16794704151683557,0.13975225416288542,0.01741031993724474,0
PDice1(obs3),0.16296175220660347,0.13641636829587517,0.01720127277281802,0
PDice1(obs4),0.16467799934619157,0.13757039896341838,0.01727387766123228,0
PDice1(obs5),0.16794704151683557,0.13975225416288542,0.01741031993724474,0
PDice1(obs6),0.16647597254004576,0.1387730644818902,0.01734921905200197,0
