Property,ObtainedValue,Variance,CI,Problems
PDice1(obs1),0.1666292303084756,0.13886912866972315,0.011746182048734012,0
PDice1(obs2),0.16704103024857742,0.13914353348923095,0.011757781524820562,0
PDice1(obs3),0.16715333932315066,0.13921831230287643,0.011760940546420077,0
PDice1(obs4),0.1639338125187182,0.13706464883308497,0.011669616958901246,0
PDice1(obs5),0.16591793950284517,0.1383943578347269,0.01172608572000859,0
PDice1(obs6),0.169324648098233,0.14065907740824724,0.011821640671663346,0
