Property,ObtainedValue,Variance,CI,Problems
PDice1(obs1),0.16722470238095238,0.13926707762814935,0.013110271355992084,0
PDice1(obs2),0.16741071428571427,0.1393908491173989,0.013116095838940293,0
PDice1(obs3),0.16671316964285715,0.1389263491991981,0.013094223852759816,0
PDice1(obs4),0.1636904761904762,0.13690227055803952,0.012998486129785441,0
PDice1(obs5),0.16606212797619047,0.13849193791550127,0.013073735542635278,0
PDice1(obs6),0.16889880952380953,0.14037852968467301,0.013162482119253053,0
