Property,ObtainedValue,Variance,CI,Problems
PDice1(obs1),0.17118863049095606,0.14189617816698447,0.018642232764820393,0
PDice1(obs2),0.16980435585086748,0.14098384727590255,0.01858220538556789,0
PDice1(obs3),0.162421557770395,0.1360533510220678,0.01825438469102932,0
PDice1(obs4),0.16306755260243633,0.13648912178601708,0.01828359517226269,0
PDice1(obs5),0.16638981173864895,0.13871704378728342,0.018432213386863086,0
PDice1(obs6),0.1671280915466962,0.13920913947475155,0.018464878380416886,0
