Property,ObtainedValue,Variance,CI,Problems
PDice1(obs1),0.16852874717549585,0.14013560440862427,0.015278691850023106,0
PDice1(obs2),0.16601807682651268,0.1384647659778968,0.015187334710650945,0
PDice1(obs3),0.16469997489329652,0.13758252877283222,0.01513887385211033,0
PDice1(obs4),0.16545317599799148,0.1380870898292194,0.015166608099488972,0
PDice1(obs5),0.16796384634697464,0.1397607649975203,0.01525824418884362,0
PDice1(obs6),0.16733617875972884,0.139343528179434,0.01523545145515675,0
