Property,ObtainedValue,Variance,CI,Problems
PDice1(obs1),0.1673044217687075,0.13934327452009934,0.028038606439973537,0
PDice1(obs2),0.17410714285714285,0.14382442058260686,0.02848588621866522,0
PDice1(obs3),0.1639030612244898,0.13706798634827097,0.02780874790070999,0
PDice1(obs4),0.1649659863945578,0.13778150001229494,0.0278810338046549,0
PDice1(obs5),0.16220238095238096,0.13592166347721313,0.02769221910859181,0
PDice1(obs6),0.16751700680272108,0.13948471159673737,0.028052832791155294,0
