Property,ObtainedValue,Variance,CI,Problems
PDice1(obs1),0.1708229426433915,0.14165508114456,0.018298350910095913,0
PDice1(obs2),0.16832917705735662,0.14000693465410136,0.018191589475069533,0
PDice1(obs3),0.16236195226220163,0.1360126624232659,0.017930216942067034,0
PDice1(obs4),0.1636088350552191,0.1368531727089661,0.017985532824119223,0
PDice1(obs5),0.16654791592447452,0.13882207154371004,0.018114449222116077,0
PDice1(obs6),0.16832917705735662,0.14000693465410136,0.018191589475069533,0
