Property,ObtainedValue,Variance,CI,Problems
PDice1(obs1),0.1685825892857143,0.14017032188000766,0.014408079890025127,0
PDice1(obs2),0.16556919642857143,0.13816374765312955,0.014304580464026497,0
PDice1(obs3),0.16579241071428572,0.1383130056235201,0.014312304980646725,0
PDice1(obs4),0.16434151785714285,0.13734104748650675,0.01426192834985699,0
PDice1(obs5),0.16729910714285715,0.13931789032790415,0.01436420244322404,0
PDice1(obs6),0.16841517857142857,0.14005932200856233,0.014402373932668756,0
