Property,ObtainedValue,Variance,CI,Problems
PDice1(obs1),0.16740391588107323,0.13938489866844644,0.011581313187316306,0
PDice1(obs2),0.16642494561276286,0.13873271328320166,0.011554186793548584,0
PDice1(obs3),0.1668600435097897,0.13902281010072692,0.011566260666959724,0
PDice1(obs4),0.1645032632342277,0.13744692319178756,0.01150051941637475,0
PDice1(obs5),0.16515591007976796,0.137884434881129,0.011518808708890585,0
PDice1(obs6),0.16965192168237853,0.14087525502912182,0.011643064462334245,0
