Property,ObtainedValue,Variance,CI,Problems
PDice1(obs1),0.16882516188714153,0.14032786277981651,0.011092442037546717,0
PDice1(obs2),0.16545526628782872,0.13808438320383765,0.011003415046930878,0
PDice1(obs3),0.16783401612263776,0.139670373611425,0.011066425381899885,0
PDice1(obs4),0.1651579225584776,0.13788533865695873,0.010995481638579871,0
PDice1(obs5),0.1643980441390247,0.13737586587254147,0.010975149227246853,0
PDice1(obs6),0.16832958900488965,0.13999936379621655,0.01107945106457216,0
