Property,ObtainedValue,Variance,CI,Problems
PDice1(obs1),0.1734501347708895,0.1433845095767442,0.02264624702168168,0
PDice1(obs2),0.17371967654986523,0.14356049830532738,0.022660140649543734,0
PDice1(obs3),0.16495956873315365,0.1377664763270818,0.022198155936101163,0
PDice1(obs4),0.15849056603773584,0.13338928350716034,0.021842663361520204,0
PDice1(obs5),0.16172506738544473,0.13558834332625236,0.022021976750184954,0
PDice1(obs6),0.16765498652291105,0.13956560139715576,0.022342631271747446,0
