Property,ObtainedValue,Variance,CI,Problems
PDice1(obs1),0.16722793335696562,0.13926892274164981,0.012797573921858823,0
PDice1(obs2),0.1671393123006026,0.13920993104985718,0.012794863229177821,0
PDice1(obs3),0.16656327543424318,0.1388261021687721,0.012777212089468672,0
PDice1(obs4),0.16350584898971995,0.13677774703008522,0.012682599014840179,0
PDice1(obs5),0.16691775965969513,0.13906238309752864,0.012788080823809132,0
PDice1(obs6),0.16864587025877348,0.1402106535115482,0.01284076935963663,0
