Property,ObtainedValue,Variance,CI,Problems
PDice1(obs1),0.16841603053435114,0.14005684412293345,0.011254846762936017,0
PDice1(obs2),0.16575790621592149,0.13828693535649927,0.011183506495052176,0
PDice1(obs3),0.1677003816793893,0.1395817204019945,0.011235740279658327,0
PDice1(obs4),0.16500817884405672,0.137785175273049,0.011163198949275952,0
PDice1(obs5),0.16459923664122136,0.13751101410976727,0.011152087305541958,0
PDice1(obs6),0.16851826608506,0.1401246353204982,0.011257570254394214,0
