Property,ObtainedValue,Variance,CI,Problems
PDice1(obs1),0.16821116201582673,0.13992345163361605,0.013904368099199373,0
PDice1(obs2),0.16571220324864638,0.13825886692661835,0.013821414719126289,0
PDice1(obs3),0.16566014160766349,0.13822405526133258,0.013819674589310426,0
PDice1(obs4),0.1642024156601416,0.13724712766220198,0.01377075126283045,0
PDice1(obs5),0.16784673052894628,0.13968147762662975,0.013892340267319525,0
PDice1(obs6),0.1683673469387755,0.14002707346280002,0.01390951566162979,0
