Property,ObtainedValue,Variance,CI,Problems
PDice1(obs1),0.16975493126120741,0.14094872570982117,0.016718014138989525,0
PDice1(obs2),0.1660938433950986,0.13851702803053842,0.01657317414240936,0
PDice1(obs3),0.16295576808129109,0.13641137785359816,0.016446724177809697,0
PDice1(obs4),0.16594441123729828,0.13841720560726,0.016567201329565007,0
PDice1(obs5),0.1676628810520024,0.13956246692963512,0.016635598495896325,0
PDice1(obs6),0.16758816497310222,0.1395127957831078,0.016632637876168577,0
