Property,ObtainedValue,Variance,CI,Problems
PDice1(obs1),0.16827380952380952,0.1399660658655986,0.014869754975004123,0
PDice1(obs2),0.16666666666666666,0.13889715657678037,0.014812866608385005,0
PDice1(obs3),0.16577380952380952,0.13830108580726178,0.014781048066295217,0
PDice1(obs4),0.16452380952380952,0.13746390799905892,0.014736243108049467,0
PDice1(obs5),0.16714285714285715,0.13921440902094515,0.014829773857780695,0
PDice1(obs6),0.1676190476190476,0.13953120792337412,0.014846637724118992,0
