Property,ObtainedValue,Variance,CI,Problems
PDice1(obs1),0.1688842203548086,0.14037053202761507,0.014744509223732431,0
PDice1(obs2),0.16625816993464052,0.1386244805285211,0.014652519713626744,0
PDice1(obs3),0.16584967320261437,0.13835163284261276,0.014638092697418066,0
PDice1(obs4),0.1640406162464986,0.1371392954614002,0.014573816785467666,0
PDice1(obs5),0.1674253034547152,0.1394022062671971,0.014693564784072825,0
PDice1(obs6),0.16754201680672268,0.139479828990248,0.014697655091579753,0
