Property,ObtainedValue,Variance,CI,Problems
PDice1(obs1),0.1637291280148423,0.13698543749919287,0.041063872001693,0
PDice1(obs2),0.17578849721706866,0.1449541343641443,0.042241370514285025,0
PDice1(obs3),0.16094619666048238,0.13510518318274367,0.04078107806068084,0
PDice1(obs4),0.17625231910946196,0.14525481147953803,0.04228515827485375,0
PDice1(obs5),0.15398886827458255,0.1303367497600179,0.040054945054545085,0
PDice1(obs6),0.16929499072356216,0.14069945632756373,0.0416168213937453,0
