Property,ObtainedValue,Variance,CI,Problems
PDice1(obs1),0.17099056603773585,0.1417766765748438,0.02517691565463095,0
PDice1(obs2),0.17806603773584906,0.14638318418082688,0.025582661475548774,0
PDice1(obs3),0.16206199460916443,0.1358207853725331,0.024642413899904077,0
PDice1(obs4),0.16004043126684636,0.13445014158323437,0.024517758394333268,0
PDice1(obs5),0.16004043126684636,0.13445014158323437,0.024517758394333268,0
PDice1(obs6),0.16880053908355794,0.1403305576812595,0.025048184564668837,0
