Property,ObtainedValue,Variance,CI,Problems
PDice1(obs1),0.1682715748415407,0.139964782218718,0.01504626262457672,0
PDice1(obs2),0.166626036079961,0.13887026375067876,0.014987316602140238,0
PDice1(obs3),0.1651633349585568,0.13789281174268977,0.014934478610723789,0
PDice1(obs4),0.1651023890784983,0.13785199171002305,0.0149322679406381,0
PDice1(obs5),0.16699171136031205,0.13911395811987232,0.015000460970359978,0
PDice1(obs6),0.16784495368113114,0.1396815382191848,0.015031030500350212,0
