Property,ObtainedValue,Variance,CI,Problems
PDice1(obs1),0.16733449477351917,0.13933973043600067,0.012691081012164521,0
PDice1(obs2),0.1669425087108014,0.13907876493364252,0.012679191056289467,0
PDice1(obs3),0.16668118466898954,0.13890461719899722,0.012671250433441835,0
PDice1(obs4),0.16393728222996515,0.137067819577787,0.012587192831776626,0
PDice1(obs5),0.1661149825783972,0.1385268285398316,0.01265400725548266,0
PDice1(obs6),0.16898954703832753,0.1404381966763051,0.012741007034007209,0
