Property,ObtainedValue,Variance,CI,Problems
PDice1(obs1),0.16912105751391465,0.14052727287249442,0.014704762435892423,0
PDice1(obs2),0.1662221706864564,0.13860039639600683,0.014603600362267858,0
PDice1(obs3),0.16570037105751392,0.13825177361382415,0.014585222517018562,0
PDice1(obs4),0.16384508348794063,0.13700781550780308,0.014519456984629057,0
PDice1(obs5),0.16726576994434136,0.1392960082165348,0.01464020099010068,0
PDice1(obs6),0.16784554730983303,0.13968151797634565,0.014660445794136839,0
