Property,ObtainedValue,Variance,CI,Problems
PDice1(obs1),0.1718944099378882,0.14236882873097653,0.024222089115968973,0
PDice1(obs2),0.17686335403726708,0.14560531755731523,0.02449586384850005,0
PDice1(obs3),0.1639751552795031,0.1371085938848959,0.02377039945806723,0
PDice1(obs4),0.15916149068322982,0.13384989471186357,0.023486221829412388,0
PDice1(obs5),0.16149068322981366,0.135432472346792,0.023624658799227014,0
PDice1(obs6),0.16661490683229813,0.13887594424117783,0.023923110923939887,0
