Property,ObtainedValue,Variance,CI,Problems
PDice1(obs1),0.16576086956521738,0.13833790628957365,0.03775241558297308,0
PDice1(obs2),0.1766304347826087,0.14548860278598566,0.03871583519161051,0
PDice1(obs3),0.16459627329192547,0.1375577398540674,0.03764581135712031,0
PDice1(obs4),0.16731366459627328,0.1393739070132063,0.03789351420915612,0
PDice1(obs5),0.1545031055900621,0.13068262678646808,0.03669298755669124,0
PDice1(obs6),0.17119565217391305,0.14194280287040947,0.0382411403352086,0
