Property,ObtainedValue,Variance,CI,Problems
PDice1(obs1),0.17410714285714285,0.14381119740040338,0.02145944843273076,0
PDice1(obs2),0.1710907335907336,0.1418358078639242,0.0213115554003178,0
PDice1(obs3),0.16397200772200773,0.1371017306028468,0.020952877429433275,0
PDice1(obs4),0.15962837837837837,0.13416334685717454,0.020727128787702286,0
PDice1(obs5),0.16252413127413126,0.1361264625526421,0.02087822066917106,0
PDice1(obs6),0.1686776061776062,0.14024239248988857,0.021191507883935624,0
