Property,ObtainedValue,Variance,CI,Problems
PDice1(obs1),0.16863492063492064,0.14020163502293095,0.010868468163095646,0
PDice1(obs2),0.16596825396825396,0.13842718715686111,0.010799471318958814,0
PDice1(obs3),0.16695238095238096,0.13908369880222957,0.010825050081282274,0
PDice1(obs4),0.1656190476190476,0.13819376578848308,0.010790362230631192,0
PDice1(obs5),0.16453968253968254,0.13747073955988523,0.010762097763562493,0
PDice1(obs6),0.1682857142857143,0.13997007614754212,0.010859489201211953,0
