Property,ObtainedValue,Variance,CI,Problems
PDice1(obs1),0.1667561761546724,0.13898587553262112,0.03147223407856808,0
PDice1(obs2),0.1761546723952739,0.14516318423548222,0.03216403175021781,0
PDice1(obs3),0.16219119226638024,0.13592170826513736,0.031123372537755385,0
PDice1(obs4),0.1646079484425349,0.13754910760266614,0.031309139211752754,0
PDice1(obs5),0.1608485499462943,0.1350125486387778,0.031019108141279374,0
PDice1(obs6),0.16944146079484426,0.14076885260232427,0.03167346118704011,0
