Property,ObtainedValue,Variance,CI,Problems
PDice1(obs1),0.1677857142857143,0.13963865546218487,0.011504583189179263,0
PDice1(obs2),0.16614285714285715,0.13854435617598587,0.011459415828309182,0
PDice1(obs3),0.1667857142857143,0.1389732031246014,0.011477137728324132,0
PDice1(obs4),0.16464285714285715,0.1375404988953687,0.011417824340062364,0
PDice1(obs5),0.16514285714285715,0.13787561800676554,0.011431725711974849,0
PDice1(obs6),0.1695,0.1407747776706311,0.011551289933388314,0
