Property,ObtainedValue,Variance,CI,Problems
PDice1(obs1),0.1680327868852459,0.1398025842185943,0.011304107555052338,0
PDice1(obs2),0.16572530651604905,0.13826519115015576,0.011241780740604487,0
PDice1(obs3),0.1675506268081003,0.13948221803267064,0.01129114809897607,0
PDice1(obs4),0.16482986637277863,0.13766572273256006,0.011217384097793768,0
PDice1(obs5),0.16500206640033063,0.13778112966681647,0.011222084951008019,0
PDice1(obs6),0.16885934701749553,0.14035070162125776,0.011326245618212648,0
