Property,ObtainedValue,Variance,CI,Problems
PDice1(obs1),0.15625,0.13242713004484305,0.1252597526155665,0
PDice1(obs2),0.14285714285714285,0.12299807815502883,0.12071805483106245,0
PDice1(obs3),0.17857142857142858,0.14734144778987826,0.13212516192249896,0
PDice1(obs4),0.20089285714285715,0.16125480461242794,0.13822270817037433,0
PDice1(obs5),0.17410714285714285,0.1444386611146701,0.13081718307334883,0
PDice1(obs6),0.14732142857142858,0.126181133888533,0.12227010325139864,0
