Property,ObtainedValue,Variance,CI,Problems
PDice1(obs1),0.16891304347826086,0.1403857870282226,0.010756740952706473,0
PDice1(obs2),0.16593167701863354,0.1384026537994795,0.010680494191851408,0
PDice1(obs3),0.16677018633540372,0.13896220688154545,0.010702062691463801,0
PDice1(obs4),0.16521739130434782,0.13792488829655797,0.010662043740058219,0
PDice1(obs5),0.16481366459627328,0.13765439553984837,0.010651583622865807,0
PDice1(obs6),0.16835403726708076,0.14001530370431242,0.010742537855760464,0
