Property,ObtainedValue,Variance,CI,Problems
PDice1(obs1),0.16463414634146342,0.13764964807451038,0.056410985108492614,0
PDice1(obs2),0.16463414634146342,0.13764964807451038,0.056410985108492614,0
PDice1(obs3),0.16550522648083624,0.13823365908338373,0.05653052688312009,0
PDice1(obs4),0.17421602787456447,0.14399023053625729,0.057695593439343607,0
PDice1(obs5),0.16114982578397213,0.13529841519613353,0.055927123907196875,0
PDice1(obs6),0.16986062717770034,0.14113093086342496,0.057119873140722116,0
