Property,ObtainedValue,Variance,CI,Problems
PDice1(obs1),0.1701219512195122,0.14119277195472538,0.018066846865334864,0
PDice1(obs2),0.16837979094076655,0.14004023557030212,0.017992957226458727,0
PDice1(obs3),0.16202090592334495,0.1357819596639584,0.017717284840221597,0
PDice1(obs4),0.16463414634146342,0.1375417251863955,0.017831725289707643,0
PDice1(obs5),0.16689895470383276,0.1390558064977312,0.01792960390323362,0
PDice1(obs6),0.16794425087108014,0.13975115291580778,0.017974376356085495,0
