Property,ObtainedValue,Variance,CI,Problems
PDice1(obs1),0.16428571428571428,0.1373449701423978,0.036080657175776826,0
PDice1(obs2),0.17964285714285713,0.14742395243199102,0.03738110066598074,0
PDice1(obs3),0.16357142857142856,0.1368646965753075,0.03601751776382684,0
PDice1(obs4),0.16714285714285715,0.13925585668350943,0.03633078604359263,0
PDice1(obs5),0.15392857142857144,0.13028109528913387,0.03514056663319058,0
PDice1(obs6),0.17142857142857143,0.14209156331342826,0.036698828912067785,0
