Property,ObtainedValue,Variance,CI,Problems
PDice1(obs1),0.16893572050230013,0.1404008069090174,0.010761996515946042,0
PDice1(obs2),0.16592067636454058,0.13839530725081853,0.010684857323024757,0
PDice1(obs3),0.16675991545443242,0.13895536519184887,0.010706455227530247,0
PDice1(obs4),0.16523685192092502,0.13793792220286477,0.01066718642571318,0
PDice1(obs5),0.1648016909113515,0.1376463720365551,0.010655907203052203,0
PDice1(obs6),0.16834514484645033,0.14000940895563163,0.010746985337499296,0
