Property,ObtainedValue,Variance,CI,Problems
PDice1(obs1),0.17034313725490197,0.14133872493232608,0.018120432638537083,0
PDice1(obs2),0.16815476190476192,0.13989098331269825,0.018027389386721198,0
PDice1(obs3),0.16211484593837536,0.13584551390371433,0.017764812520481666,0
PDice1(obs4),0.16482843137254902,0.13767207071045173,0.017883845131038887,0
PDice1(obs5),0.16657913165266106,0.1388426781462826,0.017959716178726114,0
PDice1(obs6),0.16797969187675071,0.1397747501784571,0.01801989849861625,0
