Property,ObtainedValue,Variance,CI,Problems
PDice1(obs1),0.17330210772833723,0.1432894604669373,0.02359284258916064,0
PDice1(obs2),0.1756440281030445,0.14481439998189818,0.023718052223972285,0
PDice1(obs3),0.16393442622950818,0.13707999452831954,0.02307598168605506,0
PDice1(obs4),0.1592505854800937,0.13390943683174616,0.02280755538667842,0
PDice1(obs5),0.1605679156908665,0.13480559163916256,0.022883745007688167,0
PDice1(obs6),0.1673009367681499,0.13933172731283922,0.02326473751598266,0
