Property,ObtainedValue,Variance,CI,Problems
PDice1(obs1),0.16946640316205533,0.1407574762481757,0.016237850435529128,0
PDice1(obs2),0.16558441558441558,0.13817596957993655,0.01608825945511059,0
PDice1(obs3),0.16325522303783174,0.13661259752336383,0.01599698640242814,0
PDice1(obs4),0.166501976284585,0.13878886411693825,0.01612390058835793,0
PDice1(obs5),0.16854884246188595,0.14015002217837344,0.016202774453641513,0
PDice1(obs6),0.16664313946922643,0.13888300612078466,0.016129368170357143,0
