Property,ObtainedValue,Variance,CI,Problems
PDice1(obs1),0.1692074911499372,0.14058032945882667,0.010320522455272244,0
PDice1(obs2),0.1658102089756766,0.13832113244837613,0.010237258568805582,0
PDice1(obs3),0.16606714628297362,0.13849280298261177,0.010243609336275914,0
PDice1(obs4),0.16475391115678886,0.1376139886006273,0.010211056894724731,0
PDice1(obs5),0.16632408359027065,0.13866434147951817,0.01024995128883386,0
PDice1(obs6),0.1678371588443531,0.13967183438930106,0.01028712040965352,0
