Property,ObtainedValue,Variance,CI,Problems
PDice1(obs1),0.16905146549734595,0.14048117281707787,0.014666679346206055,0
PDice1(obs2),0.16605123471036234,0.13848621236533248,0.014562166881861615,0
PDice1(obs3),0.1656473574890376,0.13821628507581632,0.014547968199518639,0
PDice1(obs4),0.1640895453496423,0.13717208083928323,0.014492910105369091,0
PDice1(obs5),0.16755135010385414,0.1394859430672441,0.01461463443628442,0
PDice1(obs6),0.16760904684975766,0.13952430436220956,0.014616643949748558,0
