Property,ObtainedValue,Variance,CI,Problems
PDice1(obs1),0.16875981161695447,0.1402891140202955,0.015605716909348288,0
PDice1(obs2),0.16581632653061223,0.138330320680637,0.01549638615644003,0
PDice1(obs3),0.16444270015698587,0.13741028663605268,0.015444767002859093,0
PDice1(obs4),0.16581632653061223,0.138330320680637,0.01549638615644003,0
PDice1(obs5),0.16804029304029305,0.13981189816049502,0.015579151627532395,0
PDice1(obs6),0.1671245421245421,0.13920303492325473,0.015545191991458924,0
