Property,ObtainedValue,Variance,CI,Problems
PDice1(obs1),0.1697019867549669,0.14090738834599206,0.010514811106300601,0
PDice1(obs2),0.16556291390728478,0.13815591999879387,0.010411644766190454,0
PDice1(obs3),0.16633159886471144,0.13866949782062898,0.010430978826120794,0
PDice1(obs4),0.16485335856196784,0.13768079923893406,0.01039372642825051,0
PDice1(obs5),0.16597682119205298,0.13843260875226368,0.01042206539853522,0
PDice1(obs6),0.1675733207190161,0.13949662709294317,0.010462041679392001,0
