Property,ObtainedValue,Variance,CI,Problems
PDice1(obs1),0.17125984251968504,0.14194321437297605,0.018791562364954308,0
PDice1(obs2),0.17004124484439445,0.14114045015958268,0.018738348891284704,0
PDice1(obs3),0.16272965879265092,0.13626148985993794,0.01841162574232274,0
PDice1(obs4),0.16282339707536558,0.13632471728509327,0.018415896885544396,0
PDice1(obs5),0.1661042369703787,0.1385266046768997,0.01856402593898428,0
PDice1(obs6),0.1670416197975253,0.1391517609000478,0.01860586754883485,0
