Property,ObtainedValue,Variance,CI,Problems
PDice1(obs1),0.1640926640926641,0.13721040917693636,0.03422946410570413,0
PDice1(obs2),0.1788931788931789,0.14693768668664067,0.03542200738823231,0
PDice1(obs3),0.166988416988417,0.13914805651207324,0.034470306308131346,0
PDice1(obs4),0.16731016731016732,0.13936231509453267,0.03449683459134479,0
PDice1(obs5),0.1537966537966538,0.13018513018513017,0.03334166326617474,0
PDice1(obs6),0.16891891891891891,0.1404305013091624,0.0346287881334012,0
