Property,ObtainedValue,Variance,CI,Problems
PDice1(obs1),0.16807692307692307,0.1398347542341718,0.014279695379311199,0
PDice1(obs2),0.16593406593406593,0.1384075565074521,0.014206636943228023,0
PDice1(obs3),0.16576923076923078,0.13829739165719165,0.014200981964471782,0
PDice1(obs4),0.1641758241758242,0.13722966302338796,0.014146056218577556,0
PDice1(obs5),0.16758241758241757,0.1395062160763573,0.014262910626203431,0
PDice1(obs6),0.16846153846153847,0.14008994577047765,0.014292719310238768,0
