Property,ObtainedValue,Variance,CI,Problems
PDice1(obs1),0.1696796002351558,0.1408987876135096,0.0165769089859946,0
PDice1(obs2),0.16541740152851264,0.13806463064300126,0.01640934109535078,0
PDice1(obs3),0.16350676072898296,0.13678235153803286,0.01633296223257814,0
PDice1(obs4),0.1662992357436802,0.1386539890873853,0.01644432719207738,0
PDice1(obs5),0.16828336272780717,0.1399743587383936,0.016522439420862657,0
PDice1(obs6),0.16681363903586127,0.13899706323132174,0.016464658875386444,0
