Property,ObtainedValue,Variance,CI,Problems
PDice1(obs1),0.16829977023922152,0.13997968725928156,0.0112037413817859,0
PDice1(obs2),0.16583322070550074,0.13833723780291948,0.011137817971815707,0
PDice1(obs3),0.16792809839167455,0.13973297350881492,0.011193863748391172,0
PDice1(obs4),0.16481957021219085,0.13765873074860394,0.011110470392267462,0
PDice1(obs5),0.16454926341397486,0.1374774484600082,0.011103152312888324,0
PDice1(obs6),0.16857007703743748,0.1401589419043833,0.011210912708509583,0
