Property,ObtainedValue,Variance,CI,Problems
PDice1(obs1),0.16877197551764553,0.14029256320744019,0.011009866952202274,0
PDice1(obs2),0.1657442375309285,0.1382775870659301,0.010930515440042988,0
PDice1(obs3),0.16717671571819248,0.13923319436064077,0.010968219656309708,0
PDice1(obs4),0.16541867430655033,0.1380598312175946,0.010921905507248107,0
PDice1(obs5),0.16470243521291836,0.13758002214741483,0.0109029101545909,0
PDice1(obs6),0.16818596171376482,0.1399039987558747,0.010994609517595913,0
