Property,ObtainedValue,Variance,CI,Problems
PDice1(obs1),0.1710782405605294,0.14182427767343936,0.019138606694424996,0
PDice1(obs2),0.16991047100038925,0.1410546294533645,0.01908660560789042,0
PDice1(obs3),0.16377968080965355,0.13696922600460856,0.018808169423990814,0
PDice1(obs4),0.16222265472946673,0.13591969192856243,0.018735971547070594,0
PDice1(obs5),0.16562864927987545,0.13820924953047709,0.01889311559870071,0
PDice1(obs6),0.16738030362008563,0.13937770099984942,0.01897281079553284,0
