Property,ObtainedValue,Variance,CI,Problems
PDice1(obs1),0.16612852417703575,0.138535292636231,0.012032188559964619,0
PDice1(obs2),0.16746731768782486,0.13942750533072185,0.012070871995577097,0
PDice1(obs3),0.1667585446527012,0.138955603992747,0.012050427361480518,0
PDice1(obs4),0.16392345251220664,0.13705795106090504,0.011967860920519779,0
PDice1(obs5),0.16608914789730667,0.13850899681705692,0.012031046572013076,0
PDice1(obs6),0.16963301307292486,0.1408632006175168,0.012132860158879433,0
