Property,ObtainedValue,Variance,CI,Problems
PDice1(obs1),0.16709799861973776,0.13918226085265653,0.012622484166399687,0
PDice1(obs2),0.1669254658385093,0.13906735311240861,0.012617272580488541,0
PDice1(obs3),0.16696859903381642,0.13909608562912895,0.012618575931936434,0
PDice1(obs4),0.1637767425810904,0.13695982868565756,0.01252130208227411,0
PDice1(obs5),0.16619220151828848,0.13857833099900937,0.012595069097994281,0
PDice1(obs6),0.16903899240855763,0.14047087041154563,0.012680781749664263,0
