Property,ObtainedValue,Variance,CI,Problems
PDice1(obs1),0.16876490856082693,0.14029261002554994,0.015706921544892793,0
PDice1(obs2),0.16571693612509938,0.13826399461607095,0.015592947870844847,0
PDice1(obs3),0.1638616485555261,0.13702008767624305,0.015522647578931974,0
PDice1(obs4),0.1661144977471508,0.13852965039744833,0.015607920564658404,0
PDice1(obs5),0.1683673469387755,0.14002906178706326,0.015692161403844204,0
PDice1(obs6),0.16717466207262124,0.13923652028300154,0.015647690861719018,0
