Property,ObtainedValue,Variance,CI,Problems
PDice1(obs1),0.16829931972789117,0.13997941991177912,0.01124101441536635,0
PDice1(obs2),0.1657142857142857,0.13825776386951938,0.011171671946945043,0
PDice1(obs3),0.16782312925170068,0.139663276991466,0.011228313348531523,0
PDice1(obs4),0.16510204081632654,0.13784804564364608,0.01115510638995509,0
PDice1(obs5),0.16459183673469388,0.13750604109122133,0.011141259742986161,0
PDice1(obs6),0.16846938775510203,0.14009221818595802,0.011245542622767519,0
