Property,ObtainedValue,Variance,CI,Problems
PDice1(obs1),0.1712962962962963,0.1419773502624503,0.02496035267128824,0
PDice1(obs2),0.17724867724867724,0.14585570001478718,0.025298972732920578,0
PDice1(obs3),0.16319444444444445,0.13658460117964832,0.024481727152392878,0
PDice1(obs4),0.15873015873015872,0.13355697827336657,0.024208867657800507,0
PDice1(obs5),0.1605489417989418,0.13479526666334174,0.024320836329658646,0
PDice1(obs6),0.16898148148148148,0.14044996294458836,0.02482572832516175,0
