Property,ObtainedValue,Variance,CI,Problems
PDice1(obs1),0.16730303594710375,0.1393192173151132,0.013121270555800087,0
PDice1(obs2),0.1671167815235612,0.13919524428926375,0.013115431283652916,0
PDice1(obs3),0.16674427267647607,0.13894709008361067,0.01310373511787382,0
PDice1(obs4),0.16371763829390948,0.13692054871984236,0.013007825225618995,0
PDice1(obs5),0.1661855094058484,0.13857433839024572,0.013086146697310709,0
PDice1(obs6),0.16893276215310113,0.1404010216022607,0.013172114934489838,0
