Property,ObtainedValue,Variance,CI,Problems
PDice1(obs1),0.16967953985209533,0.140892528263395,0.010475306806586142,0
PDice1(obs2),0.1655710764174199,0.13816134957748838,0.010373278881048427,0
PDice1(obs3),0.16639276910435497,0.13871028610941474,0.010393865777827485,0
PDice1(obs4),0.16492546073482803,0.1377290949573079,0.010357039135495303,0
PDice1(obs5),0.1660406150956685,0.13847519295051233,0.010385054019742504,0
PDice1(obs6),0.1673905387956333,0.13937503644049032,0.010418741609620866,0
