Property,ObtainedValue,Variance,CI,Problems
PDice1(obs1),0.16985645933014354,0.14101729119470857,0.017882000500824287,0
PDice1(obs2),0.16772043745727958,0.13960222005223963,0.01779205371602474,0
PDice1(obs3),0.16302118933697882,0.13645694016449153,0.017590481725310497,0
PDice1(obs4),0.16473000683527,0.1376057888423139,0.01766437479603013,0
PDice1(obs5),0.16678058783321942,0.1389766976458648,0.01775214810711226,0
PDice1(obs6),0.16789131920710867,0.13971576157891408,0.017799287577894715,0
