Property,ObtainedValue,Variance,CI,Problems
PDice1(obs1),0.16627069282648682,0.13863006184425652,0.011873774912635736,0
PDice1(obs2),0.16749693439607602,0.13944705498197937,0.011908711570506724,0
PDice1(obs3),0.1671137339055794,0.13919206769257592,0.011897818692589024,0
PDice1(obs4),0.1637032495401594,0.13690974201818124,0.011799871542462946,0
PDice1(obs5),0.1661940527283875,0.1385788999163435,0.01187158368056437,0
PDice1(obs6),0.16922133660331085,0.14059086329027703,0.011957452166768407,0
