Property,ObtainedValue,Variance,CI,Problems
PDice1(obs1),0.1697857142857143,0.1409685946955395,0.016347232616791066,0
PDice1(obs2),0.1657142857142857,0.13826293714857185,0.01618959358648343,0
PDice1(obs3),0.16278571428571428,0.13629626095741532,0.016074039394166476,0
PDice1(obs4),0.16664285714285715,0.13888293551580214,0.016225851655338193,0
PDice1(obs5),0.16835714285714284,0.14002301695019032,0.016292314044424695,0
PDice1(obs6),0.1667142857142857,0.13893055626422296,0.016228633210079026,0
