Property,ObtainedValue,Variance,CI,Problems
PDice1(obs1),0.1670083647695588,0.1391222754046659,0.012304311522461697,0
PDice1(obs2),0.16721338363129407,0.13925877810110235,0.012310346357325821,0
PDice1(obs3),0.16655732327374118,0.13882167354992672,0.012291011355530864,0
PDice1(obs4),0.164220108249959,0.13725749237130086,0.012221570355653261,0
PDice1(obs5),0.16565524028210596,0.13821924915981024,0.012264313595503758,0
PDice1(obs6),0.169345579793341,0.14067342253879123,0.01237271499212309,0
