Property,ObtainedValue,Variance,CI,Problems
PDice1(obs1),0.168817003241087,0.1403221957005339,0.010773056477227993,0
PDice1(obs2),0.16585639491398654,0.13835236283441155,0.010697173531119583,0
PDice1(obs3),0.16676015956120668,0.13895553919618486,0.010720466465356524,0
PDice1(obs4),0.16526427324856643,0.13795629254722636,0.010681850810503577,0
PDice1(obs5),0.1648903016704064,0.13770578158948735,0.010672147967255054,0
PDice1(obs6),0.16841186736474695,0.1400536749699538,0.010762743874085356,0
