Property,ObtainedValue,Variance,CI,Problems
PDice1(obs1),0.16686251468860164,0.13902525041331765,0.012443716910668999,0
PDice1(obs2),0.16711431928823234,0.13919296514853985,0.012451220459996946,0
PDice1(obs3),0.16690448212187342,0.13905321167588489,0.012444968210493079,0
PDice1(obs4),0.16375692462648983,0.13694634154981478,0.012350328147470516,0
PDice1(obs5),0.16602316602316602,0.13846528539943573,0.01241863126356217,0
PDice1(obs6),0.16933859325163672,0.14066893760144566,0.012517061419679744,0
