Property,ObtainedValue,Variance,CI,Problems
PDice1(obs1),0.16833310505410218,0.14000186472465273,0.011279577056214348,0
PDice1(obs2),0.16569647993425557,0.13824589027148365,0.01120861675858317,0
PDice1(obs3),0.16775099301465551,0.13961537805092636,0.011263997195864003,0
PDice1(obs4),0.1647719490480756,0.1376268664582632,0.011183494184838732,0
PDice1(obs5),0.16473770716340227,0.1376039068190553,0.011182561301209402,0
PDice1(obs6),0.16870976578550884,0.14025158319264452,0.01128963215010767,0
