Property,ObtainedValue,Variance,CI,Problems
PDice1(obs1),0.1679243332644201,0.13973297365089674,0.013844538602143732,0
PDice1(obs2),0.16601199090345256,0.13845916603184527,0.01378129063213878,0
PDice1(obs3),0.16565019640272896,0.13821735258847645,0.013769251134394814,0
PDice1(obs4),0.16394459375646062,0.1370738485865771,0.013712174744212949,0
PDice1(obs5),0.1677175935497209,0.13959561735313772,0.013837732398606863,0
PDice1(obs6),0.16875129212321688,0.14028154397155618,0.01387168775479785,0
