Property,ObtainedValue,Variance,CI,Problems
PDice1(obs1),0.16958430913348946,0.14082959387539726,0.010460082446730384,0
PDice1(obs2),0.1656615925058548,0.1382218755821121,0.010362786129064753,0
PDice1(obs3),0.16642271662763466,0.13873025720811197,0.010381825860500819,0
PDice1(obs4),0.16507611241217798,0.13783002435983865,0.010348086746556493,0
PDice1(obs5),0.16577868852459016,0.1383001635552928,0.010365720421033758,0
PDice1(obs6),0.16747658079625294,0.13943225742160592,0.010408059674467424,0
