Property,ObtainedValue,Variance,CI,Problems
PDice1(obs1),0.1704984204984205,0.14144112057670635,0.018149250677675824,0
PDice1(obs2),0.1683924183924184,0.14004870110618245,0.018059694422522924,0
PDice1(obs3),0.16198666198666198,0.13575889618013356,0.017780951774004,0
PDice1(obs4),0.16461916461916462,0.13753176368358466,0.01789667539827498,0
PDice1(obs5),0.16654966654966655,0.13882305685728238,0.01798049553700678,0
PDice1(obs6),0.16795366795366795,0.1397574971072119,0.01804090884352202,0
