Property,ObtainedValue,Variance,CI,Problems
PDice1(obs1),0.1661695447409733,0.13856266523673294,0.012013525583927202,0
PDice1(obs2),0.1673469387755102,0.13934740975160817,0.012047496631657741,0
PDice1(obs3),0.16679748822605966,0.1389815406821008,0.012031670347311202,0
PDice1(obs4),0.16397174254317112,0.1370903905041262,0.011949531272958207,0
PDice1(obs5),0.1661695447409733,0.13856266523673294,0.012013525583927202,0
PDice1(obs6),0.1695447409733124,0.1408048478745355,0.012110335288984657,0
