Property,ObtainedValue,Variance,CI,Problems
PDice1(obs1),0.1574074074074074,0.13271809201656984,0.0482654371942519,0
PDice1(obs2),0.167989417989418,0.13986147440813224,0.04954732709367744,0
PDice1(obs3),0.16997354497354497,0.14117590929305027,0.04977960847455242,0
PDice1(obs4),0.1765873015873016,0.1455004569663736,0.05053629026019323,0
PDice1(obs5),0.16335978835978837,0.13676382016884994,0.04899556738348994,0
PDice1(obs6),0.16468253968253968,0.13765324130976017,0.0491546265291618,0
