Property,ObtainedValue,Variance,CI,Problems
PDice1(obs1),0.1686856640723073,0.14023521186364588,0.010807505519931202,0
PDice1(obs2),0.16604946020587497,0.13848138298498935,0.01073971173465974,0
PDice1(obs3),0.1668340446899322,0.13900480866297335,0.01075998933036653,0
PDice1(obs4),0.1654217926186292,0.13806175598993206,0.010723427624535768,0
PDice1(obs5),0.16463720813457194,0.13753611418027292,0.010702994532014965,0
PDice1(obs6),0.1683718302786844,0.1400271515725091,0.01079948525392887,0
