Property,ObtainedValue,Variance,CI,Problems
PDice1(obs1),0.16626447876447875,0.13865406085717455,0.029799124088262394,0
PDice1(obs2),0.1759169884169884,0.1450051932039622,0.030473966095254223,0
PDice1(obs3),0.16288610038610038,0.13638713063948402,0.029554519176723634,0
PDice1(obs4),0.16674710424710426,0.13897604416250325,0.029833703878357317,0
PDice1(obs5),0.15926640926640925,0.13393293987066615,0.029287405668712397,0
PDice1(obs6),0.16891891891891891,0.14041920269291738,0.029988203772601838,0
