Property,ObtainedValue,Variance,CI,Problems
PDice1(obs1),0.16827242524916944,0.13996456612590807,0.014341588372411049,0
PDice1(obs2),0.16578073089700995,0.13830513825208218,0.01425631753020921,0
PDice1(obs3),0.16583610188261352,0.1383421493361522,0.014258224930318114,0
PDice1(obs4),0.16406423034330012,0.13715475305901778,0.014196903604548798,0
PDice1(obs5),0.16749723145071982,0.13944963037053948,0.014315182397665776,0
PDice1(obs6),0.16854928017718715,0.14014818047182248,0.014350992389327601,0
