Property,ObtainedValue,Variance,CI,Problems
PDice1(obs1),0.1692942515651679,0.14063771016360216,0.0103061649725613,0
PDice1(obs2),0.16585088218554353,0.138348304124268,0.010221935038135642,0
PDice1(obs3),0.16610700056915195,0.1385194068606921,0.010228254091451942,0
PDice1(obs4),0.16462720546385884,0.13752900243010832,0.010191622832261719,0
PDice1(obs5),0.1663915765509391,0.13870936713926574,0.010235265009166482,0
PDice1(obs6),0.16772908366533865,0.13960001083913867,0.010268072410746924,0
