Property,ObtainedValue,Variance,CI,Problems
PDice1(obs1),0.16723356009070295,0.13929281786424644,0.026430265122250825,0
PDice1(obs2),0.17800453514739228,0.14634657491800349,0.02709121225000876,0
PDice1(obs3),0.16250944822373395,0.1361258504115647,0.026128077792595322,0
PDice1(obs4),0.1636432350718065,0.13688999403285118,0.026201310257324698,0
PDice1(obs5),0.16005291005291006,0.13446138446138448,0.025967847186020788,0
PDice1(obs6),0.16855631141345426,0.14017156874299733,0.026513503811517618,0
