Property,ObtainedValue,Variance,CI,Problems
PDice1(obs1),0.1665024630541872,0.13881358338885671,0.030123126192808772,0
PDice1(obs2),0.1751231527093596,0.1444906229178727,0.03073292457741398,0
PDice1(obs3),0.1623152709359606,0.13600252191505346,0.029816560188300777,0
PDice1(obs4),0.1665024630541872,0.13881358338885671,0.030123126192808772,0
PDice1(obs5),0.16108374384236454,0.135169064185044,0.029725058088241423,0
PDice1(obs6),0.1684729064039409,0.14012429958603215,0.030265007498114536,0
