Property,ObtainedValue,Variance,CI,Problems
PDice1(obs1),0.16588345864661655,0.1383986552750855,0.029377321816265036,0
PDice1(obs2),0.17645676691729323,0.14535392903527916,0.030106457256147138,0
PDice1(obs3),0.16423872180451127,0.13729662360955266,0.029260126152195524,0
PDice1(obs4),0.16517857142857142,0.13792701863354037,0.029327222898408865,0
PDice1(obs5),0.1600093984962406,0.13443797876006114,0.028953912177442163,0
PDice1(obs6),0.16823308270676693,0.13996359877366743,0.029542947038315982,0
