Property,ObtainedValue,Variance,CI,Problems
PDice1(obs1),0.1719155844155844,0.14238373049259556,0.02476776981773255,0
PDice1(obs2),0.1758116883116883,0.14492546542595253,0.02498786040268237,0
PDice1(obs3),0.16396103896103897,0.13710007316924025,0.02430387721553951,0
PDice1(obs4),0.15876623376623378,0.13358120204199114,0.023989952758796926,0
PDice1(obs5),0.16087662337662337,0.13501725381291868,0.02411855887236175,0
PDice1(obs6),0.16866883116883116,0.14024242318811242,0.02458082317857204,0
