Property,ObtainedValue,Variance,CI,Problems
PDice1(obs1),0.16621475054229934,0.13859277572818104,0.011936387123366886,0
PDice1(obs2),0.1675317632475984,0.13947027402495205,0.011974115036472237,0
PDice1(obs3),0.16714440656956925,0.13921254641302766,0.011963046415940164,0
PDice1(obs4),0.1636581964673071,0.1368794933149575,0.011862378944958538,0
PDice1(obs5),0.16629222187790518,0.13864448930769524,0.011938613847418006,0
PDice1(obs6),0.16915866129532073,0.14054945288101237,0.012020351810075904,0
