Property,ObtainedValue,Variance,CI,Problems
PDice1(obs1),0.16962496421414258,0.14086241749427256,0.016357440736921212,0
PDice1(obs2),0.16561694818207845,0.13819786571517217,0.016201993542818052,0
PDice1(obs3),0.1628256513026052,0.13632321546679357,0.016091728532128133,0
PDice1(obs4),0.16669052390495276,0.13891473551108474,0.016243961255231233,0
PDice1(obs5),0.16847981677640997,0.14010439562725152,0.016313369280232307,0
PDice1(obs6),0.16676209561981106,0.1389624448647799,0.016246750456680233,0
