Property,ObtainedValue,Variance,CI,Problems
PDice1(obs1),0.16953746085280655,0.14079875012493448,0.0106077949175483,0
PDice1(obs2),0.16553240183088413,0.13813558548304966,0.01050699441587417,0
PDice1(obs3),0.16601421344254397,0.13845766378448085,0.010519236390356807,0
PDice1(obs4),0.1649903637677668,0.13777269241173265,0.010493183988377501,0
PDice1(obs5),0.16577330763671405,0.13829668267112022,0.010513119390967222,0
PDice1(obs6),0.1681522524692845,0.13988128473549297,0.010573177455382636,0
