Property,ObtainedValue,Variance,CI,Problems
PDice1(obs1),0.16958320076360164,0.1408359411321296,0.017242555764082727,0
PDice1(obs2),0.16679923639834554,0.13898830652077554,0.01712907933132742,0
PDice1(obs3),0.16369710467706014,0.1369112527702339,0.017000608303080315,0
PDice1(obs4),0.1657651924912504,0.13829809393431183,0.017086495099523057,0
PDice1(obs5),0.1675946547884187,0.13951778397588113,0.017161675023800026,0
PDice1(obs6),0.16656061088132357,0.13882921651535346,0.01711927330650584,0
