Property,ObtainedValue,Variance,CI,Problems
PDice1(obs1),0.16972257653061223,0.1409280582449435,0.017267433281083665,0
PDice1(obs2),0.16709183673469388,0.1391832504348307,0.017160207693105504,0
PDice1(obs3),0.16358418367346939,0.13683530695224755,0.017014850515742842,0
PDice1(obs4),0.16557716836734693,0.1381723847007112,0.017097778207845863,0
PDice1(obs5),0.16749043367346939,0.13944850505078857,0.017176551820869856,0
PDice1(obs6),0.16653380102040816,0.13881136009474346,0.017137266771472117,0
