Property,ObtainedValue,Variance,CI,Problems
PDice1(obs1),0.16643475572047,0.1387395903470162,0.01192977568914326,0
PDice1(obs2),0.16743970315398887,0.13940903737532065,0.011958522862492044,0
PDice1(obs3),0.16713048855906,0.13920326881336728,0.011949694178329626,0
PDice1(obs4),0.16349721706864564,0.1367711635344451,0.011844843984300992,0
PDice1(obs5),0.16628014842300556,0.138636419213955,0.011925339185568293,0
PDice1(obs6),0.16921768707482993,0.1405884954577092,0.012009003339248354,0
