Property,ObtainedValue,Variance,CI,Problems
PDice1(obs1),0.16795099782651648,0.13975036345353178,0.013535533683394711,0
PDice1(obs2),0.16671606401896857,0.13892868072597842,0.013495682943726724,0
PDice1(obs3),0.1662220904959494,0.1385991535583229,0.013479668128147583,0
PDice1(obs4),0.16306065994862676,0.13647862280835762,0.013376152967297814,0
PDice1(obs5),0.1673582295988935,0.13935633641846312,0.013516438452629178,0
PDice1(obs6),0.16869195811104526,0.14024190895869093,0.013559317129768602,0
