Property,ObtainedValue,Variance,CI,Problems
PDice1(obs1),0.16968015276285953,0.14089300227473125,0.010562475051329779,0
PDice1(obs2),0.16547320682659028,0.13809594494822408,0.010457104485596093,0
PDice1(obs3),0.16615944623463422,0.1385546186459592,0.010474456271988621,0
PDice1(obs4),0.1648466404105502,0.13767633333527404,0.010441205174478526,0
PDice1(obs5),0.16592075426661893,0.13839518679765275,0.010468428170530269,0
PDice1(obs6),0.16791979949874686,0.13972690939642107,0.010518674374132592,0
