Property,ObtainedValue,Variance,CI,Problems
PDice1(obs1),0.16915814319433517,0.14054761508331984,0.01023780903856275,0
PDice1(obs2),0.1657581207148477,0.1382862518870125,0.010155113626411359,0
PDice1(obs3),0.1662077104642014,0.1385866016411681,0.010166135804983016,0
PDice1(obs4),0.16454984826345959,0.13747705871720517,0.010125358299906845,0
PDice1(obs5),0.1665449027762167,0.1388115986524676,0.010174384879977467,0
PDice1(obs6),0.16778127458693942,0.1396346421289062,0.010204503346653349,0
