Property,ObtainedValue,Variance,CI,Problems
PDice1(obs1),0.17350848385331144,0.14342291535158083,0.02282217751010076,0
PDice1(obs2),0.17391899288451013,0.1436908389275746,0.022843484239362596,0
PDice1(obs3),0.16502463054187191,0.13781035932208874,0.02237117208056273,0
PDice1(obs4),0.15886699507389163,0.13364656065679648,0.022030618975318463,0
PDice1(obs5),0.16146688560481665,0.13541385999539024,0.022175803509921814,0
PDice1(obs6),0.16721401204159825,0.13927254376422157,0.022489539345822717,0
