Property,ObtainedValue,Variance,CI,Problems
PDice1(obs1),0.16880116186955374,0.1403119609902328,0.011086686736621327,0
PDice1(obs2),0.16550039609189332,0.1381145738239065,0.01099953137979477,0
PDice1(obs3),0.16781093213625561,0.13965503287734862,0.011060702847109933,0
PDice1(obs4),0.16510430419857408,0.13784942302025854,0.010988967919212233,0
PDice1(obs5),0.1645431740163718,0.13747325557116313,0.010973964171542248,0
PDice1(obs6),0.16824003168735147,0.13993994251492226,0.011071979545031606,0
