Property,ObtainedValue,Variance,CI,Problems
PDice1(obs1),0.167206120347212,0.1392533555339528,0.011658999377610836,0
PDice1(obs2),0.1667279682212741,0.13893486298793412,0.011645658837165632,0
PDice1(obs3),0.1669486538178608,0.1390819163688796,0.011651820287780916,0
PDice1(obs4),0.1640429601294689,0.13713791142172985,0.01157010259872158,0
PDice1(obs5),0.1656613211711049,0.13822273179995379,0.01161577472075386,0
PDice1(obs6),0.1694129763130793,0.14071739548688553,0.011720127566504984,0
