Property,ObtainedValue,Variance,CI,Problems
PDice1(obs1),0.16930163785259328,0.14064259243682029,0.010302240200685677,0
PDice1(obs2),0.16591787989080983,0.13839307222217204,0.010219518050843292,0
PDice1(obs3),0.1661169244767971,0.13852603085866158,0.010224425980721225,0
PDice1(obs4),0.16458143767060965,0.13749829780085057,0.010186427551890405,0
PDice1(obs5),0.1664012738853503,0.1387158343112273,0.010231428155866858,0
PDice1(obs6),0.16768084622383986,0.13956794863986172,0.010262805246342451,0
