Property,ObtainedValue,Variance,CI,Problems
PDice1(obs1),0.16864189622037157,0.14020929207409355,0.014094296353860334,0
PDice1(obs2),0.16575912876361307,0.13829042257161825,0.013997518576605522,0
PDice1(obs3),0.16575912876361307,0.13829042257161825,0.013997518576605522,0
PDice1(obs4),0.16389066837497332,0.13703783290207847,0.013933981890341842,0
PDice1(obs5),0.16762758915225284,0.13953602957994374,0.014060416360013928,0
PDice1(obs6),0.16832158872517616,0.1399969051705472,0.014083617395350492,0
