Property,ObtainedValue,Variance,CI,Problems
PDice1(obs1),0.16832983193277312,0.1400022526737466,0.013969508139055337,0
PDice1(obs2),0.16591386554621848,0.13839372334363653,0.013889026293796927,0
PDice1(obs3),0.16565126050420168,0.13821817975575124,0.013880214827884676,0
PDice1(obs4),0.16381302521008403,0.13698551259886277,0.013818182455450892,0
PDice1(obs5),0.16759453781512604,0.13951393612227178,0.013945124600387262,0
PDice1(obs6),0.16869747899159665,0.14024600543510646,0.013981663748273589,0
