Property,ObtainedValue,Variance,CI,Problems
PDice1(obs1),0.16875168146354588,0.1402839867631643,0.01582431242916941,0
PDice1(obs2),0.16612859833198818,0.13853920509315862,0.015725597106411648,0
PDice1(obs3),0.16451439332795265,0.13745865298445065,0.015664150275021025,0
PDice1(obs4),0.1657923056228141,0.13831451985200532,0.015712839911312813,0
PDice1(obs5),0.16801183750336293,0.13979326225308397,0.015796610832486176,0
PDice1(obs6),0.16680118375033628,0.13898789697310593,0.015751042047681334,0
