Property,ObtainedValue,Variance,CI,Problems
PDice1(obs1),0.1687102633969119,0.14025165991087882,0.010988246794543046,0
PDice1(obs2),0.16595302971324769,0.13841711162250706,0.010916144887590575,0
PDice1(obs3),0.1670883612300506,0.1391743553152759,0.010945963842271277,0
PDice1(obs4),0.16543402101985208,0.1380700844324376,0.010902452301525412,0
PDice1(obs5),0.164558193849747,0.13748325437441963,0.010879258648258946,0
PDice1(obs6),0.16825613079019072,0.13995054496354756,0.010976444783812572,0
