Property,ObtainedValue,Variance,CI,Problems
PDice1(obs1),0.16729323308270677,0.13956855415374597,0.08344206605603828,0
PDice1(obs2),0.16917293233082706,0.14081814706257167,0.08381477274402196,0
PDice1(obs3),0.15977443609022557,0.1344993840533537,0.08191273121163278,0
PDice1(obs4),0.18421052631578946,0.15056001585885617,0.08666546768615707,0
PDice1(obs5),0.16729323308270677,0.13956855415374597,0.08344206605603828,0
PDice1(obs6),0.15225563909774437,0.12931693640881864,0.08031912392400645,0
