Property,ObtainedValue,Variance,CI,Problems
PDice1(obs1),0.16641337386018237,0.13872551099339206,0.012134461182709635,0
PDice1(obs2),0.1675731882898736,0.13949799388335118,0.012168199212004127,0
PDice1(obs3),0.16617341225403937,0.1385653510412537,0.012127454483052488,0
PDice1(obs4),0.16405375139977604,0.137145602997965,0.012065165241894625,0
PDice1(obs5),0.16649336106223003,0.1387788720512713,0.012136794731263697,0
PDice1(obs6),0.16929291313389858,0.14063844733448816,0.012217837979790671,0
