Property,ObtainedValue,Variance,CI,Problems
PDice1(obs1),0.16913426763110306,0.1405318378672605,0.010265542033056694,0
PDice1(obs2),0.16588494575045207,0.13837104019380905,0.010186315547923637,0
PDice1(obs3),0.16636528028933092,0.13869179253641942,0.010198114958122234,0
PDice1(obs4),0.1643874321880651,0.1373680856582136,0.010149331683153111,0
PDice1(obs5),0.1664500452079566,0.1387483479890347,0.010200194029317863,0
PDice1(obs6),0.16777802893309224,0.13963250725312365,0.010232642250357638,0
