Property,ObtainedValue,Variance,CI,Problems
PDice1(obs1),0.1670630202140309,0.13915887707470176,0.012523494214436706,0
PDice1(obs2),0.16668082215050112,0.13890422444724523,0.012512030335539664,0
PDice1(obs3),0.16676575505350774,0.1389608391686786,0.012514579908637594,0
PDice1(obs4),0.16383556989977918,0.1369992938092603,0.012425939246957509,0
PDice1(obs5),0.16646848989298454,0.13876262452199858,0.012505651284366124,0
PDice1(obs6),0.16918634278919653,0.14056829363943776,0.012586754112401805,0
