Property,ObtainedValue,Variance,CI,Problems
PDice1(obs1),0.16709183673469388,0.13917827632482507,0.012746054518647116,0
PDice1(obs2),0.16713581984517945,0.13920756035136655,0.012747395375054002,0
PDice1(obs3),0.16665200562983815,0.13888522325350972,0.012732628433639755,0
PDice1(obs4),0.1637491203377903,0.13694136903375442,0.012643210759723454,0
PDice1(obs5),0.16652005629838143,0.13879723188275028,0.01272859438699403,0
PDice1(obs6),0.16885116115411683,0.14034661941189117,0.012799441595435201,0
