Property,ObtainedValue,Variance,CI,Problems
PDice1(obs1),0.16942021864635795,0.1407213295374518,0.010709228055154492,0
PDice1(obs2),0.16555091512099251,0.13814805197870986,0.010610860009567624,0
PDice1(obs3),0.16674855668836752,0.1389477424433303,0.010641526961107383,0
PDice1(obs4),0.1652131187814765,0.13792197957668695,0.010602174382923778,0
PDice1(obs5),0.1649367399582361,0.1377368414975375,0.010595056136228714,0
PDice1(obs6),0.16813045080456945,0.13986689745554715,0.010676666395537783,0
