Property,ObtainedValue,Variance,CI,Problems
PDice1(obs1),0.16849122046390635,0.1401095222794274,0.014195777326235082,0
PDice1(obs2),0.16556470843269022,0.13816052331787607,0.014096696094774942,0
PDice1(obs3),0.1660524604378929,0.13848654605269614,0.01411331855410432,0
PDice1(obs4),0.16404725774983742,0.13714318740400208,0.014044700154124193,0
PDice1(obs5),0.16724474311727727,0.13928148733077245,0.014153767267853475,0
PDice1(obs6),0.16859960979839583,0.1401813784573839,0.014199417062968062,0
