Property,ObtainedValue,Variance,CI,Problems
PDice1(obs1),0.1687516204303863,0.14027905728144477,0.010984332776640557,0
PDice1(obs2),0.16599688877365829,0.1384464085464697,0.010912345537484072,0
PDice1(obs3),0.16700155561317087,0.1391165446094743,0.010938723717092511,0
PDice1(obs4),0.1655107596577651,0.13812142441833716,0.01089953038857164,0
PDice1(obs5),0.16450609281825254,0.13744829275172743,0.010872938641885911,0
PDice1(obs6),0.16823308270676693,0.1399352476962947,0.010970863782146801,0
