Property,ObtainedValue,Variance,CI,Problems
PDice1(obs1),0.16752985181988203,0.13946861670406033,0.01153803048397471,0
PDice1(obs2),0.16605524384980577,0.13848588062962439,0.011497308478128668,0
PDice1(obs3),0.1669543950510718,0.1390856273845601,0.011522177525826427,0
PDice1(obs4),0.1646166019277802,0.13752292245356795,0.011457265621117025,0
PDice1(obs5),0.1652639907926917,0.13795676589963607,0.011475323503572131,0
PDice1(obs6),0.16957991655876853,0.14082763347212193,0.011594108918964336,0
