Property,ObtainedValue,Variance,CI,Problems
PDice1(obs1),0.16858407079646018,0.14016791195586717,0.010843091927802194,0
PDice1(obs2),0.16621365360303414,0.13859105520723297,0.01078192827774321,0
PDice1(obs3),0.16665613147914032,0.13888625489776835,0.010793404952164633,0
PDice1(obs4),0.16554993678887484,0.13814752144820866,0.010764661718256581,0
PDice1(obs5),0.16463337547408344,0.13753357398007204,0.010740715230233781,0
PDice1(obs6),0.16836283185840709,0.14002121415627122,0.010837416327329681,0
