Property,ObtainedValue,Variance,CI,Problems
PDice1(obs1),0.17312105565117614,0.14317069083761733,0.023345084288037724,0
PDice1(obs2),0.17484222604704533,0.14429311812489626,0.023436415841409427,0
PDice1(obs3),0.1646586345381526,0.13756589980636935,0.02288357022024917,0
PDice1(obs4),0.15877796901893287,0.1335866860272617,0.02255017798795752,0
PDice1(obs5),0.16121629374641422,0.1352449986844112,0.02268971250148551,0
PDice1(obs6),0.16738382099827884,0.13938646978841038,0.023034495006388826,0
