Property,ObtainedValue,Variance,CI,Problems
PDice1(obs1),0.1712624584717608,0.14195520938953557,0.025016381825750708,0
PDice1(obs2),0.1775747508305648,0.14606622219008578,0.0253760328645397,0
PDice1(obs3),0.16262458471760796,0.13620045382313703,0.024504063370800057,0
PDice1(obs4),0.15946843853820597,0.13406052483856493,0.02431080205860283,0
PDice1(obs5),0.15996677740863788,0.1343997330711882,0.024341538975363893,0
PDice1(obs6),0.1691029900332226,0.14053051273403877,0.024890530044568416,0
