Property,ObtainedValue,Variance,CI,Problems
PDice1(obs1),0.16796040450078337,0.1397546833304777,0.011492136567147275,0
PDice1(obs2),0.16621563879789203,0.13859293515975643,0.01144427115714818,0
PDice1(obs3),0.1667141432844324,0.13892548449746422,0.01145799301302578,0
PDice1(obs4),0.1646845178749466,0.13756842590992316,0.011401893419409954,0
PDice1(obs5),0.1652542372881356,0.13795018640265508,0.01141770292217197,0
PDice1(obs6),0.16917105825380999,0.14055721618901645,0.011525085783954874,0
