Property,ObtainedValue,Variance,CI,Problems
PDice1(obs1),0.16852514201556912,0.14013178922634875,0.01398625705825787,0
PDice1(obs2),0.16584262571007785,0.13834612598685628,0.013896859720582577,0
PDice1(obs3),0.16552703555649065,0.13813510173603302,0.013886256989447055,0
PDice1(obs4),0.1636334946349674,0.13686477293096713,0.0138222585725692,0
PDice1(obs5),0.1676835682726699,0.13957313052163106,0.01395834994540442,0
PDice1(obs6),0.16878813381022512,0.14030607956461982,0.013994952130194197,0
