Property,ObtainedValue,Variance,CI,Problems
PDice1(obs1),0.170995670995671,0.14177009975494675,0.019240088684560216,0
PDice1(obs2),0.16951987406532862,0.14079673885520405,0.019173925912390682,0
PDice1(obs3),0.16351829988193625,0.13679352411652287,0.018899378210262,0
PDice1(obs4),0.16302636757182212,0.1364621970809299,0.018876476280833072,0
PDice1(obs5),0.16558441558441558,0.13817981192280118,0.01899490149344058,0
PDice1(obs6),0.16735537190082644,0.1393612626583385,0.01907593277679844,0
