Property,ObtainedValue,Variance,CI,Problems
PDice1(obs1),0.1736641221374046,0.1435244592224876,0.022786644324559645,0
PDice1(obs2),0.17393675027262814,0.14370234582851077,0.02280076102510789,0
PDice1(obs3),0.16494002181025083,0.13775358876749783,0.022323838648941212,0
PDice1(obs4),0.15853326063249729,0.1334186527449769,0.02196977905482477,0
PDice1(obs5),0.16112322791712105,0.13518096040926555,0.022114400864494146,0
PDice1(obs6),0.16780261723009815,0.13966393704018396,0.022478097677958067,0
