Property,ObtainedValue,Variance,CI,Problems
PDice1(obs1),0.16734564548252762,0.139347388015531,0.012938352353918704,0
PDice1(obs2),0.16725511497374615,0.1392871463569783,0.012935555343966789,0
PDice1(obs3),0.16653087090349447,0.1388046229661873,0.012913130004446969,0
PDice1(obs4),0.1633623030961434,0.1366812479347254,0.012813979523142952,0
PDice1(obs5),0.16634980988593157,0.13868382819560915,0.012907509953568071,0
PDice1(obs6),0.1691562556581568,0.14054877880609606,0.012994006994620777,0
