Property,ObtainedValue,Variance,CI,Problems
PDice1(obs1),0.1683576195015661,0.14001809851774727,0.011247924776817523,0
PDice1(obs2),0.165667983113169,0.13822680855848693,0.011175744283280059,0
PDice1(obs3),0.16791502110853873,0.1397243238532119,0.011236118837383473,0
PDice1(obs4),0.1649870625085115,0.13777102226971344,0.011157303732530788,0
PDice1(obs5),0.164578510145717,0.13749710537453966,0.011146206716144927,0
PDice1(obs6),0.1684938036224976,0.1401084118985482,0.011251551716370893,0
