Property,ObtainedValue,Variance,CI,Problems
PDice1(obs1),0.17328042328042328,0.14327537570959592,0.02364017574081908,0
PDice1(obs2),0.17533803644914756,0.14461586395945422,0.02375050733377286,0
PDice1(obs3),0.164021164021164,0.13713837732652961,0.023128338023930307,0
PDice1(obs4),0.1591710758377425,0.13385531748753857,0.02284981756734773,0
PDice1(obs5),0.1609347442680776,0.13505460165022123,0.022951951414762885,0
PDice1(obs6),0.16725455614344503,0.13930094298232537,0.02330998268628884,0
