Property,ObtainedValue,Variance,CI,Problems
PDice1(obs1),0.16107871720116618,0.135230928882963,0.051145571424909345,0
PDice1(obs2),0.17346938775510204,0.1434823382306971,0.052682847719435565,0
PDice1(obs3),0.16690962099125364,0.1391522223143712,0.051881806887230486,0
PDice1(obs4),0.17565597667638483,0.1449065715689214,0.05294367211858481,0
PDice1(obs5),0.16107871720116618,0.135230928882963,0.051145571424909345,0
PDice1(obs6),0.1618075801749271,0.13572481196292208,0.05123888185074857,0
