Property,ObtainedValue,Variance,CI,Problems
PDice1(obs1),0.1620879120879121,0.1358620767758521,0.03518848055858169,0
PDice1(obs2),0.18063186813186813,0.14805483935507982,0.03673353242472092,0
PDice1(obs3),0.1624313186813187,0.1360941210112457,0.035218517640232816,0
PDice1(obs4),0.16758241758241757,0.1395464720782481,0.03566242083755884,0
PDice1(obs5),0.15418956043956045,0.1304599406948256,0.03448180395061882,0
PDice1(obs6),0.17307692307692307,0.143170467457654,0.03612252592199844,0
