Property,ObtainedValue,Variance,CI,Problems
PDice1(obs1),0.16644054269752595,0.13874362490157705,0.012121686852188177,0
PDice1(obs2),0.16759776536312848,0.13951432161997127,0.012155307159774456,0
PDice1(obs3),0.16624102154828413,0.13861047544713867,0.012115868987013669,0
PDice1(obs4),0.16396648044692738,0.13708694408570077,0.012049099467687154,0
PDice1(obs5),0.16644054269752595,0.13874362490157705,0.012121686852188177,0
PDice1(obs6),0.16931364724660813,0.1406521487183304,0.012204773597108504,0
