Property,ObtainedValue,Variance,CI,Problems
PDice1(obs1),0.1685171477917592,0.14012776215118833,0.015145753031431819,0
PDice1(obs2),0.16685171477917593,0.13902079523301025,0.015085810982785481,0
PDice1(obs3),0.16463113742906488,0.13753620962320806,0.015005045041431143,0
PDice1(obs4),0.16518628176659264,0.1379082806383977,0.015025327596947906,0
PDice1(obs5),0.16709844559585493,0.1391851403911436,0.01509472528834769,0
PDice1(obs6),0.16771527263755243,0.1395954705877796,0.015116959211130177,0
