Property,ObtainedValue,Variance,CI,Problems
PDice1(obs1),0.16920511395219567,0.1405786504977635,0.010183010245022023,0
PDice1(obs2),0.16575875486381322,0.1382866334804252,0.010099656373363729,0
PDice1(obs3),0.16625903279599777,0.13862081952845662,0.010111852518081438,0
PDice1(obs4),0.16461923290717065,0.13752356328666246,0.010071752708684968,0
PDice1(obs5),0.16623123957754307,0.1386022667691352,0.010111175819428869,0
PDice1(obs6),0.16792662590327959,0.1397311577946131,0.010152269186718993,0
