Property,ObtainedValue,Variance,CI,Problems
PDice1(obs1),0.17008259406546344,0.14116530101708674,0.016926750726291708,0
PDice1(obs2),0.16687060263077394,0.13903543748066166,0.01679857231076516,0
PDice1(obs3),0.16373508718262467,0.1369363807527343,0.016671283693022027,0
PDice1(obs4),0.16518813092688894,0.13791155925031892,0.01673053980855233,0
PDice1(obs5),0.1673294585500153,0.13934096708929763,0.016817019566988826,0
PDice1(obs6),0.1667941266442337,0.13898447493605554,0.016795493324321478,0
