Property,ObtainedValue,Variance,CI,Problems
PDice1(obs1),0.16693183721319713,0.13907142172386144,0.012431183900152463,0
PDice1(obs2),0.16709931334784794,0.139182960282575,0.012436167952292207,0
PDice1(obs3),0.1669737062468598,0.13909931162280798,0.01243243033553745,0
PDice1(obs4),0.16370792162116898,0.1369133704501624,0.012334355880688796,0
PDice1(obs5),0.16601071847261764,0.13845695688381154,0.012403690898987508,0
PDice1(obs6),0.1692765030983085,0.14062785654957663,0.012500552909759138,0
