Property,ObtainedValue,Variance,CI,Problems
PDice1(obs1),0.16744096012388696,0.13941123157195717,0.013381005849983398,0
PDice1(obs2),0.16681184668989546,0.1389923807994933,0.013360889606139324,0
PDice1(obs3),0.1666182733255904,0.13886334438077685,0.01335468623852008,0
PDice1(obs4),0.16337591947348046,0.13669084333627884,0.013249808155300392,0
PDice1(obs5),0.16666666666666666,0.13889561051154237,0.013356237688350984,0
PDice1(obs6),0.16908633372048007,0.14050294487638013,0.013433296237759894,0
