Property,ObtainedValue,Variance,CI,Problems
PDice1(obs1),0.16893319250066016,0.14040403778905464,0.01568408639062861,0
PDice1(obs2),0.16583047266965936,0.13833985955329872,0.015568368124728232,0
PDice1(obs3),0.16418008978082915,0.13723404744933504,0.015506020832607447,0
PDice1(obs4),0.16589648798521256,0.1383839787214076,0.01557085044868759,0
PDice1(obs5),0.16807499339846846,0.13983502124562613,0.015652272615052802,0
PDice1(obs6),0.16708476366517033,0.1391766332054832,0.01561538118483078,0
