Property,ObtainedValue,Variance,CI,Problems
PDice1(obs1),0.16945466711274673,0.14075155536842954,0.017675866931043258,0
PDice1(obs2),0.1677818668450987,0.13964279172804114,0.01760610888265168,0
PDice1(obs3),0.16293074606891936,0.1363957261947089,0.017400210542012264,0
PDice1(obs4),0.1646035463365674,0.13752072110494648,0.017471821839479047,0
PDice1(obs5),0.16736366677818668,0.13936472628831856,0.01758857095638892,0
PDice1(obs6),0.1678655068584811,0.13969836283856366,0.017609611726198814,0
