Property,ObtainedValue,Variance,CI,Problems
PDice1(obs1),0.16951955436927005,0.1407867596199366,0.010411659094743427,0
PDice1(obs2),0.16563189044911222,0.1382019768887927,0.010315639602794663,0
PDice1(obs3),0.1663862132992921,0.1387058655156689,0.010334428061011437,0
PDice1(obs4),0.16490658001624695,0.1377163953691256,0.01029750132522152,0
PDice1(obs5),0.16603806429151677,0.1384734429471567,0.010325765985481765,0
PDice1(obs6),0.16751769757456192,0.13945956463296716,0.01036246759959239,0
