Property,ObtainedValue,Variance,CI,Problems
PDice1(obs1),0.16721384205856255,0.1392595514122755,0.012805089413033575,0
PDice1(obs2),0.16712511091393079,0.13920048392507312,0.012802373460453972,0
PDice1(obs3),0.16663708961845608,0.13887533126549886,0.012787412451015896,0
PDice1(obs4),0.16357586512866015,0.13682487178981453,0.012692659930402927,0
PDice1(obs5),0.1668145519077196,0.13899362371121055,0.01279285737885516,0
PDice1(obs6),0.1686335403726708,0.14020248959774073,0.012848368446145527,0
