Property,ObtainedValue,Variance,CI,Problems
PDice1(obs1),0.170223752151463,0.1412597829627684,0.01796194153856974,0
PDice1(obs2),0.16815834767641996,0.13989315678115805,0.017874843431144476,0
PDice1(obs3),0.16290877796901893,0.1363812447977147,0.017649050113170722,0
PDice1(obs4),0.16411359724612737,0.13719213099678415,0.01770144060609061,0
PDice1(obs5),0.16660929432013769,0.13886258767503343,0.017808881257007487,0
PDice1(obs6),0.16798623063683304,0.1397788861172994,0.01786754147457563,0
