Property,ObtainedValue,Variance,CI,Problems
PDice1(obs1),0.16721181046676095,0.13925817623676096,0.012781232374912705,0
PDice1(obs2),0.16703500707213578,0.1391404636111214,0.012775829351076991,0
PDice1(obs3),0.16650459688826025,0.13878695060433735,0.012759589308139162,0
PDice1(obs4),0.16358734087694485,0.13683257089751258,0.012669431349823164,0
PDice1(obs5),0.1668582036775106,0.13902268846383756,0.012770421169709268,0
PDice1(obs6),0.16880304101838756,0.14031477639352774,0.01282962857359335,0
