Property,ObtainedValue,Variance,CI,Problems
PDice1(obs1),0.16717246484085863,0.13923098472607578,0.01169424936216375,0
PDice1(obs2),0.16676535899333828,0.13895981688352707,0.011682855885700486,0
PDice1(obs3),0.16713545521835677,0.13920634680165442,0.011693214625607226,0
PDice1(obs4),0.16417468541820873,0.13722643678466362,0.01160976144960676,0
PDice1(obs5),0.16565507031828275,0.13821858341372242,0.011651655129309199,0
PDice1(obs6),0.16909696521095485,0.14050838172956615,0.01174777226217723,0
