Property,ObtainedValue,Variance,CI,Problems
PDice1(obs1),0.16933708414872797,0.14066633727744685,0.010684193080703057,0
PDice1(obs2),0.1656678082191781,0.13822621212330652,0.010591118852859769,0
PDice1(obs3),0.16655454990215265,0.13881837650010623,0.01061378090999902,0
PDice1(obs4),0.1651174168297456,0.13785787081060985,0.010576997981911557,0
PDice1(obs5),0.1651174168297456,0.13785787081060985,0.010576997981911557,0
PDice1(obs6),0.1682057240704501,0.1399168367393956,0.010655691223178351,0
