Property,ObtainedValue,Variance,CI,Problems
PDice1(obs1),0.16970298220298222,0.1409081160888725,0.010602977590166872,0
PDice1(obs2),0.16555435305435307,0.1381502623855238,0.010498704118089964,0
PDice1(obs3),0.16603535353535354,0.13847177772372432,0.01051091376826619,0
PDice1(obs4),0.16486291486291485,0.13768727339361378,0.01048109697160247,0
PDice1(obs5),0.1657948532948533,0.13831107789672864,0.01050481291364676,0
PDice1(obs6),0.16804954304954306,0.1398130972658225,0.01056169854567453,0
