Property,ObtainedValue,Variance,CI,Problems
PDice1(obs1),0.16760912698412697,0.13952322833080186,0.013552676428517726,0
PDice1(obs2),0.16686507936507936,0.1390280208847598,0.01352860390630791,0
PDice1(obs3),0.16592261904761904,0.13839916857412143,0.013497972901576978,0
PDice1(obs4),0.16324404761904762,0.1366022044389957,0.013410058280269244,0
PDice1(obs5),0.1675595238095238,0.13949024894942352,0.013551074597391678,0
PDice1(obs6),0.16879960317460319,0.140313257125692,0.01359099223737264,0
