Property,ObtainedValue,Variance,CI,Problems
PDice1(obs1),0.16789819376026272,0.13973707195731988,0.027589844633518806,0
PDice1(obs2),0.1752873563218391,0.14459137706859976,0.02806497323534588,0
PDice1(obs3),0.16358784893267653,0.13685495471169304,0.027303837972361245,0
PDice1(obs4),0.16461412151067323,0.13754454414872513,0.027372541292309153,0
PDice1(obs5),0.1615353037766831,0.13546945512784858,0.02716527635088586,0
PDice1(obs6),0.16707717569786534,0.13919096263230088,0.027535879636836038,0
