Property,ObtainedValue,Variance,CI,Problems
PDice1(obs1),0.16703485517918507,0.13913990452495142,0.012290987817963273,0
PDice1(obs2),0.16744395352642774,0.13941217928308028,0.012303007698929013,0
PDice1(obs3),0.1666257568319424,0.13886729503021308,0.012278941371678844,0
PDice1(obs4),0.16425298641793487,0.13727955895479244,0.012208544072558338,0
PDice1(obs5),0.1656030109638357,0.13818430682070093,0.012248708517904784,0
PDice1(obs6),0.1690394370806742,0.14047085243147953,0.012349632858358267,0
