Property,ObtainedValue,Variance,CI,Problems
PDice1(obs1),0.16615250751463376,0.13855133156393717,0.012059506512952692,0
PDice1(obs2),0.1675763328587249,0.13950002284845875,0.012100723118493696,0
PDice1(obs3),0.1669435215946844,0.13907888285997855,0.012082443729390855,0
PDice1(obs4),0.163937668090492,0.13706753018885853,0.011994757662593383,0
PDice1(obs5),0.16603385540262616,0.13847209093144702,0.012056057467805956,0
PDice1(obs6),0.16935611453883878,0.14068018500750276,0.012151801027301977,0
