Property,ObtainedValue,Variance,CI,Problems
PDice1(obs1),0.1681004089691158,0.1398475919343954,0.011439073043772584,0
PDice1(obs2),0.16598505147369905,0.13843889495687428,0.011381313832544026,0
PDice1(obs3),0.1667254265970949,0.13893295693764193,0.011401604613072661,0
PDice1(obs4),0.16489211676773374,0.1377075616076335,0.011351211901236242,0
PDice1(obs5),0.1653151882668171,0.13799094179800778,0.01136288539027452,0
PDice1(obs6),0.1689818079255394,0.140431907577227,0.011462945682259706,0
