Property,ObtainedValue,Variance,CI,Problems
PDice1(obs1),0.16720997123681688,0.13925747256944163,0.013310647353379165,0
PDice1(obs2),0.16720997123681688,0.13925747256944163,0.013310647353379165,0
PDice1(obs3),0.16653883029721955,0.1388103026773795,0.01328925924926678,0
PDice1(obs4),0.16323106423777564,0.136593231999155,0.01318270439807831,0
PDice1(obs5),0.16673058485139022,0.13893815743261254,0.013295378045520409,0
PDice1(obs6),0.1690795781399808,0.1404984096984653,0.013369822066202823,0
