Property,ObtainedValue,Variance,CI,Problems
PDice1(obs1),0.17167381974248927,0.142223719437132,0.024053380150732922,0
PDice1(obs2),0.17734518700183935,0.14591623771866807,0.024363625248269856,0
PDice1(obs3),0.16416309012875535,0.1372346053153615,0.023627725563350004,0
PDice1(obs4),0.15879828326180256,0.1336018670152955,0.023312903321580175,0
PDice1(obs5),0.16140404659717963,0.13537353042053807,0.02346696775537484,0
PDice1(obs6),0.16661557326793378,0.13887611097006836,0.02376861478563546,0
