Property,ObtainedValue,Variance,CI,Problems
PDice1(obs1),0.167427840701498,0.13940212541622782,0.012998683838402199,0
PDice1(obs2),0.16724515893313846,0.13928057675208252,0.012993015642141018,0
PDice1(obs3),0.16642309097552063,0.13873278175314926,0.012967439494697003,0
PDice1(obs4),0.1635915235659481,0.13683558632504106,0.012878468254244614,0
PDice1(obs5),0.16637742053343077,0.1387023090658466,0.012966015265956417,0
PDice1(obs6),0.168934965290464,0.1404023550303984,0.013045234167473182,0
