Property,ObtainedValue,Variance,CI,Problems
PDice1(obs1),0.1686330782312925,0.14020341444443843,0.014062505917980408,0
PDice1(obs2),0.16555059523809523,0.1381509378598636,0.013959193962966751,0
PDice1(obs3),0.16592261904761904,0.1383996589600496,0.013971754083270204,0
PDice1(obs4),0.1636373299319728,0.13686742817642603,0.013894197771635553,0
PDice1(obs5),0.1676764455782313,0.13956847271861178,0.014030627222823099,0
PDice1(obs6),0.16857993197278912,0.14016818792358823,0.014060739183982563,0
