Property,ObtainedValue,Variance,CI,Problems
PDice1(obs1),0.1688415750915751,0.14034213001430104,0.01460056952176461,0
PDice1(obs2),0.16632326007326007,0.13866776980293663,0.014513211697193653,0
PDice1(obs3),0.16546474358974358,0.13809406595398382,0.01448315815528283,0
PDice1(obs4),0.16403388278388278,0.1371346169046644,0.014432757463485447,0
PDice1(obs5),0.16775412087912087,0.13962066691679334,0.014562992263673994,0
PDice1(obs6),0.16758241758241757,0.13950653547700081,0.014557038864668284,0
