Property,ObtainedValue,Variance,CI,Problems
PDice1(obs1),0.16165413533834586,0.13564956606002307,0.058168178675778816,0
PDice1(obs2),0.15789473684210525,0.13308907263454967,0.0576165779863512,0
PDice1(obs3),0.16729323308270677,0.13943725730129652,0.05897469141533665,0
PDice1(obs4),0.17763157894736842,0.1462160221815121,0.060391211722687146,0
PDice1(obs5),0.162593984962406,0.13628526867498,0.05830431785751725,0
PDice1(obs6),0.17293233082706766,0.14316128986624604,0.05975703801413846,0
