Property,ObtainedValue,Variance,CI,Problems
PDice1(obs1),0.1745650183150183,0.14410856863990806,0.02092356415009433,0
PDice1(obs2),0.1704441391941392,0.14140912155007745,0.020726667228436746,0
PDice1(obs3),0.16220238095238096,0.1359083258374901,0.02031953634566871,0
PDice1(obs4),0.16185897435897437,0.13567617747640642,0.020302174778146737,0
PDice1(obs5),0.16266025641025642,0.13621749005621359,0.020342634654706787,0
PDice1(obs6),0.16826923076923078,0.13997071903482894,0.02062098276968571,0
