Property,ObtainedValue,Variance,CI,Problems
PDice1(obs1),0.1738180883864337,0.1436238116938398,0.022128852084325874,0
PDice1(obs2),0.17317574511819117,0.14320430368504156,0.02209651058299116,0
PDice1(obs3),0.1644398766700925,0.1374170574151717,0.021645418342791628,0
PDice1(obs4),0.15955806783144913,0.13411652059017604,0.021383894375106453,0
PDice1(obs5),0.1617420349434738,0.13559896929283907,0.02150175236606141,0
PDice1(obs6),0.1672661870503597,0.13930610618790076,0.021793688452052346,0
