Property,ObtainedValue,Variance,CI,Problems
PDice1(obs1),0.1686679871255261,0.14022777685440677,0.01517739291714302,0
PDice1(obs2),0.16656350581827184,0.13882869735951905,0.015101489232279398,0
PDice1(obs3),0.16452092102005447,0.13746229600301424,0.015026988352132483,0
PDice1(obs4),0.16520178261946025,0.13791869032427487,0.015051913546907492,0
PDice1(obs5),0.16736816043575142,0.1393646854956192,0.015130612971640218,0
PDice1(obs6),0.16767764298093588,0.13957048995138624,0.0151417807893252,0
