Property,ObtainedValue,Variance,CI,Problems
PDice1(obs1),0.16831852358168148,0.1399921826227902,0.011268388369207981,0
PDice1(obs2),0.1657552973342447,0.13828520482343598,0.011199477794281234,0
PDice1(obs3),0.16760082023239917,0.13951555342220562,0.011249189360574974,0
PDice1(obs4),0.16493506493506493,0.13773619661038916,0.011177224075558786,0
PDice1(obs5),0.16479835953520164,0.13764456441851253,0.011173505503516187,0
PDice1(obs6),0.16859193438140807,0.14017348466101076,0.011275682779184277,0
