Property,ObtainedValue,Variance,CI,Problems
PDice1(obs1),0.175062656641604,0.14443382236767505,0.02191694823875224,0
PDice1(obs2),0.17218045112781954,0.14255220706233562,0.021773718425850047,0
PDice1(obs3),0.16403508771929826,0.13714476377684404,0.021356753987148633,0
PDice1(obs4),0.15914786967418545,0.13383659675570678,0.021097600867379232,0
PDice1(obs5),0.16152882205513786,0.13545423591564446,0.021224717815584628,0
PDice1(obs6),0.1680451127819549,0.13982347459072547,0.021564315370444297,0
