Property,ObtainedValue,Variance,CI,Problems
PDice1(obs1),0.1671997157071784,0.13925015637147087,0.012812618083778104,0
PDice1(obs2),0.1671997157071784,0.13925015637147087,0.012812618083778104,0
PDice1(obs3),0.1666222459132907,0.13886544158763478,0.012794906746900831,0
PDice1(obs4),0.1634683724235963,0.13675253829155373,0.012697193358002942,0
PDice1(obs5),0.16688877043354655,0.139043085135319,0.012803088070322355,0
PDice1(obs6),0.16862117981520966,0.1401943050695866,0.012855980982131357,0
