Property,ObtainedValue,Variance,CI,Problems
PDice1(obs1),0.19155844155844157,0.15536824738779137,0.1157051928085148,0
PDice1(obs2),0.1525974025974026,0.1297326452049579,0.1057295426598602,0
PDice1(obs3),0.17532467532467533,0.14505689749989426,0.11179976977514634,0
PDice1(obs4),0.18506493506493507,0.1513071618934811,0.11418300270153163,0
PDice1(obs5),0.1525974025974026,0.1297326452049579,0.1057295426598602,0
PDice1(obs6),0.14285714285714285,0.12284783620288507,0.10288580801917031,0
