Property,ObtainedValue,Variance,CI,Problems
PDice1(obs1),0.17362637362637362,0.1434999675417315,0.02287216561301705,0
PDice1(obs2),0.17335164835164835,0.14332054125294955,0.022857861946295147,0
PDice1(obs3),0.16552197802197802,0.13814342855935108,0.022441221938409046,0
PDice1(obs4),0.15892857142857142,0.1336886444370302,0.02207641987730603,0
PDice1(obs5),0.16126373626373627,0.13527632554284566,0.02220712231733232,0
PDice1(obs6),0.1673076923076923,0.1393349678210236,0.02253779614701371,0
