Property,ObtainedValue,Variance,CI,Problems
PDice1(obs1),0.17357568027210885,0.14346241247110092,0.020117197782796376,0
PDice1(obs2),0.16911139455782312,0.14052766782805393,0.019910370439288012,0
PDice1(obs3),0.16337159863945577,0.13669584914331417,0.01963704269847212,0
PDice1(obs4),0.16241496598639457,0.13605080599264263,0.0195906560731649,0
PDice1(obs5),0.1644345238095238,0.13741041688813296,0.019688301413944235,0
PDice1(obs6),0.16709183673469388,0.13918694936250253,0.019815164360129693,0
