Property,ObtainedValue,Variance,CI,Problems
PDice1(obs1),0.17335473515248795,0.1433220419053345,0.022556355067403177,0
PDice1(obs2),0.17335473515248795,0.1433220419053345,0.022556355067403177,0
PDice1(obs3),0.16506153023006956,0.1378346584208822,0.02212033226098438,0
PDice1(obs4),0.15877474585339754,0.13358319420361434,0.021776513100887584,0
PDice1(obs5),0.16185125735687533,0.1356735757321981,0.021946236978934604,0
PDice1(obs6),0.16760299625468164,0.1395308957448674,0.022256026001366395,0
