Property,ObtainedValue,Variance,CI,Problems
PDice1(obs1),0.16791134666345459,0.1397255414986622,0.014944404482445486,0
PDice1(obs2),0.16682727053721993,0.13900430407829314,0.014905784453688065,0
PDice1(obs3),0.16556251505661287,0.13815988954462274,0.014860441129408238,0
PDice1(obs4),0.16477957118766562,0.1376355534078508,0.014832215595984573,0
PDice1(obs5),0.16706817634304988,0.13916478219745707,0.014914386209841994,0
PDice1(obs6),0.1678511202119971,0.13968553441963286,0.01494226484223295,0
