Property,ObtainedValue,Variance,CI,Problems
PDice1(obs1),0.1691348402182385,0.1405321579721622,0.010189258702339636,0
PDice1(obs2),0.16571094532902794,0.1382546764595467,0.010106357260001158,0
PDice1(obs3),0.16626767620532235,0.13862659493988835,0.010119941670597819,0
PDice1(obs4),0.16459748357643916,0.13750897975148277,0.010079065355551994,0
PDice1(obs5),0.16629551274913706,0.13864517459111586,0.01012061981856466,0
PDice1(obs6),0.167993541921835,0.13977560266407946,0.010161794736466192,0
