Property,ObtainedValue,Variance,CI,Problems
PDice1(obs1),0.1715315934065934,0.1421329105593016,0.025449761505542345,0
PDice1(obs2),0.1773695054945055,0.14593462147074976,0.025787875217231488,0
PDice1(obs3),0.1619162087912088,0.1357226541490452,0.024869242896309294,0
PDice1(obs4),0.16071428571428573,0.13490836829322145,0.024794527520073665,0
PDice1(obs5),0.15985576923076922,0.13432496631395394,0.024740858318769193,0
PDice1(obs6),0.16861263736263737,0.1402064898007711,0.02527670444329935,0
