Property,ObtainedValue,Variance,CI,Problems
PDice1(obs1),0.17119169096209913,0.14189802393459824,0.018523079889467057,0
PDice1(obs2),0.16891399416909622,0.14039484781872397,0.01842470789465615,0
PDice1(obs3),0.1622631195335277,0.13594618534039063,0.018130448141034372,0
PDice1(obs4),0.16271865889212828,0.1362537107260737,0.018150943101827254,0
PDice1(obs5),0.16709183673469388,0.1391848356654735,0.018345138148419635,0
PDice1(obs6),0.1678206997084548,0.13966963746123245,0.018377059818478512,0
