Property,ObtainedValue,Variance,CI,Problems
PDice1(obs1),0.17087608524072612,0.14169142776152563,0.019261298536948007,0
PDice1(obs2),0.1696921862667719,0.14091065018462284,0.019208156420367745,0
PDice1(obs3),0.1637726913970008,0.13696470964785187,0.018937302427875682,0
PDice1(obs4),0.16298342541436464,0.13643328872377597,0.018900528504526143,0
PDice1(obs5),0.16564719810576164,0.13822184059007658,0.019024011956127043,0
PDice1(obs6),0.1670284135753749,0.1391436503026039,0.01908734267862727,0
