Property,ObtainedValue,Variance,CI,Problems
PDice1(obs1),0.16703612479474547,0.13914076966255515,0.012312199216217614,0
PDice1(obs2),0.16720032840722496,0.13925009492989748,0.012317035218553343,0
PDice1(obs3),0.16658456486042694,0.1388398471118021,0.012298878088983762,0
PDice1(obs4),0.16420361247947454,0.137246420217665,0.012228098997434282,0
PDice1(obs5),0.16568144499178983,0.13823677852182503,0.012272138147223107,0
PDice1(obs6),0.16929392446633826,0.1406392649739653,0.012378320613323146,0
