Property,ObtainedValue,Variance,CI,Problems
PDice1(obs1),0.1689251263206247,0.14039748942662775,0.014626908281869744,0
PDice1(obs2),0.166054203031695,0.13848815646467633,0.014527108635340345,0
PDice1(obs3),0.16536518144235185,0.13802746353408135,0.014502925659970639,0
PDice1(obs4),0.16415939366100138,0.1372189660363593,0.014460387747738593,0
PDice1(obs5),0.16777675700505282,0.1396357344835622,0.014587173688585678,0
PDice1(obs6),0.16771933853927423,0.1395975774979489,0.014585180500351097,0
