Property,ObtainedValue,Variance,CI,Problems
PDice1(obs1),0.16714095996964523,0.1392114621764915,0.013237563882983184,0
PDice1(obs2),0.16714095996964523,0.1392114621764915,0.013237563882983184,0
PDice1(obs3),0.1668563839878581,0.13902192482714582,0.013228549297106876,0
PDice1(obs4),0.1633940428761146,0.13670291335634327,0.013117753224686151,0
PDice1(obs5),0.16642952001517738,0.1387373151006376,0.013215001424286952,0
PDice1(obs6),0.16903813318155947,0.14047090515301058,0.013297309030780637,0
