Property,ObtainedValue,Variance,CI,Problems
PDice1(obs1),0.16696535244922342,0.1390938585818728,0.012550450295352386,0
PDice1(obs2),0.16675200546168287,0.13895170312164468,0.01254403530645421,0
PDice1(obs3),0.16705069124423963,0.1391506952753916,0.01255301422322484,0
PDice1(obs4),0.1638931558286397,0.1370380366316277,0.012457356539155626,0
PDice1(obs5),0.16611196449906127,0.1385246905144081,0.012524745932258104,0
PDice1(obs6),0.1692268305171531,0.14059510945888504,0.01261799751891843,0
