Property,ObtainedValue,Variance,CI,Problems
PDice1(obs1),0.16733343031713704,0.1393380209896655,0.011597039454064147,0
PDice1(obs2),0.1664969450101833,0.13878075961969016,0.01157382591718642,0
PDice1(obs3),0.16682426534768693,0.13899898508274813,0.01158292195983255,0
PDice1(obs4),0.1644602851323829,0.13741809749523057,0.011516865142738187,0
PDice1(obs5),0.16515129473377946,0.1378813591785382,0.011536261544685454,0
PDice1(obs6),0.16973377945883036,0.14092934901857204,0.011663074199991578,0
