Property,ObtainedValue,Variance,CI,Problems
PDice1(obs1),0.16804073714839962,0.13980789081280054,0.011337167649511105,0
PDice1(obs2),0.1659276707773313,0.1384004730999613,0.011279958822957566,0
PDice1(obs3),0.16720936677289733,0.13925521829726764,0.011314737064766992,0
PDice1(obs4),0.16502701953720383,0.13779787573785848,0.011255375495013403,0
PDice1(obs5),0.16499237910489123,0.13777466651620893,0.01125442758669557,0
PDice1(obs6),0.1688028266592767,0.1403132928842396,0.011357640954068403,0
