Property,ObtainedValue,Variance,CI,Problems
PDice1(obs1),0.1694331983805668,0.1407296593507117,0.01039267626237875,0
PDice1(obs2),0.16550028918449972,0.13811393750533876,0.010295639660077436,0
PDice1(obs3),0.16636784268363217,0.1386935944081976,0.01031722216663331,0
PDice1(obs4),0.16477732793522268,0.13762974017250648,0.010277576681728717,0
PDice1(obs5),0.1661654135338346,0.1385584757753141,0.010312195299117371,0
PDice1(obs6),0.16775592828224406,0.13961791434207763,0.010351544508915584,0
