Property,ObtainedValue,Variance,CI,Problems
PDice1(obs1),0.17115732368896927,0.14187532202340006,0.01845112885946909,0
PDice1(obs2),0.16889692585895116,0.14038344719192325,0.01835386204425985,0
PDice1(obs3),0.16247739602169983,0.13609079657735831,0.01807107090039044,0
PDice1(obs4),0.16247739602169983,0.13609079657735831,0.01807107090039044,0
PDice1(obs5),0.166998191681736,0.13912237453330623,0.018271239169848894,0
PDice1(obs6),0.16799276672694394,0.13978383573752945,0.01831462322106867,0
