Property,ObtainedValue,Variance,CI,Problems
PDice1(obs1),0.16812716527409824,0.1398675474904711,0.01375205277996232,0
PDice1(obs2),0.16614020786631342,0.13854469771987324,0.013686865683339183,0
PDice1(obs3),0.16568167923374771,0.1382383033133873,0.013671722916166052,0
PDice1(obs4),0.16343998369675974,0.13673432171502495,0.013597147880530434,0
PDice1(obs5),0.1675157937640106,0.13946135782870195,0.01373206957726933,0
PDice1(obs6),0.1690951701650703,0.14050915219962967,0.013783558609593507,0
