Property,ObtainedValue,Variance,CI,Problems
PDice1(obs1),0.17199248120300753,0.14243337860552996,0.02433360892978049,0
PDice1(obs2),0.17653508771929824,0.14539322515123781,0.0245851420094276,0
PDice1(obs3),0.1638471177944862,0.13702270324094742,0.023866948812355376,0
PDice1(obs4),0.15899122807017543,0.13373396576982172,0.02357878909247072,0
PDice1(obs5),0.16102756892230577,0.13511885620364555,0.023700560463105393,0
PDice1(obs6),0.16760651629072681,0.13953642919770048,0.02408487732303617,0
