Property,ObtainedValue,Variance,CI,Problems
PDice1(obs1),0.1691773865944482,0.14056036371464706,0.010258471184189967,0
PDice1(obs2),0.1657921462423832,0.13830901223047123,0.010175984729517038,0
PDice1(obs3),0.16629993229519296,0.13864817612547853,0.010188453958020195,0
PDice1(obs4),0.16440983976529,0.13738311997765368,0.010141866610068774,0
PDice1(obs5),0.16649740464906343,0.13877993392279256,0.01019329386834863,0
PDice1(obs6),0.1678232904536222,0.13966257356310552,0.010225657139694404,0
