Property,ObtainedValue,Variance,CI,Problems
PDice1(obs1),0.16835839598997493,0.1400226198367653,0.015259128533907027,0
PDice1(obs2),0.16622807017543859,0.1386049833839565,0.015181687731957877,0
PDice1(obs3),0.16459899749373433,0.13751478373231155,0.015121863963090523,0
PDice1(obs4),0.16541353383458646,0.13806054706915796,0.015151841782257288,0
PDice1(obs5),0.1680451127819549,0.13981471317242916,0.015247795889861384,0
PDice1(obs6),0.16735588972431079,0.1393566275171606,0.01522279663545296,0
