Property,ObtainedValue,Variance,CI,Problems
PDice1(obs1),0.16725417439703155,0.139286675964762,0.013094155198307176,0
PDice1(obs2),0.1672077922077922,0.13925580542190774,0.013092704068555486,0
PDice1(obs3),0.1667439703153989,0.13894686333856585,0.013078172777851985,0
PDice1(obs4),0.16368274582560297,0.13689705412966496,0.012981346679776478,0
PDice1(obs5),0.16623376623376623,0.1386065300718114,0.013062146269564449,0
PDice1(obs6),0.16887755102040816,0.14036443419150674,0.013144716887911924,0
