Property,ObtainedValue,Variance,CI,Problems
PDice1(obs1),0.1699080622347949,0.14106425326124883,0.02572769401605541,0
PDice1(obs2),0.17698019801980197,0.14568396494821897,0.026145578241239257,0
PDice1(obs3),0.1623055162659123,0.1359864785265946,0.025260400887820438,0
PDice1(obs4),0.16071428571428573,0.13490905646078058,0.02516013269718376,0
PDice1(obs5),0.1601838755304102,0.1345487902333242,0.02512651595616054,0
PDice1(obs6),0.1699080622347949,0.14106425326124883,0.02572769401605541,0
