Property,ObtainedValue,Variance,CI,Problems
PDice1(obs1),0.16843447905477982,0.14006900688473414,0.011170388304689452,0
PDice1(obs2),0.1659170247046187,0.1383932109323309,0.011103365559506312,0
PDice1(obs3),0.16789742212674544,0.13971256737007887,0.011156166371806435,0
PDice1(obs4),0.16504430719656282,0.13780930957384782,0.011079917432525118,0
PDice1(obs5),0.16450725026852847,0.1374492285063926,0.011065432641679068,0
PDice1(obs6),0.16819951664876476,0.13991313558031082,0.011164171270321165,0
