Property,ObtainedValue,Variance,CI,Problems
PDice1(obs1),0.16964285714285715,0.14086837881219905,0.010583679750354177,0
PDice1(obs2),0.16550814956855225,0.13811934027815181,0.0104799009874136,0
PDice1(obs3),0.16613734419942475,0.13853987794499445,0.010495843155641917,0
PDice1(obs4),0.16496883988494726,0.13775824921628405,0.010466193004509376,0
PDice1(obs5),0.16571788111217642,0.1382596074777094,0.010485221072704099,0
PDice1(obs6),0.1680249280920422,0.1397967401725791,0.010543345882703076,0
