Property,ObtainedValue,Variance,CI,Problems
PDice1(obs1),0.16856636271529887,0.14015618164530758,0.010852246213281293,0
PDice1(obs2),0.1661600810536981,0.1385552954003797,0.010790090171542307,0
PDice1(obs3),0.16676165146909827,0.13895660265688056,0.01080570491431434,0
PDice1(obs4),0.16555851063829788,0.1381532643470329,0.010774424575288736,0
PDice1(obs5),0.16457700101317121,0.1374957650867092,0.010748755167131467,0
PDice1(obs6),0.16837639311043567,0.1400302169343857,0.010847368414366607,0
