Property,ObtainedValue,Variance,CI,Problems
PDice1(obs1),0.16712076583210603,0.13919654051651645,0.011662627733386765,0
PDice1(obs2),0.16678939617083946,0.1389758104254979,0.011653377093162729,0
PDice1(obs3),0.1670103092783505,0.13912298822170927,0.011659546024680362,0
PDice1(obs4),0.16399116347569956,0.13710310975659024,0.011574596103123115,0
PDice1(obs5),0.16561119293078055,0.13818921367492726,0.01162035150450716,0
PDice1(obs6),0.16947717231222387,0.14075984299299804,0.011727935783292941,0
