Property,ObtainedValue,Variance,CI,Problems
PDice1(obs1),0.17332766439909297,0.14330549488871855,0.02321663163903406,0
PDice1(obs2),0.17375283446712017,0.14358313606567125,0.023239110797555227,0
PDice1(obs3),0.16439909297052155,0.1373915027858533,0.022732527551241298,0
PDice1(obs4),0.15915532879818595,0.13384387891702867,0.02243711667784528,0
PDice1(obs5),0.16156462585034015,0.13548069830341775,0.02257389509174252,0
PDice1(obs6),0.16780045351473924,0.139663254860177,0.02291969683070485,0
