Property,ObtainedValue,Variance,CI,Problems
PDice1(obs1),0.1672212363206152,0.1392634431959869,0.011689557206930845,0
PDice1(obs2),0.1668145519077196,0.1389925959179343,0.011678184424628554,0
PDice1(obs3),0.16711032238982548,0.13918960856279766,0.011686458013855589,0
PDice1(obs4),0.1641156462585034,0.13718677288640158,0.011602073606395228,0
PDice1(obs5),0.16563146997929606,0.13820279567023158,0.011644957572250585,0
PDice1(obs6),0.1691067731440402,0.14051486743961106,0.011741961048761539,0
