Property,ObtainedValue,Variance,CI,Problems
PDice1(obs1),0.16547619047619047,0.13814864175126185,0.03814346255728443,0
PDice1(obs2),0.1757936507936508,0.1449477620875001,0.039070823238977266,0
PDice1(obs3),0.16468253968253968,0.13761681065174514,0.0380699712775573,0
PDice1(obs4),0.16626984126984126,0.13867921258750954,0.03821663886421777,0
PDice1(obs5),0.15674603174603174,0.13222918517678342,0.0373173216362531,0
PDice1(obs6),0.17103174603174603,0.14183617207634674,0.03864918192549309,0
