Property,ObtainedValue,Variance,CI,Problems
PDice1(obs1),0.16992824527071101,0.1410641390243691,0.017471867019927364,0
PDice1(obs2),0.1678897586431833,0.13971417980540532,0.01738806468374132,0
PDice1(obs3),0.16291585127201566,0.13638539746868733,0.01717967489930373,0
PDice1(obs4),0.1649543378995434,0.1377556368286083,0.017265759759335034,0
PDice1(obs5),0.1678082191780822,0.13966000855675667,0.017384693427873674,0
PDice1(obs6),0.16650358773646445,0.13879145998875803,0.017330551229355097,0
