Property,ObtainedValue,Variance,CI,Problems
PDice1(obs1),0.16941811049362537,0.14071944781213783,0.010086576224847965,0
PDice1(obs2),0.1651273363209094,0.1378640663099534,0.009998982487105783,0
PDice1(obs3),0.16631252043151357,0.13865644326056636,0.010012366572089423,0
PDice1(obs4),0.16489827171297308,0.13771059757625106,0.00999724079076279,0
PDice1(obs5),0.16614906832298137,0.1385473297272492,0.010008426258603355,0
PDice1(obs6),0.16802876757110166,0.13979890924405278,0.010053530624504666,0
