Property,ObtainedValue,Variance,CI,Problems
PDice1(obs1),0.16748271889400923,0.1394372778291654,0.01154254752340764,0
PDice1(obs2),0.16607862903225806,0.13850150438430942,0.011503750895231103,0
PDice1(obs3),0.16690668202764977,0.13905384778109148,0.011526666525361034,0
PDice1(obs4),0.16463853686635946,0.13753764071683666,0.011463652392110443,0
PDice1(obs5),0.16525057603686635,0.13794778959462767,0.011480732458563228,0
PDice1(obs6),0.16964285714285715,0.14086922978012087,0.01160166426624345,0
