Property,ObtainedValue,Variance,CI,Problems
PDice1(obs1),0.15497448979591838,0.13104096935519582,0.0470953029139252,0
PDice1(obs2),0.1683673469387755,0.14010913874164854,0.04869756857089242,0
PDice1(obs3),0.17028061224489796,0.14137528814972064,0.04891711072274888,0
PDice1(obs4),0.17857142857142858,0.1467772814294831,0.04984291870527079,0
PDice1(obs5),0.16326530612244897,0.1366969251006082,0.04810092397284081,0
PDice1(obs6),0.16454081632653061,0.13755486240443848,0.04825163339260085,0
