Property,ObtainedValue,Variance,CI,Problems
PDice1(obs1),0.1701058201058201,0.14118228000845517,0.01817735309932498,0
PDice1(obs2),0.1681657848324515,0.139898390362864,0.018094513328493482,0
PDice1(obs3),0.16208112874779543,0.13582281377207445,0.017828996905764935,0
PDice1(obs4),0.16428571428571428,0.13730802665893943,0.017926211281946422,0
PDice1(obs5),0.16675485008818342,0.13895992402180485,0.01803372039966844,0
PDice1(obs6),0.16860670194003527,0.14019084450927352,0.01811341652216451,0
