Property,ObtainedValue,Variance,CI,Problems
PDice1(obs1),0.1626984126984127,0.13629524597266532,0.04235865534946379,0
PDice1(obs2),0.17609126984126985,0.14515513608255545,0.04371374504640367,0
PDice1(obs3),0.16021825396825398,0.1346151384457836,0.04209676882465032,0
PDice1(obs4),0.17261904761904762,0.14289259127968806,0.04337172219426683,0
PDice1(obs5),0.1572420634920635,0.132582762219859,0.04177777847870999,0
PDice1(obs6),0.17113095238095238,0.14191554413328608,0.04322318788608431,0
