Property,ObtainedValue,Variance,CI,Problems
PDice1(obs1),0.16731464737793852,0.13932675482862017,0.012929203609478723,0
PDice1(obs2),0.16726943942133815,0.13929667137488352,0.012927807696334857,0
PDice1(obs3),0.16650090415913202,0.13878462724272872,0.012904024993885311,0
PDice1(obs4),0.16333634719710668,0.13666376317088716,0.012805047728606026,0
PDice1(obs5),0.16650090415913202,0.13878462724272872,0.012904024993885311,0
PDice1(obs6),0.16907775768535263,0.14049682111563727,0.012983379839504752,0
