Property,ObtainedValue,Variance,CI,Problems
PDice1(obs1),0.17013433813892528,0.14120021132837324,0.017520338323854925,0
PDice1(obs2),0.168086500655308,0.13984488413658622,0.01743605003721906,0
PDice1(obs3),0.162762123197903,0.1362817777673275,0.017212490360398323,0
PDice1(obs4),0.16448230668414154,0.13743913559254883,0.017285423422826178,0
PDice1(obs5),0.1681684141546527,0.13989925827316277,0.01743943942837655,0
PDice1(obs6),0.16636631716906947,0.13869992707705578,0.01736452593796553,0
