Property,ObtainedValue,Variance,CI,Problems
PDice1(obs1),0.1695831342570473,0.14082890018676586,0.010564485796756605,0
PDice1(obs2),0.16555183946488294,0.13814855322981123,0.010463467755034149,0
PDice1(obs3),0.16611920688007645,0.13852775262418654,0.01047781832745577,0
PDice1(obs4),0.16483516483516483,0.13766864425328904,0.010445277623524743,0
PDice1(obs5),0.16591017677974199,0.13838812248967522,0.010472536396557241,0
PDice1(obs6),0.16800047778308647,0.13978049129490117,0.010525088372939953,0
