Property,ObtainedValue,Variance,CI,Problems
PDice1(obs1),0.16265060240963855,0.13625401303881043,0.03944606304591383,0
PDice1(obs2),0.17598967297762477,0.14507973471896318,0.04070355951152945,0
PDice1(obs3),0.16351118760757316,0.13683415786014733,0.03952995092919455,0
PDice1(obs4),0.1703958691910499,0.1414219697806045,0.04018717280660219,0
PDice1(obs5),0.1549053356282272,0.13096602633398116,0.03867304235216171,0
PDice1(obs6),0.17254733218588642,0.14283621170618147,0.04038761196958798,0
