Property,ObtainedValue,Variance,CI,Problems
PDice1(obs1),0.16983952171176842,0.1410051508633697,0.017157642791601896,0
PDice1(obs2),0.16669288860918816,0.138917297540487,0.017030143058259367,0
PDice1(obs3),0.1642542479546885,0.1372855896680521,0.016929830494112848,0
PDice1(obs4),0.16551290119572057,0.13812924678500543,0.016981770016690396,0
PDice1(obs5),0.16755821271239774,0.13949343143124796,0.017065421208640328,0
PDice1(obs6),0.16614222781623664,0.13854988709402158,0.017007607365294112,0
