Property,ObtainedValue,Variance,CI,Problems
PDice1(obs1),0.16915791875855773,0.14054752650867927,0.01031519633527313,0
PDice1(obs2),0.16576335006846188,0.13828980666815485,0.01023201056436276,0
PDice1(obs3),0.16619123687813783,0.13857566264293164,0.010242580292870217,0
PDice1(obs4),0.16467937015061615,0.1375639993187988,0.010205124134097061,0
PDice1(obs5),0.16633386581469647,0.1386708665934818,0.010246098106398916,0
PDice1(obs6),0.1678742583295299,0.1396964766718219,0.010283918389187841,0
