Property,ObtainedValue,Variance,CI,Problems
PDice1(obs1),0.16708603896103896,0.1391739428384838,0.012243502917196749,0
PDice1(obs2),0.16737012987012986,0.13936302546432827,0.01225181714564585,0
PDice1(obs3),0.1663555194805195,0.13868698914928976,0.012222064841069209,0
PDice1(obs4),0.1643262987012987,0.13732873966307244,0.012162068374457326,0
PDice1(obs5),0.165625,0.13819896809935467,0.012200541980902629,0
PDice1(obs6),0.169237012987013,0.14060155265409133,0.01230613802477821,0
