Property,ObtainedValue,Variance,CI,Problems
PDice1(obs1),0.17009303721488594,0.1411719880418589,0.016766362379731642,0
PDice1(obs2),0.16649159663865545,0.1387825577443403,0.01662386589709602,0
PDice1(obs3),0.16296518607442978,0.1364177696290492,0.016481626024387436,0
PDice1(obs4),0.16611644657863145,0.13853216682486005,0.0166088627716812,0
PDice1(obs5),0.16716686674669867,0.13923255202884036,0.016650795039651396,0
PDice1(obs6),0.16716686674669867,0.13923255202884036,0.016650795039651396,0
