Property,ObtainedValue,Variance,CI,Problems
PDice1(obs1),0.1673741217798595,0.13936512485742755,0.011633762802565086,0
PDice1(obs2),0.16671545667447307,0.1389264968489443,0.011615440730712,0
PDice1(obs3),0.16689841920374707,0.13904842500134335,0.011620536729873308,0
PDice1(obs4),0.16419057377049182,0.13723705110300446,0.011544598658321486,0
PDice1(obs5),0.16543471896955503,0.13807112509747288,0.01157962733066804,0
PDice1(obs6),0.16938670960187355,0.14070000077772632,0.01168934564710393,0
