Property,ObtainedValue,Variance,CI,Problems
PDice1(obs1),0.16727779407450866,0.13930104152513995,0.011643023202044555,0
PDice1(obs2),0.16669111176298035,0.13891027853490856,0.01162668140862277,0
PDice1(obs3),0.16687444998533293,0.1390324659204558,0.011631793778830246,0
PDice1(obs4),0.16405104136110296,0.1371433259121567,0.011552498475430899,0
PDice1(obs5),0.16559108242886478,0.13817574242789948,0.011595900615525099,0
PDice1(obs6),0.16951452038721032,0.14078451000146408,0.011704854458996902,0
