Property,ObtainedValue,Variance,CI,Problems
PDice1(obs1),0.16875834445927904,0.14028364799939533,0.011147556859565939,0
PDice1(obs2),0.16572096128170893,0.13826213916473565,0.01106694640341823,0
PDice1(obs3),0.16748998664886516,0.13944174528508943,0.0111140558706019,0
PDice1(obs4),0.16542056074766356,0.13806120701407187,0.011058901851764615,0
PDice1(obs5),0.16425233644859813,0.13727808846545106,0.011027492785612257,0
PDice1(obs6),0.16835781041388517,0.14001813158891696,0.011137002311007513,0
