Property,ObtainedValue,Variance,CI,Problems
PDice1(obs1),0.16914038342609772,0.14053625970683215,0.010739183491850109,0
PDice1(obs2),0.16589363017934447,0.1383772124706335,0.010656371597268552,0
PDice1(obs3),0.1668212739641311,0.13899623448354967,0.010680180314187403,0
PDice1(obs4),0.1650278293135436,0.13779790577796522,0.01063404211878307,0
PDice1(obs5),0.1647804576376005,0.13763211420418775,0.010627643018642085,0
PDice1(obs6),0.16833642547928263,0.14000360245186264,0.010718812469637505,0
