Property,ObtainedValue,Variance,CI,Problems
PDice1(obs1),0.15854978354978355,0.13348398127770084,0.04378351934673259,0
PDice1(obs2),0.170995670995671,0.14183290090166106,0.04513200053276645,0
PDice1(obs3),0.16396103896103897,0.13715203313200067,0.044381013608758665,0
PDice1(obs4),0.17261904761904762,0.14289903833758733,0.0453013083284224,0
PDice1(obs5),0.16125541125541126,0.13532533158954382,0.04408447181229107,0
PDice1(obs6),0.17261904761904762,0.14289903833758733,0.0453013083284224,0
