Property,ObtainedValue,Variance,CI,Problems
PDice1(obs1),0.16830708661417323,0.13998473193276403,0.011427771304482992,0
PDice1(obs2),0.16602221597300337,0.13846370703271013,0.01136551665995487,0
PDice1(obs3),0.16686586051743532,0.139026532151852,0.011388592421761356,0
PDice1(obs4),0.16479190101237345,0.13764036868752394,0.011331675236370152,0
PDice1(obs5),0.16503796400449944,0.1378052785530592,0.011338461565332147,0
PDice1(obs6),0.16897497187851518,0.14042736703975736,0.011445824489180613,0
