Property,ObtainedValue,Variance,CI,Problems
PDice1(obs1),0.16723149113660063,0.139271170567683,0.012672513534161567,0
PDice1(obs2),0.16705769899200557,0.13915547023140296,0.01266724855823559,0
PDice1(obs3),0.16666666666666666,0.13889492360055036,0.012655384291419299,0
PDice1(obs4),0.16388599235314563,0.1370333276925455,0.012570288720697945,0
PDice1(obs5),0.16614529023288147,0.13854705236365245,0.01263952624534761,0
PDice1(obs6),0.16901286061870002,0.14045361599796902,0.012726196160479056,0
