Property,ObtainedValue,Variance,CI,Problems
PDice1(obs1),0.16547619047619047,0.13813493244871633,0.03303156848247205,0
PDice1(obs2),0.17559523809523808,0.14480464707466792,0.033819617100416706,0
PDice1(obs3),0.16666666666666666,0.13893023717376204,0.033126520780961975,0
PDice1(obs4),0.16815476190476192,0.13992038092402784,0.03324435612333722,0
PDice1(obs5),0.15595238095238095,0.1316704234536923,0.032249393590236826,0
PDice1(obs6),0.16815476190476192,0.13992038092402784,0.03324435612333722,0
