Property,ObtainedValue,Variance,CI,Problems
PDice1(obs1),0.1694084915930809,0.14071350984654069,0.010627008029028474,0
PDice1(obs2),0.16550743921616065,0.1381189035948212,0.010528576859578103,0
PDice1(obs3),0.16620297568646425,0.13858373743088856,0.010546278737751458,0
PDice1(obs4),0.16499334704245797,0.137774708880042,0.010515449977863595,0
PDice1(obs5),0.1656888835127616,0.1382402578774482,0.010533201162735527,0
PDice1(obs6),0.16819886294907463,0.1399122364979359,0.010596707828924603,0
