Property,ObtainedValue,Variance,CI,Problems
PDice1(obs1),0.1720496894409938,0.14246334156217705,0.019783816510860815,0
PDice1(obs2),0.16977225672877846,0.14096423014440454,0.019679450785258006,0
PDice1(obs3),0.16387163561076604,0.13703190815075653,0.019403021489118835,0
PDice1(obs4),0.16200828157349897,0.13577565372579709,0.019313877088806955,0
PDice1(obs5),0.16542443064182194,0.13807348170973893,0.019476622654232615,0
PDice1(obs6),0.16687370600414078,0.13904126575435605,0.01954476119283619,0
