Property,ObtainedValue,Variance,CI,Problems
PDice1(obs1),0.16534391534391535,0.13818809348610672,0.06965005922552704,0
PDice1(obs2),0.16005291005291006,0.13461403693191773,0.06874345437197012,0
PDice1(obs3),0.16666666666666666,0.1390728476821192,0.06987267196642162,0
PDice1(obs4),0.18253968253968253,0.14941658782718387,0.07242451318152433,0
PDice1(obs5),0.1626984126984127,0.13640807316304004,0.06920001915241605,0
PDice1(obs6),0.1626984126984127,0.13640807316304004,0.06920001915241605,0
