Property,ObtainedValue,Variance,CI,Problems
PDice1(obs1),0.1653138528138528,0.1380225266389001,0.031481548104587705,0
PDice1(obs2),0.17613636363636365,0.14515161766514945,0.032284349046802704,0
PDice1(obs3),0.16287878787878787,0.1363861893631853,0.03129437566565383,0
PDice1(obs4),0.1645021645021645,0.13747839891276967,0.0314194317968581,0
PDice1(obs5),0.16071428571428573,0.1349217088729944,0.031125906645558348,0
PDice1(obs6),0.17045454545454544,0.14143806126214786,0.03186869217653093,0
