Property,ObtainedValue,Variance,CI,Problems
PDice1(obs1),0.1693270555810749,0.14065944205399847,0.010352430285403983,0
PDice1(obs2),0.1659106568672485,0.13838828382659615,0.010268512383778877,0
PDice1(obs3),0.166054203031695,0.13848418046179198,0.010272069568055547,0
PDice1(obs4),0.16470486908589801,0.13758112503385497,0.01023852270276455,0
PDice1(obs5),0.16631258612769867,0.13865669055043617,0.010278465548130652,0
PDice1(obs6),0.16769062930638493,0.1395744892257301,0.010312427136213788,0
