Property,ObtainedValue,Variance,CI,Problems
PDice1(obs1),0.16790744466800805,0.1397215629407007,0.01365748092881152,0
PDice1(obs2),0.16659959758551307,0.13885115613445248,0.013614874277289057,0
PDice1(obs3),0.16564386317907445,0.13821292613065586,0.013583547820382886,0
PDice1(obs4),0.16348088531187122,0.1367617648139453,0.013512049682504742,0
PDice1(obs5),0.1675050301810865,0.1394541098393773,0.013644403186074858,0
PDice1(obs6),0.16886317907444667,0.1403554659614207,0.013688427193899668,0
