Property,ObtainedValue,Variance,CI,Problems
PDice1(obs1),0.16867308721241306,0.14022716610709923,0.01115574328839591,0
PDice1(obs2),0.1657972177635099,0.13831312558367115,0.011079346146027956,0
PDice1(obs3),0.16753611556982342,0.13947242955540193,0.011125681328252725,0
PDice1(obs4),0.16539593365436062,0.1380447350481735,0.011068591434337477,0
PDice1(obs5),0.1642255216693419,0.13726008972617668,0.011037089707958301,0
PDice1(obs6),0.1683721241305511,0.14002763451836522,0.011147803615815419,0
