Property,ObtainedValue,Variance,CI,Problems
PDice1(obs1),0.16984789740530867,0.14101010287903265,0.01670418986161316,0
PDice1(obs2),0.16604533253802564,0.1384846055057652,0.016553927619851853,0
PDice1(obs3),0.16306292872054876,0.13648358622684065,0.01643389529326163,0
PDice1(obs4),0.16597077244258873,0.138434796849064,0.01655095038260724,0
PDice1(obs5),0.16768565463763793,0.139577582784278,0.01661912442423315,0
PDice1(obs6),0.16738741425589024,0.13937925993553996,0.01660731334521414,0
