Property,ObtainedValue,Variance,CI,Problems
PDice1(obs1),0.16721567267683773,0.13926062740291967,0.012656645830177388,0
PDice1(obs2),0.16686893203883496,0.13902971746567055,0.012646148398733948,0
PDice1(obs3),0.16695561719833565,0.13908746749391057,0.012648774598429903,0
PDice1(obs4),0.16374826629681,0.13694070694511082,0.012550780563855751,0
PDice1(obs5),0.1661754507628294,0.13856717618548448,0.012625094486718688,0
PDice1(obs6),0.1690360610263523,0.14046895938612222,0.012711436617090677,0
