Property,ObtainedValue,Variance,CI,Problems
PDice1(obs1),0.1683982683982684,0.14007060991256703,0.028366097892037558,0
PDice1(obs2),0.17316017316017315,0.14320672471787432,0.02868189182531013,0
PDice1(obs3),0.1632034632034632,0.13659765939480162,0.028012232115175662,0
PDice1(obs4),0.16493506493506493,0.13776130775481285,0.02813129440983569,0
PDice1(obs5),0.16103896103896104,0.1351346639937244,0.027861819253804897,0
PDice1(obs6),0.16926406926406926,0.14064418658486638,0.02842411687930243,0
