Property,ObtainedValue,Variance,CI,Problems
PDice1(obs1),0.1686525827643952,0.140213404530059,0.0109470487920469,0
PDice1(obs2),0.1659152389540126,0.13839182921351734,0.010875707313348207,0
PDice1(obs3),0.16688136029885353,0.1390364494197076,0.010901007057707942,0
PDice1(obs4),0.1656898106402164,0.13824114921439204,0.010869785006063436,0
PDice1(obs5),0.16465928120571943,0.1375510320181365,0.010842619393468464,0
PDice1(obs6),0.1682017261368028,0.13991441127137547,0.010935370734002822,0
