Property,ObtainedValue,Variance,CI,Problems
PDice1(obs1),0.16933784383318545,0.14066643894603156,0.010174319574191671,0
PDice1(obs2),0.16562222715173025,0.138195336972041,0.010084556944669032,0
PDice1(obs3),0.16631543921916592,0.13865845868517435,0.010101440549711675,0
PDice1(obs4),0.16456854480922803,0.13748955124524392,0.010058772256890692,0
PDice1(obs5),0.16631543921916592,0.13865845868517435,0.010101440549711675,0
PDice1(obs6),0.1678405057675244,0.13967394333774713,0.010138362729539696,0
