Property,ObtainedValue,Variance,CI,Problems
PDice1(obs1),0.16820987654320987,0.13992302578350457,0.014306228279571405,0
PDice1(obs2),0.1658399470899471,0.1383446838563826,0.014225311797725885,0
PDice1(obs3),0.16595017636684303,0.1384183442076523,0.014229098361811597,0
PDice1(obs4),0.16391093474426807,0.13705169377007917,0.01415867979931241,0
PDice1(obs5),0.16765873015873015,0.1395569719923465,0.014287502703140498,0
PDice1(obs6),0.16843033509700175,0.1400692771836831,0.01431370295879968,0
