Property,ObtainedValue,Variance,CI,Problems
PDice1(obs1),0.1694371296905859,0.14073204909892334,0.010121830795826264,0
PDice1(obs2),0.1653774412991003,0.13803152945844807,0.01002424603789343,0
PDice1(obs3),0.1663100724160632,0.13865483557650277,0.010046853684504089,0
PDice1(obs4),0.16477397410577135,0.13762728672463673,0.010009556640997529,0
PDice1(obs5),0.16611806012727673,0.13852665005813228,0.010042208484303441,0
PDice1(obs6),0.16798332236120256,0.1397687596724728,0.010087130119113219,0
