Property,ObtainedValue,Variance,CI,Problems
PDice1(obs1),0.17319187089061566,0.1432178481001011,0.023832394605138252,0
PDice1(obs2),0.17573221757322174,0.14487205382362744,0.023969634824141946,0
PDice1(obs3),0.16407650926479378,0.13717590686403475,0.023324268332408447,0
PDice1(obs4),0.1592946802151823,0.13393989999859746,0.023047514361763995,0
PDice1(obs5),0.16093843395098625,0.13505743635253142,0.023143463862277842,0
PDice1(obs6),0.16676628810520025,0.13897606074945396,0.02347681122566871,0
