Property,ObtainedValue,Variance,CI,Problems
PDice1(obs1),0.17333512352309344,0.1433092997894033,0.02259770985976792,0
PDice1(obs2),0.17373791621911922,0.14357232931549077,0.02261843824266129,0
PDice1(obs3),0.1647422126745435,0.1376206935743702,0.02214466487923746,0
PDice1(obs4),0.1587003222341568,0.1335324585899324,0.021813264419425306,0
PDice1(obs5),0.16205692803437163,0.13581271490029723,0.0219987222613455,0
PDice1(obs6),0.16742749731471537,0.13941424880469316,0.022288499025072253,0
