Property,ObtainedValue,Variance,CI,Problems
PDice1(obs1),0.17249685798072895,0.1427566434383303,0.019919986240749796,0
PDice1(obs2),0.16998324256388772,0.14110371816474393,0.019804327473957127,0
PDice1(obs3),0.16359447004608296,0.1368456518055953,0.019503222317945074,0
PDice1(obs4),0.16170925848345202,0.13557357336352258,0.019412362456130053,0
PDice1(obs5),0.16527021365731043,0.13797042032562734,0.019583209218858443,0
PDice1(obs6),0.16694595726853792,0.13908957202408617,0.019662473733967525,0
