Property,ObtainedValue,Variance,CI,Problems
PDice1(obs1),0.16711170449488205,0.13919054480384457,0.011704686429410114,0
PDice1(obs2),0.16666666666666666,0.1388940399807143,0.01169221307435839,0
PDice1(obs3),0.16722296395193592,0.13926460911399774,0.011707800090028895,0
PDice1(obs4),0.1642560450971666,0.13728108801930977,0.011624125020524229,0
PDice1(obs5),0.16566533155318203,0.138225455770943,0.01166403814670277,0
PDice1(obs6),0.16907728823616675,0.14049536931837392,0.01175942052041986,0
