Property,ObtainedValue,Variance,CI,Problems
PDice1(obs1),0.1687375415282392,0.14026984373494378,0.011121054883297251,0
PDice1(obs2),0.16564784053156145,0.1382132252602955,0.011039226094111194,0
PDice1(obs3),0.16784053156146178,0.13967472788303584,0.011097438435866008,0
PDice1(obs4),0.16521594684385382,0.1379242199523411,0.011027678485464478,0
PDice1(obs5),0.16428571428571428,0.13730047984508267,0.011002714778515868,0
PDice1(obs6),0.16827242524916944,0.13996146603252457,0.011108823557469193,0
