Property,ObtainedValue,Variance,CI,Problems
PDice1(obs1),0.16968040370058873,0.1408931963442184,0.01059795675761008,0
PDice1(obs2),0.16553526372702151,0.13813748945962526,0.010493803114001086,0
PDice1(obs3),0.16607593415835636,0.1384988783766918,0.010507520849347238,0
PDice1(obs4),0.16490448155713083,0.1377151301027711,0.010477748279785426,0
PDice1(obs5),0.16577556169650368,0.13829817893716007,0.010499904837897367,0
PDice1(obs6),0.1680283551603989,0.1397990262002562,0.010556724925775756,0
