Property,ObtainedValue,Variance,CI,Problems
PDice1(obs1),0.16719342604298357,0.1392460714030267,0.012917286536569993,0
PDice1(obs2),0.1674191800614051,0.1393962920635892,0.01292425233544041,0
PDice1(obs3),0.16638071157666606,0.13870443300853325,0.012892139272924763,0
PDice1(obs4),0.1634007585335019,0.13670712308065455,0.01279898086531726,0
PDice1(obs5),0.1665613147914033,0.13882491126267726,0.012897737094362106,0
PDice1(obs6),0.16904460899404009,0.14047487171744769,0.01297415672791921,0
