Property,ObtainedValue,Variance,CI,Problems
PDice1(obs1),0.1717032967032967,0.14223429972353868,0.01859250579442898,0
PDice1(obs2),0.16913919413919415,0.1405439974745772,0.018481699602500627,0
PDice1(obs3),0.1620879120879121,0.13582785929154645,0.01816896482359349,0
PDice1(obs4),0.1630952380952381,0.13650768210938558,0.018214376200717457,0
PDice1(obs5),0.16666666666666666,0.13890160881643618,0.01837339424807168,0
PDice1(obs6),0.1673076923076923,0.13932858743051985,0.018401612160300278,0
