Property,ObtainedValue,Variance,CI,Problems
PDice1(obs1),0.1691699604743083,0.14055545319850773,0.010262345851192277,0
PDice1(obs2),0.16586674195369847,0.13835887210316558,0.01018184082468173,0
PDice1(obs3),0.1663184641445511,0.13866054738203928,0.010192934934966584,0
PDice1(obs4),0.16437041219649914,0.13735665773149952,0.010144897282970796,0
PDice1(obs5),0.16648785996612084,0.13877357039385033,0.01019708824881497,0
PDice1(obs6),0.16778656126482214,0.13963817347760135,0.01022880446193118,0
