Property,ObtainedValue,Variance,CI,Problems
PDice1(obs1),0.1720212102308172,0.14245212995092943,0.024282018855273726,0
PDice1(obs2),0.17607610729881473,0.14509594054899988,0.024506311493947587,0
PDice1(obs3),0.16406737367436058,0.13717066337460188,0.023827634949022156,0
PDice1(obs4),0.15954460386774796,0.13411103887744405,0.023560395784806534,0
PDice1(obs5),0.16126013724267,0.13527640275948827,0.023662538927883517,0
PDice1(obs6),0.16703056768558952,0.1391530591185047,0.02399919627172445,0
