Property,ObtainedValue,Variance,CI,Problems
PDice1(obs1),0.16673354735152487,0.13893904694226952,0.012164246549218537,0
PDice1(obs2),0.16769662921348313,0.13958007089035893,0.01219227538733047,0
PDice1(obs3),0.1661717495987159,0.1385642595975648,0.012147828974778419,0
PDice1(obs4),0.1641653290529695,0.13722058023372935,0.012088785786629393,0
PDice1(obs5),0.16621187800963083,0.13859105105678837,0.012149003311996524,0
PDice1(obs6),0.16902086677367575,0.14045844974313887,0.012230578280273482,0
