Property,ObtainedValue,Variance,CI,Problems
PDice1(obs1),0.16220238095238096,0.13599395454384286,0.05182117335820715,0
PDice1(obs2),0.17410714285714285,0.14390091479629824,0.05330638336389647,0
PDice1(obs3),0.16666666666666666,0.13899230578307273,0.052389327146222825,0
PDice1(obs4),0.17708333333333334,0.14583333333333331,0.05366311049060209,0
PDice1(obs5),0.16071428571428573,0.13498563982555048,0.05162870426192712,0
PDice1(obs6),0.15922619047619047,0.13397289295465023,0.05143466417553981,0
