Property,ObtainedValue,Variance,CI,Problems
PDice1(obs1),0.1681598062953995,0.13989055379329138,0.014991194831921845,0
PDice1(obs2),0.16676755447941888,0.13896454915002127,0.014941495389001233,0
PDice1(obs3),0.1656779661016949,0.13823714551605187,0.014902338790715073,0
PDice1(obs4),0.16513317191283294,0.13787255324304085,0.014882673798460153,0
PDice1(obs5),0.16652542372881357,0.13880310910600122,0.014932813834363692,0
PDice1(obs6),0.1677360774818402,0.139609136709112,0.014976108387255561,0
