Property,ObtainedValue,Variance,CI,Problems
PDice1(obs1),0.1670479579732249,0.13914883284800975,0.012508178094785055,0
PDice1(obs2),0.1670055922724962,0.13912061836469178,0.012506909921469099,0
PDice1(obs3),0.16675139806812406,0.13895125607778094,0.01249929478883847,0
PDice1(obs4),0.16378579901711574,0.1369658137101144,0.012409673726841779,0
PDice1(obs5),0.16632774106083714,0.13866869841101356,0.012486579650574951,0
PDice1(obs6),0.169081511608202,0.14049890637510765,0.012568711109684983,0
