Property,ObtainedValue,Variance,CI,Problems
PDice1(obs1),0.1665405569007264,0.13881005139884992,0.01180572112081584,0
PDice1(obs2),0.16710805084745764,0.13918821608742687,0.011821791535894246,0
PDice1(obs3),0.16688105326876512,0.1390370275067715,0.011815369277058774,0
PDice1(obs4),0.16423274818401937,0.1372655457656983,0.011739857705029702,0
PDice1(obs5),0.16578389830508475,0.1383048298447701,0.011784217123789931,0
PDice1(obs6),0.16945369249394673,0.14074446336951354,0.011887696867238232,0
