Property,ObtainedValue,Variance,CI,Problems
PDice1(obs1),0.16890292028413575,0.14038395716045118,0.015654056063681355,0
PDice1(obs2),0.16581162851881084,0.13832723044820613,0.015538961319776876,0
PDice1(obs3),0.16449618521441725,0.1374462304004961,0.015489398797686354,0
PDice1(obs4),0.1660089450144699,0.1384590819432663,0.0155463653113035,0
PDice1(obs5),0.1680478821362799,0.13981698751179406,0.015622413010418546,0
PDice1(obs6),0.16673243883188635,0.13894187118076487,0.015573445826164987,0
