Property,ObtainedValue,Variance,CI,Problems
PDice1(obs1),0.16312741312741313,0.13664876056180406,0.05916570529741728,0
PDice1(obs2),0.15444015444015444,0.1307145654971742,0.05786676303188459,0
PDice1(obs3),0.16795366795366795,0.13988025292373119,0.059861197707847105,0
PDice1(obs4),0.1776061776061776,0.1462033462033462,0.06119921532739799,0
PDice1(obs5),0.1640926640926641,0.1372987894727025,0.059306261970114106,0
PDice1(obs6),0.17277992277992277,0.14306511480424525,0.06053883669844308,0
