Property,ObtainedValue,Variance,CI,Problems
PDice1(obs1),0.16803850446428573,0.13980644154340874,0.011375792774309564,0
PDice1(obs2),0.166015625,0.13845926633183356,0.011320851516947575,0
PDice1(obs3),0.16702706473214285,0.13913387698363391,0.011348397116586063,0
PDice1(obs4),0.16486467633928573,0.13768911705012718,0.011289322736826871,0
PDice1(obs5),0.16507393973214285,0.13782934125938293,0.011295069863205207,0
PDice1(obs6),0.16898018973214285,0.1404307830472522,0.01140116523845251,0
