Property,ObtainedValue,Variance,CI,Problems
PDice1(obs1),0.16856499356499358,0.14015534601219468,0.010939850928420819,0
PDice1(obs2),0.16602316602316602,0.13846392944819536,0.010873638643824934,0
PDice1(obs3),0.16689189189189188,0.13904346204050183,0.010896370368997725,0
PDice1(obs4),0.16560489060489061,0.13818435689876213,0.010862655614013611,0
PDice1(obs5),0.16460746460746462,0.13751627179343645,0.010836364753419894,0
PDice1(obs6),0.16830759330759332,0.13998465135326038,0.010933187097573096,0
