Property,ObtainedValue,Variance,CI,Problems
PDice1(obs1),0.16700602704023457,0.1391206794179596,0.012262078945359233,0
PDice1(obs2),0.16733181299885974,0.13933755163460335,0.012271632768258581,0
PDice1(obs3),0.1665173481022968,0.13879497306494434,0.012247716676061279,0
PDice1(obs4),0.16423684639192052,0.13726869470581896,0.0121801886516806,0
PDice1(obs5),0.16553999022642124,0.13814212745793517,0.01221887812193915,0
PDice1(obs6),0.16936797524026714,0.14068819348302705,0.012330965691933572,0
