Property,ObtainedValue,Variance,CI,Problems
PDice1(obs1),0.16607142857142856,0.13852704771625415,0.030624663897232358,0
PDice1(obs2),0.17551020408163265,0.14474329665522753,0.03130424772308936,0
PDice1(obs3),0.16198979591836735,0.13578374064604154,0.030319911274275954,0
PDice1(obs4),0.16479591836734694,0.13767334440793413,0.030530152456945105,0
PDice1(obs5),0.1625,0.13612847665220718,0.030358375891629555,0
PDice1(obs6),0.1691326530612245,0.1405626565502445,0.030848852923730047,0
