Property,ObtainedValue,Variance,CI,Problems
PDice1(obs1),0.16711837733869558,0.1391959100954827,0.012707797004127986,0
PDice1(obs2),0.16707466340269278,0.13916680378032387,0.012706468313931659,0
PDice1(obs3),0.16676866585067318,0.1389629525586746,0.012697158700381444,0
PDice1(obs4),0.16410211575450254,0.13717860797628842,0.012615376811062833,0
PDice1(obs5),0.16624409861863962,0.1386130576154454,0.012681163531817526,0
PDice1(obs6),0.1686920790347963,0.1402411920002064,0.012755421916644277,0
