Property,ObtainedValue,Variance,CI,Problems
PDice1(obs1),0.16904761904761906,0.14047848517489653,0.014537933989119714,0
PDice1(obs2),0.16587301587301587,0.13836700241258323,0.01442826303301365,0
PDice1(obs3),0.1655328798185941,0.13813957655931203,0.014416400705186154,0
PDice1(obs4),0.16405895691609979,0.1371513905938436,0.014364744061234357,0
PDice1(obs5),0.16763038548752834,0.13953834968611478,0.014489205631389447,0
PDice1(obs6),0.16785714285714284,0.13968904132887353,0.014497027183821095,0
