Property,ObtainedValue,Variance,CI,Problems
PDice1(obs1),0.16812865497076024,0.13989062727147233,0.027846095814832578,0
PDice1(obs2),0.17418546365914786,0.14387493697686873,0.028239862485198653,0
PDice1(obs3),0.1639515455304929,0.13710007034856134,0.027566957912524722,0
PDice1(obs4),0.16478696741854637,0.13766097403525526,0.0276232913104783,0
PDice1(obs5),0.16165413533834586,0.13555038630627123,0.027410716266168367,0
PDice1(obs6),0.16729323308270677,0.13933530818900186,0.02779077100352385,0
