Property,ObtainedValue,Variance,CI,Problems
PDice1(obs1),0.16845422379478106,0.1400851429257092,0.014336655162854177,0
PDice1(obs2),0.16563467492260062,0.13820747022346927,0.01424024821645077,0
PDice1(obs3),0.16591110128261832,0.13839225880747844,0.01424976491010396,0
PDice1(obs4),0.16408668730650156,0.13716982982663256,0.014186690706659155,0
PDice1(obs5),0.16745908889871738,0.13942425055154448,0.014302796512467046,0
PDice1(obs6),0.16845422379478106,0.1400851429257092,0.014336655162854177,0
