Property,ObtainedValue,Variance,CI,Problems
PDice1(obs1),0.16990881458966564,0.14105052743958565,0.016865782206798473,0
PDice1(obs2),0.16664133738601825,0.13888255544588968,0.016735665236328492,0
PDice1(obs3),0.16367781155015199,0.13689778812379153,0.016615650412644633,0
PDice1(obs4),0.16527355623100304,0.13796869178490526,0.01668051303004785,0
PDice1(obs5),0.16724924012158054,0.139287515958082,0.01676004680948776,0
PDice1(obs6),0.16724924012158054,0.139287515958082,0.01676004680948776,0
