Property,ObtainedValue,Variance,CI,Problems
PDice1(obs1),0.1714837997054492,0.14209018513750787,0.01863091724713414,0
PDice1(obs2),0.16945876288659795,0.14075544670217927,0.01854320508099434,0
PDice1(obs3),0.16227908689248896,0.1359570993103693,0.018224395924451,0
PDice1(obs4),0.16292341678939617,0.13639193153666287,0.018253516244464724,0
PDice1(obs5),0.16651325478645065,0.13879936684997798,0.01841390674094495,0
PDice1(obs6),0.16734167893961707,0.13935126831333666,0.018450479601512512,0
