Property,ObtainedValue,Variance,CI,Problems
PDice1(obs1),0.16936643078283944,0.1406853318201394,0.010159239818154281,0
PDice1(obs2),0.16541353383458646,0.13805571288275978,0.010063846272004092,0
PDice1(obs3),0.16629809818664307,0.13864687329119987,0.010085370163006232,0
PDice1(obs4),0.16466718266253869,0.13755570401877698,0.010045605169445802,0
PDice1(obs5),0.16621517027863777,0.13859151848277956,0.010083356668385562,0
PDice1(obs6),0.16803958425475454,0.1398061469886758,0.010127445999790076,0
