Property,ObtainedValue,Variance,CI,Problems
PDice1(obs1),0.16910331384015595,0.1405171656814218,0.016112913202283672,0
PDice1(obs2),0.16597048175995543,0.13843391850478773,0.01599302562552565,0
PDice1(obs3),0.16381230854915066,0.13698737297109576,0.015909247771786397,0
PDice1(obs4),0.1664578111946533,0.1387592684977779,0.01601180815070893,0
PDice1(obs5),0.16785018100807575,0.1396862224876091,0.01606520099590589,0
PDice1(obs6),0.1668059036480089,0.1389913705256124,0.016025193996531628,0
