Property,ObtainedValue,Variance,CI,Problems
PDice1(obs1),0.16717687074829932,0.13923468447713283,0.01253435913704649,0
PDice1(obs2),0.16666666666666666,0.13889479427980214,0.012519050778404841,0
PDice1(obs3),0.16679421768707484,0.1389798156389985,0.012522881821473148,0
PDice1(obs4),0.1637329931972789,0.13693032200337085,0.012430203286663218,0
PDice1(obs5),0.1663690476190476,0.138696284564253,0.01251010140845939,0
PDice1(obs6),0.16926020408163264,0.14061716601688085,0.012596433174359118,0
