Property,ObtainedValue,Variance,CI,Problems
PDice1(obs1),0.1687948922585794,0.14030784233631907,0.011127738004692266,0
PDice1(obs2),0.1657023144453312,0.13824965472112383,0.011045819612535852,0
PDice1(obs3),0.16783054003724396,0.1396680943244997,0.011102339988469583,0
PDice1(obs4),0.16517025804735302,0.13789362935315744,0.011031587652598806,0
PDice1(obs5),0.16420590582601755,0.13724689026075373,0.011005687456201311,0
PDice1(obs6),0.16829608938547486,0.13997717041734933,0.01111461756545475,0
