Property,ObtainedValue,Variance,CI,Problems
PDice1(obs1),0.1694600195026816,0.1407476102863199,0.010669025880954827,0
PDice1(obs2),0.1655594831789371,0.138153750659419,0.010570258143694654,0
PDice1(obs3),0.16650414431984398,0.13878474342332386,0.01059436953400893,0
PDice1(obs4),0.16491955143832276,0.1377252898862044,0.010553854470794856,0
PDice1(obs5),0.16534617259873233,0.13801102140726126,0.010564796565934604,0
PDice1(obs6),0.1682106289614822,0.13992007704198134,0.010637615082991323,0
