Property,ObtainedValue,Variance,CI,Problems
PDice1(obs1),0.16592261904761904,0.13842663553885956,0.03018537984482834,0
PDice1(obs2),0.17485119047619047,0.14431404383882054,0.030820601601545154,0
PDice1(obs3),0.16220238095238096,0.13592648049048447,0.029911545247319343,0
PDice1(obs4),0.16666666666666666,0.138923344083354,0.03023948760439789,0
PDice1(obs5),0.16145833333333334,0.13542312701562886,0.02985611070392026,0
PDice1(obs6),0.16889880952380953,0.14040682478647623,0.03040051372359853,0
