Property,ObtainedValue,Variance,CI,Problems
PDice1(obs1),0.17161904761904762,0.1421794910172851,0.018957056449077955,0
PDice1(obs2),0.1702857142857143,0.14130194712421593,0.018898463617998552,0
PDice1(obs3),0.16333333333333333,0.1366685716099946,0.018586035118479758,0
PDice1(obs4),0.16228571428571428,0.13596200998734573,0.018537928973894655,0
PDice1(obs5),0.16542857142857142,0.1380751091940729,0.01868143027742879,0
PDice1(obs6),0.16704761904761906,0.13915596496718508,0.018754407116069478,0
