Property,ObtainedValue,Variance,CI,Problems
PDice1(obs1),0.16766467065868262,0.13958307982964552,0.028146617564881612,0
PDice1(obs2),0.1734388366124893,0.14338847133845373,0.028527711995109357,0
PDice1(obs3),0.16338751069289992,0.13672127097981274,0.027856584567630193,0
PDice1(obs4),0.165098374679213,0.13787038604227755,0.027973404143550967,0
PDice1(obs5),0.16231822070145424,0.136000100639058,0.027783019188599194,0
PDice1(obs6),0.1680923866552609,0.13986724793346844,0.028175253930586026,0
