Property,ObtainedValue,Variance,CI,Problems
PDice1(obs1),0.16738770250368187,0.13937547411028256,0.013047592300703108,0
PDice1(obs2),0.16734167893961707,0.13934485457612888,0.013046159002824529,0
PDice1(obs3),0.16669734904270986,0.1389157362621303,0.01302605541698752,0
PDice1(obs4),0.1636137702503682,0.13685060278731262,0.012928869632368256,0
PDice1(obs5),0.16637518409425625,0.13870086572003792,0.013015977369601108,0
PDice1(obs6),0.16858431516936673,0.1401700949755884,0.013084733532059358,0
