Property,ObtainedValue,Variance,CI,Problems
PDice1(obs1),0.16133004926108374,0.1354694988246585,0.06654107651305415,0
PDice1(obs2),0.16009852216748768,0.13463278929497732,0.06633526713155699,0
PDice1(obs3),0.16625615763546797,0.13878596636154356,0.0673506571397116,0
PDice1(obs4),0.1810344827586207,0.14844381138653856,0.06965464913319049,0
PDice1(obs5),0.16625615763546797,0.13878596636154356,0.0673506571397116,0
PDice1(obs6),0.16502463054187191,0.13796140506459822,0.06715028573697734,0
