Property,ObtainedValue,Variance,CI,Problems
PDice1(obs1),0.16874180865006552,0.14027720314084025,0.015619364416514027,0
PDice1(obs2),0.16572739187418087,0.13827088445836533,0.015507263941277044,0
PDice1(obs3),0.16461336828309306,0.13752481937694935,0.015465371258478178,0
PDice1(obs4),0.16585845347313238,0.13835849362733482,0.015512175905859144,0
PDice1(obs5),0.168086500655308,0.1398425929496779,0.015595149501655334,0
PDice1(obs6),0.1669724770642202,0.1391017844184001,0.015553787422377402,0
