Property,ObtainedValue,Variance,CI,Problems
PDice1(obs1),0.16788177339901478,0.13970436554786725,0.013514626414278391,0
PDice1(obs2),0.16655172413793104,0.13881908570321963,0.013471738561879767,0
PDice1(obs3),0.16635467980295565,0.13868763221367647,0.013465358580085646,0
PDice1(obs4),0.16320197044334975,0.1365738150608987,0.013362347964351371,0
PDice1(obs5),0.16729064039408867,0.13931134465844008,0.013495603131149543,0
PDice1(obs6),0.1687192118226601,0.14025994874168132,0.01354147256558353,0
