Property,ObtainedValue,Variance,CI,Problems
PDice1(obs1),0.1695381670256042,0.14079918845678788,0.01057221464649319,0
PDice1(obs2),0.1655001196458483,0.13811396123357128,0.010470916271933662,0
PDice1(obs3),0.16618808327351042,0.13857374919483043,0.010488330880185604,0
PDice1(obs4),0.16502153625269203,0.13779355043205102,0.010458763471738533,0
PDice1(obs5),0.16579923426657095,0.13831398535671674,0.010478495802840144,0
PDice1(obs6),0.1679528595357741,0.1397488766027528,0.010532708352852442,0
