Property,ObtainedValue,Variance,CI,Problems
PDice1(obs1),0.16824440619621342,0.1399683396502176,0.028270202606597676,0
PDice1(obs2),0.173407917383821,0.14336845676536267,0.02861151277141748,0
PDice1(obs3),0.1628657487091222,0.13636983607213138,0.027904431227521932,0
PDice1(obs4),0.1650172117039587,0.13781618218701608,0.028052018908668288,0
PDice1(obs5),0.16179001721170397,0.1356431906728639,0.027829987676390288,0
PDice1(obs6),0.1686746987951807,0.1402537198503504,0.02829900786343568,0
