Property,ObtainedValue,Variance,CI,Problems
PDice1(obs1),0.16712072194789715,0.13919731155048978,0.01254014340187927,0
PDice1(obs2),0.16669504512174357,0.13891372028875962,0.01252736266557577,0
PDice1(obs3),0.16695045121743574,0.13908391853583146,0.012535034630893577,0
PDice1(obs4),0.1638004427038992,0.13697568841153615,0.012439669012457404,0
PDice1(obs5),0.16622680061297462,0.13860135130928158,0.012513269882673832,0
PDice1(obs6),0.1692065383960497,0.1405816699959858,0.01260234684469179,0
