Property,ObtainedValue,Variance,CI,Problems
PDice1(obs1),0.16581632653061223,0.13835335804467927,0.02918115997404666,0
PDice1(obs2),0.17625231910946196,0.145221117484762,0.029896654071513637,0
PDice1(obs3),0.16396103896103897,0.13710961388414417,0.029049700088936873,0
PDice1(obs4),0.1648886827458256,0.13773234668701415,0.029115595201493663,0
PDice1(obs5),0.16048237476808905,0.13475903425202562,0.028799612485727582,0
PDice1(obs6),0.16859925788497218,0.14020606344644518,0.029375894314786256,0
