Property,ObtainedValue,Variance,CI,Problems
PDice1(obs1),0.1663870246085011,0.1387079238746192,0.0121269038968102,0
PDice1(obs2),0.16758549057206776,0.13950616703488378,0.012161748088486,0
PDice1(obs3),0.1663071268775967,0.13865460552149594,0.012124572924382754,0
PDice1(obs4),0.16403004154682008,0.1371296651915128,0.012057714818887474,0
PDice1(obs5),0.16642697347395333,0.138734578263254,0.01212806900574373,0
PDice1(obs6),0.16926334292106104,0.1406188812290146,0.012210153377197762,0
