Property,ObtainedValue,Variance,CI,Problems
PDice1(obs1),0.16857356715141147,0.14016401340809495,0.014102564365172626,0
PDice1(obs2),0.16568648417450813,0.1382418641684863,0.014005532289316398,0
PDice1(obs3),0.16590034217279725,0.1383848173147522,0.01401277183861449,0
PDice1(obs4),0.16386869118905048,0.13702306910685774,0.013943656445274849,0
PDice1(obs5),0.16755774165953807,0.13948960261129273,0.014068595624933003,0
PDice1(obs6),0.16841317365269462,0.14005766470587672,0.014097213226963156,0
