Property,ObtainedValue,Variance,CI,Problems
PDice1(obs1),0.16824817518248175,0.13994802329037653,0.013915735266903866,0
PDice1(obs2),0.16553701772679874,0.13814171587243412,0.013825638491130712,0
PDice1(obs3),0.16579770594369134,0.1383160381197696,0.013834359088308757,0
PDice1(obs4),0.16418143899895724,0.1372330490949624,0.013780092417166144,0
PDice1(obs5),0.16772679874869656,0.1396017982389824,0.013898511158981913,0
PDice1(obs6),0.16850886339937435,0.1401209319304042,0.013924329200744712,0
