Property,ObtainedValue,Variance,CI,Problems
PDice1(obs1),0.16914487711816856,0.14053883050962493,0.010229443910056386,0
PDice1(obs2),0.16569408596117158,0.13824343428761104,0.010145562131207079,0
PDice1(obs3),0.1661710245763663,0.1385621025568606,0.010157248790069899,0
PDice1(obs4),0.16474020873078218,0.1376047328881645,0.010122098135672062,0
PDice1(obs5),0.1664796319156099,0.13876805724020905,0.010164794706845651,0
PDice1(obs6),0.16777017169790148,0.1396272584587871,0.010196214498401884,0
