Property,ObtainedValue,Variance,CI,Problems
PDice1(obs1),0.17148526077097506,0.14209149123128414,0.018875836014928322,0
PDice1(obs2),0.1702569916855631,0.14128289719196968,0.018822051427516383,0
PDice1(obs3),0.16288737717309146,0.1363679638810914,0.01849176381025821,0
PDice1(obs4),0.16250944822373395,0.13611298772136235,0.0184744680876455,0
PDice1(obs5),0.1655328798185941,0.13814479774712493,0.018611845002159646,0
PDice1(obs6),0.16732804232804233,0.1393425339730735,0.018692354622375902,0
