Property,ObtainedValue,Variance,CI,Problems
PDice1(obs1),0.16676040494938132,0.1389569546846297,0.01217187049534726,0
PDice1(obs2),0.16772457014301784,0.13959864688654133,0.012199942490668489,0
PDice1(obs3),0.1660774546038888,0.13850129776495615,0.012151897579402502,0
PDice1(obs4),0.1643098184155552,0.13731761852397972,0.01209985902923049,0
PDice1(obs5),0.1660774546038888,0.13850129776495615,0.012151897579402502,0
PDice1(obs6),0.16905029728426804,0.14047793776978829,0.012238304105956933,0
