Property,ObtainedValue,Variance,CI,Problems
PDice1(obs1),0.1657142857142857,0.13828598645936105,0.029560482332685788,0
PDice1(obs2),0.17595238095238094,0.1450276709874233,0.030272470619650417,0
PDice1(obs3),0.1630952380952381,0.13652768799827625,0.029371951198137312,0
PDice1(obs4),0.1657142857142857,0.13828598645936105,0.029560482332685788,0
PDice1(obs5),0.16047619047619047,0.1347556674491659,0.029180716397205025,0
PDice1(obs6),0.16904761904761906,0.14050397486929994,0.02979660168047753,0
