Property,ObtainedValue,Variance,CI,Problems
PDice1(obs1),0.16726823708206687,0.13929618945604183,0.013250392937032889,0
PDice1(obs2),0.16726823708206687,0.13929618945604183,0.013250392937032889,0
PDice1(obs3),0.166745820668693,0.13894825094429916,0.013233833960902792,0
PDice1(obs4),0.16346884498480244,0.1367532764456096,0.013128889994299816,0
PDice1(obs5),0.16641337386018237,0.138726551317688,0.013223272088850612,0
PDice1(obs6),0.16883548632218845,0.14033672980881595,0.013299790971851267,0
