Property,ObtainedValue,Variance,CI,Problems
PDice1(obs1),0.16275510204081634,0.13633543769728412,0.042965850990996445,0
PDice1(obs2),0.17244897959183675,0.14278317758956569,0.04397011089810751,0
PDice1(obs3),0.16122448979591836,0.13530018439228678,0.042802411088436645,0
PDice1(obs4),0.17244897959183675,0.14278317758956569,0.04397011089810751,0
PDice1(obs5),0.15918367346938775,0.1339125543019658,0.042582356012986135,0
PDice1(obs6),0.1719387755102041,0.1424485107978873,0.0439185503114116,0
