Property,ObtainedValue,Variance,CI,Problems
PDice1(obs1),0.169660822075309,0.14088615156882467,0.016391700801962967,0
PDice1(obs2),0.16542109801667146,0.13806687979630775,0.016226864898390567,0
PDice1(obs3),0.1629060074734119,0.13637744024849266,0.01612728023553705,0
PDice1(obs4),0.16671457315320495,0.13893080778185876,0.016277554031763078,0
PDice1(obs5),0.1683673469387755,0.14002984593046705,0.016341810522177046,0
PDice1(obs6),0.1669301523426272,0.13907447043536306,0.01628596783293413,0
