Property,ObtainedValue,Variance,CI,Problems
PDice1(obs1),0.16957923311842552,0.14083406405330173,0.017806594448932865,0
PDice1(obs2),0.16779776043434,0.13965351911944307,0.017731805285191703,0
PDice1(obs3),0.16296233457753648,0.13641718463362623,0.01752514229235623,0
PDice1(obs4),0.16440447913131997,0.13738730121689163,0.017587346010422947,0
PDice1(obs5),0.167288768238887,0.13931505463925636,0.017710304835102417,0
PDice1(obs6),0.167967424499491,0.1397662254594899,0.017738959003319704,0
