Property,ObtainedValue,Variance,CI,Problems
PDice1(obs1),0.16617833386126069,0.13856858177724368,0.012066940653610246,0
PDice1(obs2),0.1675245486221096,0.13946559630884398,0.012105934919052085,0
PDice1(obs3),0.1668910357934748,0.13904392334707993,0.012087619972751837,0
PDice1(obs4),0.1639214444092493,0.13705663116791558,0.012000927639967558,0
PDice1(obs5),0.16605955020589167,0.1384892594114627,0.012063486352175542,0
PDice1(obs6),0.16942508710801393,0.14072579894139017,0.01216050616590425,0
