Property,ObtainedValue,Variance,CI,Problems
PDice1(obs1),0.1682258419546555,0.13993360856004722,0.014295742866302035,0
PDice1(obs2),0.16591459388069557,0.13839455723128627,0.014216910076016958,0
PDice1(obs3),0.16591459388069557,0.13839455723128627,0.014216910076016958,0
PDice1(obs4),0.16404358353510895,0.13714083305717023,0.014152367671187398,0
PDice1(obs5),0.16751045564604886,0.13945837725020235,0.01427144719273322,0
PDice1(obs6),0.16839093110279552,0.14004313195891507,0.014301336276346407,0
