Property,ObtainedValue,Variance,CI,Problems
PDice1(obs1),0.1529761904761905,0.12965164922431152,0.04525655140037946,0
PDice1(obs2),0.16964285714285715,0.14094805581553646,0.047186957854370326,0
PDice1(obs3),0.16547619047619047,0.13817606852151224,0.046720647199117636,0
PDice1(obs4),0.1738095238095238,0.14368530020703935,0.047642945561861216,0
PDice1(obs5),0.16488095238095238,0.13777723418134377,0.046653170738156426,0
PDice1(obs6),0.1732142857142857,0.1432963924104484,0.0475784251561538,0
