Property,ObtainedValue,Variance,CI,Problems
PDice1(obs1),0.16862791244998823,0.14020078863891344,0.014796157388873134,0
PDice1(obs2),0.1664509296305013,0.13875318152840904,0.014719572230919834,0
PDice1(obs3),0.1655683690280066,0.13816361338953748,0.014688266898506866,0
PDice1(obs4),0.16427394681101434,0.13729609535178863,0.014642081071319674,0
PDice1(obs5),0.1675688397269946,0.13949773135966576,0.014759012019255148,0
PDice1(obs6),0.16751000235349495,0.13945860684316563,0.014756942165869397,0
