Property,ObtainedValue,Variance,CI,Problems
PDice1(obs1),0.16701680672268907,0.13912781386644593,0.012213746661831145,0
PDice1(obs2),0.16758241758241757,0.13950418697701636,0.012230256017346645,0
PDice1(obs3),0.16612798965740141,0.13853507763438913,0.012187701339848978,0
PDice1(obs4),0.164390756302521,0.13737198547957827,0.012136431659338026,0
PDice1(obs5),0.16572398190045248,0.1382651297420041,0.012175821140822229,0
PDice1(obs6),0.16915804783451843,0.14054928098730846,0.01227598194937476,0
