Property,ObtainedValue,Variance,CI,Problems
PDice1(obs1),0.1671200421200421,0.13919704091811502,0.012731244497765467,0
PDice1(obs2),0.16703229203229203,0.13913861016335677,0.012728572119448925,0
PDice1(obs3),0.16681291681291682,0.13899246589782327,0.012721885634131833,0
PDice1(obs4),0.16378553878553878,0.13696584545274818,0.012628797469536717,0
PDice1(obs5),0.16646191646191646,0.13875843486216,0.012711170771334242,0
PDice1(obs6),0.1687872937872938,0.14030429910053446,0.01278178024159395,0
