Property,ObtainedValue,Variance,CI,Problems
PDice1(obs1),0.17294372294372296,0.14304967320445186,0.020270036215830692,0
PDice1(obs2),0.16948051948051948,0.1407721080737641,0.020108024085693406,0
PDice1(obs3),0.16406926406926406,0.13716538539571335,0.01984875877284061,0
PDice1(obs4),0.16266233766233767,0.13621804378109173,0.0197800966438108,0
PDice1(obs5),0.16428571428571428,0.1373107788412475,0.019859275693986676,0
PDice1(obs6),0.16655844155844157,0.13883175218547011,0.01996896207081877,0
