Property,ObtainedValue,Variance,CI,Problems
PDice1(obs1),0.16904761904761906,0.14048035910211132,0.016158118018626925,0
PDice1(obs2),0.16589635854341736,0.13838444755309506,0.016037128670543934,0
PDice1(obs3),0.16365546218487395,0.13688193745177882,0.015949829442815477,0
PDice1(obs4),0.16624649859943977,0.1386183074672547,0.016050673756147278,0
PDice1(obs5),0.16820728291316528,0.13992339144495952,0.016126054863561994,0
PDice1(obs6),0.16694677871148458,0.13908529165570563,0.016077687174787674,0
