Property,ObtainedValue,Variance,CI,Problems
PDice1(obs1),0.16633527072499235,0.13867315102085134,0.0118628984697747,0
PDice1(obs2),0.1673294585500153,0.13933563876659144,0.011891201212114337,0
PDice1(obs3),0.1671000305903946,0.13918293244311788,0.011884683283766169,0
PDice1(obs4),0.16381156316916487,0.13698257287993948,0.011790365842731637,0
PDice1(obs5),0.1661440807586418,0.13854552289027958,0.01185743819117536,0
PDice1(obs6),0.16927959620679106,0.14062939190059792,0.011946279483728749,0
