Property,ObtainedValue,Variance,CI,Problems
PDice1(obs1),0.16881942650477913,0.14032395899612538,0.010966206272146225,0
PDice1(obs2),0.16610694910875742,0.1385199035678158,0.010895485482304262,0
PDice1(obs3),0.16681735985533455,0.13899381661082255,0.010914107729547878,0
PDice1(obs4),0.16578403513304055,0.1383041548624978,0.010886997160932945,0
PDice1(obs5),0.16446008783260138,0.13741740474274425,0.01085203953326832,0
PDice1(obs6),0.16801214156548697,0.13978857582054352,0.01094526639428739,0
