Property,ObtainedValue,Variance,CI,Problems
PDice1(obs1),0.1680552733184312,0.13981980164927243,0.013730132802810466,0
PDice1(obs2),0.16622637675269253,0.13860220978840573,0.01367021906832384,0
PDice1(obs3),0.165616744564113,0.1381948591536347,0.013650115961948848,0
PDice1(obs4),0.16353383458646617,0.1367974692102914,0.013580927428472953,0
PDice1(obs5),0.16764885185937817,0.13954980383397103,0.013716869669869035,0
PDice1(obs6),0.16891891891891891,0.14039245006323195,0.013758220758294743,0
