Property,ObtainedValue,Variance,CI,Problems
PDice1(obs1),0.16954387076338295,0.14080989725949133,0.01720269064189098,0
PDice1(obs2),0.16693063034526448,0.13907580828638494,0.017096436004860688,0
PDice1(obs3),0.16400063351282865,0.13711528375662724,0.016975505748614853,0
PDice1(obs4),0.16558441558441558,0.1381771590253415,0.017041111506954674,0
PDice1(obs5),0.16764333227747863,0.13955009626740933,0.017125563042812927,0
PDice1(obs6),0.1662971175166297,0.13865336605805637,0.017070451078543415,0
