Property,ObtainedValue,Variance,CI,Problems
PDice1(obs1),0.1678110268497643,0.13965764217612206,0.013781104417988485,0
PDice1(obs2),0.16612010657921705,0.13853131511504885,0.01372542019834731,0
PDice1(obs3),0.16550522648083624,0.13812032377488592,0.01370504495332901,0
PDice1(obs4),0.1636605861856938,0.1368828125914883,0.013643510537660242,0
PDice1(obs5),0.1676573068251691,0.13955548511750174,0.013776063180659702,0
PDice1(obs6),0.16924574707931953,0.14060882897243185,0.013827955274876494,0
