Property,ObtainedValue,Variance,CI,Problems
PDice1(obs1),0.16735838066113295,0.13935462642810542,0.011603640136940343,0
PDice1(obs2),0.16652104266783166,0.13879683805429563,0.011580394173053093,0
PDice1(obs3),0.16684869666521043,0.13901527007621295,0.01158950293416684,0
PDice1(obs4),0.16448230668414154,0.13743288085342587,0.011523353397221185,0
PDice1(obs5),0.1651376146788991,0.1378722022724183,0.01154175662319717,0
PDice1(obs6),0.16965195864278432,0.1408753002775922,0.011666779322801519,0
