Property,ObtainedValue,Variance,CI,Problems
PDice1(obs1),0.16709629136870116,0.13918090744622635,0.01239256796841654,0
PDice1(obs2),0.1669715616164976,0.13909784244098564,0.012388869392310873,0
PDice1(obs3),0.1668052552802262,0.13898704069750664,0.012383934082822146,0
PDice1(obs4),0.16381174122734077,0.1369831499548575,0.012294335261945726,0
PDice1(obs5),0.16593214701480127,0.13840442398502883,0.012357950854432403,0
PDice1(obs6),0.16938300349243307,0.14069825137299188,0.01245993646043535,0
