Property,ObtainedValue,Variance,CI,Problems
PDice1(obs1),0.1686478454680535,0.14021319042098,0.014052544303035342,0
PDice1(obs2),0.1654638081086818,0.13809286452885053,0.013945887154207305,0
PDice1(obs3),0.1658883464232647,0.13837674622304702,0.013960214286621647,0
PDice1(obs4),0.16371258756102738,0.13691804210445419,0.013886438258891486,0
PDice1(obs5),0.1676395669709191,0.1395439477757717,0.0140189675374198,0
PDice1(obs6),0.1686478454680535,0.14021319042098,0.014052544303035342,0
