Property,ObtainedValue,Variance,CI,Problems
PDice1(obs1),0.16935286935286936,0.14067676915749203,0.010675453212167996,0
PDice1(obs2),0.16568986568986568,0.13824095390687777,0.010582627014581616,0
PDice1(obs3),0.16654456654456654,0.13881171113076848,0.010604450826599063,0
PDice1(obs4),0.16498778998778998,0.1377710246074665,0.010564624679269616,0
PDice1(obs5),0.16523199023199023,0.13793459009353878,0.010570894123064271,0
PDice1(obs6),0.1681929181929182,0.13990833116874815,0.010646256290680169,0
