Property,ObtainedValue,Variance,CI,Problems
PDice1(obs1),0.16976150925486475,0.1409467201368814,0.010533732931330218,0
PDice1(obs2),0.16551969625059326,0.13812702366947555,0.01042783481591477,0
PDice1(obs3),0.1664095870906502,0.13872155131623068,0.010450252512013156,0
PDice1(obs4),0.1647484575225439,0.1376104852101626,0.010408318638936279,0
PDice1(obs5),0.16593497864261983,0.13840466700700618,0.01043830983143129,0
PDice1(obs6),0.16762577123872804,0.13953151098246708,0.01048071628530136,0
