Property,ObtainedValue,Variance,CI,Problems
PDice1(obs1),0.1723404255319149,0.14266088424484094,0.023987588178280988,0
PDice1(obs2),0.17659574468085107,0.14543178973717147,0.024219423582472567,0
PDice1(obs3),0.1641337386018237,0.1372147077534626,0.023525261570611602,0
PDice1(obs4),0.15866261398176293,0.1335090790398297,0.023205425090554503,0
PDice1(obs5),0.1615501519756839,0.13547228886606597,0.02337541676146228,0
PDice1(obs6),0.16671732522796354,0.13894377477199027,0.02367302055311163,0
