Property,ObtainedValue,Variance,CI,Problems
PDice1(obs1),0.16821051187045424,0.13992053591447362,0.011287127340706563,0
PDice1(obs2),0.16563743653080829,0.13820641769064596,0.01121777693728615,0
PDice1(obs3),0.1677645121449156,0.1396243707966982,0.01127517547039163,0
PDice1(obs4),0.1647797447509263,0.13763210230765777,0.011194444993343794,0
PDice1(obs5),0.16488266776451216,0.13770109783935755,0.01119725055214173,0
PDice1(obs6),0.16872512693838343,0.14026177053271452,0.011300882337971533,0
