Property,ObtainedValue,Variance,CI,Problems
PDice1(obs1),0.1687077982258705,0.14025011924275058,0.011099641622542922,0
PDice1(obs2),0.16553025287965048,0.13813456043655847,0.011015609001265053,0
PDice1(obs3),0.1679134118893155,0.1397231227528219,0.011078768280432366,0
PDice1(obs4),0.16513305971137296,0.13786869567706994,0.01100500313706175,0
PDice1(obs5),0.16427247451343838,0.13729157290357172,0.010981945333871158,0
PDice1(obs6),0.16844300278035218,0.14007459398400543,0.011092693758854874,0
