Property,ObtainedValue,Variance,CI,Problems
PDice1(obs1),0.16945054945054944,0.14074092725044676,0.010129933338023953,0
PDice1(obs2),0.16527472527472528,0.13796278064637085,0.010029455434133961,0
PDice1(obs3),0.16631868131868133,0.13866058691987976,0.010054787590995387,0
PDice1(obs4),0.1648076923076923,0.13764989845452222,0.010018076208615558,0
PDice1(obs5),0.1662087912087912,0.13858723627535957,0.010052127777096086,0
PDice1(obs6),0.16793956043956043,0.1397397034817706,0.010093837112556625,0
