Property,ObtainedValue,Variance,CI,Problems
PDice1(obs1),0.1694757642682785,0.14075781996418005,0.010419056283683002,0
PDice1(obs2),0.16566895269092177,0.1382267676239881,0.010324955636775258,0
PDice1(obs3),0.1664245030803208,0.1387314193385546,0.010343786141026054,0
PDice1(obs4),0.16497152156224573,0.1377599218880919,0.010307505187870785,0
PDice1(obs5),0.16581425084272927,0.1383239047017345,0.010328582864328396,0
PDice1(obs6),0.1676450075555039,0.13954421410049977,0.01037404279437488,0
