Property,ObtainedValue,Variance,CI,Problems
PDice1(obs1),0.16707092673134827,0.13916405201406315,0.012428040418361324,0
PDice1(obs2),0.16711274673803947,0.13919189762179726,0.012429283731644617,0
PDice1(obs3),0.16698728671796587,0.13910835030467827,0.012425552949900024,0
PDice1(obs4),0.16364168618266978,0.13686880858045306,0.012325125996071943,0
PDice1(obs5),0.16594178655068584,0.1384108983717485,0.0123943646145022,0
PDice1(obs6),0.16924556707929073,0.14060738530509434,0.012492322586014563,0
