Property,ObtainedValue,Variance,CI,Problems
PDice1(obs1),0.16824694479561736,0.13994482484580148,0.01142052331007323,0
PDice1(obs2),0.16599943812333193,0.13844848660196699,0.011359303140096958,0
PDice1(obs3),0.16694760500070235,0.13908098633280636,0.011385220971285413,0
PDice1(obs4),0.1648054502036803,0.13764944766265597,0.01132647627537373,0
PDice1(obs5),0.1649810366624526,0.13776713221281117,0.011331317073884725,0
PDice1(obs6),0.16901952521421548,0.14045685777503006,0.011441397053948322,0
