Property,ObtainedValue,Variance,CI,Problems
PDice1(obs1),0.16938464883670362,0.1406973137030704,0.010074262892482241,0
PDice1(obs2),0.1651273363209094,0.1378640663099534,0.009998982487105783,0
PDice1(obs3),0.16634050880626222,0.1386751131011844,0.01000160367963672,0
PDice1(obs4),0.16489827171297308,0.13771059757625106,0.00999724079076279,0
PDice1(obs5),0.1660958904109589,0.1385118103258577,0.009995713038112067,0
PDice1(obs6),0.16810719721678627,0.13985096858509355,0.010043917024818104,0
