Property,ObtainedValue,Variance,CI,Problems
PDice1(obs1),0.17135455218356774,0.1420053085366922,0.01867354175588443,0
PDice1(obs2),0.16978164322723907,0.14096887986286818,0.01860527234647668,0
PDice1(obs3),0.16228719467061437,0.13596264093159457,0.018271920757013855,0
PDice1(obs4),0.16321243523316062,0.1365867737807629,0.018313811118500146,0
PDice1(obs5),0.16626572908956327,0.13863426342426713,0.018450566150063373,0
PDice1(obs6),0.16709844559585493,0.13918943344627427,0.018487472491077492,0
