Property,ObtainedValue,Variance,CI,Problems
PDice1(obs1),0.16978294207856554,0.14096085181389384,0.010503771022031446,0
PDice1(obs2),0.16562463135543234,0.1381971884952338,0.010400293415485722,0
PDice1(obs3),0.16639141205615193,0.138709400807479,0.010419549347515574,0
PDice1(obs4),0.16485785065471276,0.13768380024302226,0.01038095743416684,0
PDice1(obs5),0.16591954700955527,0.13839433239520577,0.010407708992169112,0
PDice1(obs6),0.16742361684558216,0.13939706040545108,0.01044534516477265,0
