Property,ObtainedValue,Variance,CI,Problems
PDice1(obs1),0.16866256888512082,0.14022293695292568,0.014042603738219637,0
PDice1(obs2),0.165536244171259,0.13814131594557716,0.013937982205109863,0
PDice1(obs3),0.16574819838914795,0.13828306053938558,0.013945131141982871,0
PDice1(obs4),0.1637876218736753,0.13696849455717608,0.013878689271442743,0
PDice1(obs5),0.1677087749046206,0.13958993839366624,0.014010872116692254,0
PDice1(obs6),0.16855659177617635,0.14015269363361682,0.014039086044600949,0
