Property,ObtainedValue,Variance,CI,Problems
PDice1(obs1),0.16943387524501327,0.14073009372199743,0.0103759028034852,0
PDice1(obs2),0.16565778853914448,0.13821926981826804,0.010282925836676081,0
PDice1(obs3),0.16626311541565778,0.13862368770812275,0.01029795833427435,0
PDice1(obs4),0.16470656059033784,0.13758227531021905,0.010259203632546251,0
PDice1(obs5),0.16614781505822668,0.13854671223096426,0.010295098792942678,0
PDice1(obs6),0.16779084515161996,0.13964110260218557,0.010335679672940563,0
