Property,ObtainedValue,Variance,CI,Problems
PDice1(obs1),0.17135549872122763,0.14200576271115165,0.018553791217860396,0
PDice1(obs2),0.16934599926927293,0.14068078170775264,0.018467030535526386,0
PDice1(obs3),0.16222141030325174,0.1359180392163538,0.018151738704075174,0
PDice1(obs4),0.16276945560833028,0.1362880085965064,0.018176426463704785,0
PDice1(obs5),0.16706247716477896,0.13916531737148252,0.0183672944389868,0
PDice1(obs6),0.16724515893313846,0.13928693833867029,0.01837531856565864,0
