Property,ObtainedValue,Variance,CI,Problems
PDice1(obs1),0.1671463457177743,0.1392145155843082,0.012693119506051159,0
PDice1(obs2),0.16692830978545264,0.13906931359911417,0.012686498260496207,0
PDice1(obs3),0.16679748822605966,0.13898214676792647,0.012682521771507553,0
PDice1(obs4),0.1640502354788069,0.13714373617063053,0.012598362401991286,0
PDice1(obs5),0.16623059480202337,0.13860402828549503,0.012665257820238399,0
PDice1(obs6),0.16884702598988313,0.140343827803723,0.012744498996745394,0
