Property,ObtainedValue,Variance,CI,Problems
PDice1(obs1),0.1673760177646188,0.13936773387590143,0.013080987439054047,0
PDice1(obs2),0.1673760177646188,0.13936773387590143,0.013080987439054047,0
PDice1(obs3),0.1666358253145818,0.1388747516639776,0.013057831408765359,0
PDice1(obs4),0.16362879348630643,0.13686074288405894,0.012962801058538604,0
PDice1(obs5),0.1663119911176906,0.1386587273621051,0.013047671510368406,0
PDice1(obs6),0.16867135455218357,0.14022781592887987,0.013121288797333368,0
