Property,ObtainedValue,Variance,CI,Problems
PDice1(obs1),0.17007628294036062,0.1411625776221077,0.018021014725189338,0
PDice1(obs2),0.16816920943134536,0.13990045372372692,0.01794027157755175,0
PDice1(obs3),0.1623613037447989,0.13601190100442062,0.017689188377709383,0
PDice1(obs4),0.16452843273231624,0.13747074422835404,0.017783801142786847,0
PDice1(obs5),0.16695561719833565,0.13909349642618166,0.01788845627142538,0
PDice1(obs6),0.16790915395284328,0.1397277822967787,0.01792919681455623,0
