Property,ObtainedValue,Variance,CI,Problems
PDice1(obs1),0.16838299737072743,0.14003783435126727,0.01426812661668587,0
PDice1(obs2),0.16575372480280456,0.13828700239642364,0.014178651990002535,0
PDice1(obs3),0.1658085013146363,0.1383236190917883,0.014180529031981684,0
PDice1(obs4),0.16416520595968448,0.1372225076822145,0.014123974913392765,0
PDice1(obs5),0.16739702015775634,0.13938289270873166,0.01423472227959604,0
PDice1(obs6),0.16849255039439087,0.14011048561965783,0.014271827270476668,0
