Property,ObtainedValue,Variance,CI,Problems
PDice1(obs1),0.16817514677103718,0.13990082235824403,0.015068560623444536,0
PDice1(obs2),0.16676859099804306,0.1389653264233586,0.015018095509954706,0
PDice1(obs3),0.16499510763209393,0.1377801479792435,0.014953916780666281,0
PDice1(obs4),0.16505626223091976,0.13782112092463747,0.014956140107030553,0
PDice1(obs5),0.16701320939334638,0.13912830561719594,0.015026899576165272,0
PDice1(obs6),0.1679916829745597,0.13977902555616686,0.01506199989674665,0
