Property,ObtainedValue,Variance,CI,Problems
PDice1(obs1),0.16880848409232688,0.14031655647688096,0.010777543273227694,0
PDice1(obs2),0.16593886462882096,0.13840747497347616,0.010703975073668775,0
PDice1(obs3),0.1667186525265128,0.13892787679733584,0.010724079269377271,0
PDice1(obs4),0.1651902682470368,0.13790674504394063,0.010684595133604764,0
PDice1(obs5),0.16490954460386775,0.13771868235688423,0.010677307385711045,0
PDice1(obs6),0.1684341859014348,0.1400684798693737,0.010768011827947937,0
