Property,ObtainedValue,Variance,CI,Problems
PDice1(obs1),0.16528239202657807,0.13800232953756103,0.03184317863643566,0
PDice1(obs2),0.17635658914728683,0.14529516829498154,0.03267373561725448,0
PDice1(obs3),0.1641749723145072,0.1372595517633612,0.03175736733965807,0
PDice1(obs4),0.16362126245847175,0.13688724283773004,0.0317142680444279,0
PDice1(obs5),0.15946843853820597,0.1340753750767082,0.03138684875959502,0
PDice1(obs6),0.17109634551495018,0.14186166116636964,0.03228536680497792,0
