Property,ObtainedValue,Variance,CI,Problems
PDice1(obs1),0.16920609462710506,0.1405794183858818,0.010337028268422168,0
PDice1(obs2),0.16588383549089242,0.13837035156341834,0.010255488572234002,0
PDice1(obs3),0.16605567648069652,0.1384851550269203,0.010259742090007259,0
PDice1(obs4),0.16479550922213312,0.13764189144882846,0.010228457590581243,0
PDice1(obs5),0.16642799862527208,0.13873369325471985,0.0102689445025446,0
PDice1(obs6),0.1676308855539008,0.13953476806109177,0.010298549250301227,0
