Property,ObtainedValue,Variance,CI,Problems
PDice1(obs1),0.17047853624208303,0.14142804581356938,0.018170748318678993,0
PDice1(obs2),0.16827938071780435,0.13997374370430546,0.018077082161810254,0
PDice1(obs3),0.1620337790288529,0.13579077848410775,0.01780492636181216,0
PDice1(obs4),0.16432090077410275,0.13733162288677542,0.01790565939163337,0
PDice1(obs5),0.16660802251935256,0.13886200451731734,0.018005150582423825,0
PDice1(obs6),0.16827938071780435,0.13997374370430546,0.018077082161810254,0
