Property,ObtainedValue,Variance,CI,Problems
PDice1(obs1),0.16772831377039793,0.1396005222545233,0.011514532513513953,0
PDice1(obs2),0.16608216432865733,0.13850383549907674,0.0114692148681148,0
PDice1(obs3),0.16694102490695678,0.13907669608878956,0.011492909090838539,0
PDice1(obs4),0.16461494417406242,0.1375217856636479,0.011428481782734883,0
PDice1(obs5),0.16515173203549957,0.13788157165143933,0.011443421676660076,0
PDice1(obs6),0.169481820784426,0.140762770524459,0.011562365451453284,0
