Property,ObtainedValue,Variance,CI,Problems
PDice1(obs1),0.1689963656695555,0.14044640999587718,0.016140349356732035,0
PDice1(obs2),0.16585127201565558,0.13835429730249874,0.016019683664840637,0
PDice1(obs3),0.1636147609728823,0.13685453586094096,0.01593262034503471,0
PDice1(obs4),0.1664103997763489,0.1387276744343687,0.01604128528328966,0
PDice1(obs5),0.16808778305842886,0.13984405408153203,0.01610570026299086,0
PDice1(obs6),0.1670394185071289,0.1391469762890866,0.016065509238444138,0
