Property,ObtainedValue,Variance,CI,Problems
PDice1(obs1),0.1664092664092664,0.13872257854651,0.01192259439571811,0
PDice1(obs2),0.16741312741312742,0.13939135408844663,0.011951298996961656,0
PDice1(obs3),0.1671042471042471,0.1391857916727603,0.011942483370183566,0
PDice1(obs4),0.16355212355212356,0.1368081086000697,0.011840038445249224,0
PDice1(obs5),0.16637065637065637,0.13869681615888033,0.011921487262461748,0
PDice1(obs6),0.16915057915057916,0.14054408713623356,0.012000614437511558,0
