Property,ObtainedValue,Variance,CI,Problems
PDice1(obs1),0.16890012642225033,0.14038174740500328,0.015346140063309048,0
PDice1(obs2),0.16561314791403287,0.13819416856092256,0.015226100580215585,0
PDice1(obs3),0.16491782553729456,0.13772864233979382,0.015200433330402165,0
PDice1(obs4),0.16561314791403287,0.13819416856092256,0.015226100580215585,0
PDice1(obs5),0.16769911504424778,0.1395849451790638,0.015302525991645359,0
PDice1(obs6),0.1672566371681416,0.13929065921063893,0.01528638637587491,0
