Property,ObtainedValue,Variance,CI,Problems
PDice1(obs1),0.17461573236889694,0.14414136922008072,0.020793080735353613,0
PDice1(obs2),0.16975587703435804,0.1409547499371984,0.020561953656714694,0
PDice1(obs3),0.162748643761302,0.13627692471840455,0.02021788307258213,0
PDice1(obs4),0.16184448462929477,0.13566618040136202,0.02017252754712406,0
PDice1(obs5),0.1630877034358047,0.1365055322642855,0.02023483393900937,0
PDice1(obs6),0.1679475587703436,0.13975697159119133,0.02047440354744442,0
