Property,ObtainedValue,Variance,CI,Problems
PDice1(obs1),0.1549636803874092,0.13102925367705828,0.045880293497002504,0
PDice1(obs2),0.1694915254237288,0.14084940816556993,0.047568512066052504,0
PDice1(obs3),0.16707021791767554,0.13924204715610028,0.04729630941980833,0
PDice1(obs4),0.17372881355932204,0.1436340584545576,0.048036435077869574,0
PDice1(obs5),0.16404358353510895,0.13721634697879193,0.046951014454331884,0
PDice1(obs6),0.17070217917675545,0.1416486889595124,0.04770329009614076,0
