Property,ObtainedValue,Variance,CI,Problems
PDice1(obs1),0.16714285714285715,0.13921214894893408,0.01264677098142636,0
PDice1(obs2),0.16688311688311688,0.13903916119379992,0.0126389109757013,0
PDice1(obs3),0.167012987012987,0.13912567193834782,0.012642842355761894,0
PDice1(obs4),0.16367965367965367,0.13689455082199356,0.012541057695799834,0
PDice1(obs5),0.16627705627705627,0.13863499834797294,0.012620528040500015,0
PDice1(obs6),0.16900432900432902,0.14044794577977834,0.012702780130476621,0
