Property,ObtainedValue,Variance,CI,Problems
PDice1(obs1),0.17481801637852593,0.14427308711479986,0.02086872412585294,0
PDice1(obs2),0.17015468607825296,0.14121813100067496,0.020646596255390302,0
PDice1(obs3),0.16207916287534122,0.13582495653539287,0.020248507763017884,0
PDice1(obs4),0.16185168334849864,0.1356711471499359,0.020237039720579227,0
PDice1(obs5),0.16276160145586896,0.13628576365790598,0.020282826772971642,0
PDice1(obs6),0.16833484986351227,0.14001415336162004,0.02055839493910434,0
