Property,ObtainedValue,Variance,CI,Problems
PDice1(obs1),0.1744829244829245,0.1440559562928775,0.02144151384581387,0
PDice1(obs2),0.17087542087542087,0.14169405014263706,0.021265012484761488,0
PDice1(obs3),0.16378066378066378,0.13697302897543426,0.020907753191609445,0
PDice1(obs4),0.1596921596921597,0.13420671219829367,0.020695549088915768,0
PDice1(obs5),0.1620971620971621,0.13583800667384552,0.020820947299537495,0
PDice1(obs6),0.16907166907166907,0.1405033353319583,0.021175474551360176,0
