Property,ObtainedValue,Variance,CI,Problems
PDice1(obs1),0.17367199587416193,0.14352853920793085,0.022161405860560215,0
PDice1(obs2),0.17367199587416193,0.14352853920793085,0.022161405860560215,0
PDice1(obs3),0.16451779267663744,0.13746941283618447,0.021688584753225024,0
PDice1(obs4),0.15948942753996906,0.13406983599394692,0.02141872989397654,0
PDice1(obs5),0.16168127900979887,0.1355579208409687,0.021537268611922858,0
PDice1(obs6),0.16696750902527077,0.13910729539810116,0.021817406753536498,0
