Property,ObtainedValue,Variance,CI,Problems
PDice1(obs1),0.16977119389850395,0.1409592729097883,0.01656343487340082,0
PDice1(obs2),0.16537107656204164,0.138033606333157,0.016390643195462924,0
PDice1(obs3),0.16324435318275154,0.13660565235168282,0.016305642407565504,0
PDice1(obs4),0.16617776474039309,0.13857287752829256,0.016422629556340617,0
PDice1(obs5),0.16845115869756527,0.1400856390518293,0.016512026874491242,0
PDice1(obs6),0.1669844529187445,0.13911084713634167,0.016454476760595384,0
