Property,ObtainedValue,Variance,CI,Problems
PDice1(obs1),0.14285714285714285,0.12392426850258176,0.2025419434589719,0
PDice1(obs2),0.15476190476190477,0.13238668961560526,0.20934324515388306,0
PDice1(obs3),0.17857142857142858,0.14845094664371772,0.22168090028508594,0
PDice1(obs4),0.19047619047619047,0.15605278255880667,0.22728592868770436,0
PDice1(obs5),0.13095238095238096,0.11517498565691338,0.19526116415624184,0
PDice1(obs6),0.20238095238095238,0.16336775674125073,0.23255193829893817,0
