Property,ObtainedValue,Variance,CI,Problems
PDice1(obs1),0.1679498146564015,0.13974765543892484,0.011497580633869728,0
PDice1(obs2),0.16620330767037353,0.13858470776450002,0.01144964058529316,0
PDice1(obs3),0.16680923866552608,0.13898887054162673,0.01146632406229772,0
PDice1(obs4),0.1645280866837753,0.13746349498726407,0.011403230146677124,0
PDice1(obs5),0.16520530367835756,0.13791742710571422,0.011422042509077324,0
PDice1(obs6),0.169304248645566,0.14064533305769245,0.011534449228215723,0
