Property,ObtainedValue,Variance,CI,Problems
PDice1(obs1),0.16640786749482403,0.13875219808460473,0.030870840386780746,0
PDice1(obs2),0.17650103519668736,0.14538604555937334,0.03160020342725165,0
PDice1(obs3),0.1627846790890269,0.13632110713254003,0.03059919974800926,0
PDice1(obs4),0.16511387163561075,0.1378869660617345,0.03077443755253835,0
PDice1(obs5),0.16071428571428573,0.1349201212972893,0.030441558138664383,0
PDice1(obs6),0.16847826086956522,0.1401296019088566,0.031023690597165626,0
