Property,ObtainedValue,Variance,CI,Problems
PDice1(obs1),0.17132505175983437,0.14199727758455297,0.025498985140632945,0
PDice1(obs2),0.17736369910282954,0.1459309952238639,0.02584976855400628,0
PDice1(obs3),0.16235334713595584,0.13601820540898457,0.02495636950171353,0
PDice1(obs4),0.1606280193236715,0.13484992476439375,0.024848961379098023,0
PDice1(obs5),0.15976535541752934,0.13426355148979602,0.024794876658351978,0
PDice1(obs6),0.16856452726017943,0.14017471214267554,0.025334814181745605,0
