Property,ObtainedValue,Variance,CI,Problems
PDice1(obs1),0.16710526315789473,0.1391876349551448,0.013175332713751809,0
PDice1(obs2),0.16715225563909775,0.1392189213164025,0.013176813395056015,0
PDice1(obs3),0.16710526315789473,0.1391876349551448,0.013175332713751809,0
PDice1(obs4),0.16362781954887218,0.136860187618348,0.013064711651414498,0
PDice1(obs5),0.1663063909774436,0.13865509104426088,0.013150103578052389,0
PDice1(obs6),0.168703007518797,0.14024889341639735,0.013225466052204558,0
