Property,ObtainedValue,Variance,CI,Problems
PDice1(obs1),0.16703359425962166,0.13913904530999838,0.012269885671412656,0
PDice1(obs2),0.16727821265492498,0.13930189152676,0.0122770638152664,0
PDice1(obs3),0.16666666666666666,0.13889455158260963,0.012259100671818117,0
PDice1(obs4),0.1642204827136334,0.1372577117311324,0.01218665127025408,0
PDice1(obs5),0.16552511415525115,0.1381321823512733,0.012225410289525866,0
PDice1(obs6),0.16927592954990214,0.14062732256324892,0.012335332504570206,0
