Property,ObtainedValue,Variance,CI,Problems
PDice1(obs1),0.16897449958870303,0.14043174460230665,0.015983866496949398,0
PDice1(obs2),0.1662325198793529,0.1386087707748385,0.015879782654193392,0
PDice1(obs3),0.1635590896627365,0.1368168925800172,0.015776805050750572,0
PDice1(obs4),0.1659583219084179,0.13842564630559542,0.015869289314323264,0
PDice1(obs5),0.16822045516863174,0.1399319258940274,0.0159553965923492,0
PDice1(obs6),0.16705511379215793,0.13915724190639,0.015911169569329003,0
