Property,ObtainedValue,Variance,CI,Problems
PDice1(obs1),0.1713630406290957,0.1420210158122179,0.02484941219477822,0
PDice1(obs2),0.17660550458715596,0.1454398273070696,0.02514672820895783,0
PDice1(obs3),0.16431847968545216,0.13734041698762764,0.02443649948566168,0
PDice1(obs4),0.15825688073394495,0.1332334676734408,0.02406835887544604,0
PDice1(obs5),0.16071428571428573,0.13490730554060065,0.024219074712657003,0
PDice1(obs6),0.16874180865006552,0.1402909941160794,0.0246975975295525,0
