Property,ObtainedValue,Variance,CI,Problems
PDice1(obs1),0.16869766279215098,0.14024314341109198,0.010784146105090847,0
PDice1(obs2),0.16597925259342583,0.13843446583831898,0.010714380342025947,0
PDice1(obs3),0.16676040494938132,0.1389557141138378,0.010734532855874213,0
PDice1(obs4),0.16526059242594676,0.1379538395356425,0.010695764708812047,0
PDice1(obs5),0.16482314710661167,0.1376607786461464,0.010684397947321093,0
PDice1(obs6),0.16847894013248343,0.14009816438476547,0.010778570505310838,0
