Property,ObtainedValue,Variance,CI,Problems
PDice1(obs1),0.17354910714285715,0.14344982708445456,0.02304613446315986,0
PDice1(obs2),0.17368861607142858,0.14354090595661662,0.02305344950461809,0
PDice1(obs3),0.16545758928571427,0.13810064170603362,0.022612361780136706,0
PDice1(obs4),0.15848214285714285,0.13338416153401503,0.022222873210851743,0
PDice1(obs5),0.16127232142857142,0.13528243287687616,0.02238044818537042,0
PDice1(obs6),0.16755022321428573,0.13949660693730193,0.022726360893832696,0
