Property,ObtainedValue,Variance,CI,Problems
PDice1(obs1),0.16871575571294936,0.140255435289486,0.01115164811870089,0
PDice1(obs2),0.16574234932513698,0.13827644265136466,0.011072694202805352,0
PDice1(obs3),0.16754643859414672,0.13947928938058718,0.011120749802773203,0
PDice1(obs4),0.1654082587197648,0.13805297888738916,0.011063743486540186,0
PDice1(obs5),0.1642723506614994,0.137291532250757,0.01103318964054362,0
PDice1(obs6),0.16831484698650273,0.13998963619264304,0.011141076322872394,0
