Property,ObtainedValue,Variance,CI,Problems
PDice1(obs1),0.16925998529772115,0.1406153496874075,0.01069141407528638,0
PDice1(obs2),0.16549252634158296,0.13810898030987312,0.010595702202959042,0
PDice1(obs3),0.16665645675079638,0.13888633622749155,0.010625479680793627,0
PDice1(obs4),0.16518622886547416,0.137903962622247,0.010587834817595518,0
PDice1(obs5),0.1651249693702524,0.13786293656767756,0.01058625977438412,0
PDice1(obs6),0.168279833374173,0.13996601817754445,0.010666700183459074,0
