Property,ObtainedValue,Variance,CI,Problems
PDice1(obs1),0.1691326530612245,0.1405357614695856,0.015422950746160418,0
PDice1(obs2),0.1659438775510204,0.13841533456293417,0.01530615649795881,0
PDice1(obs3),0.16454081632653061,0.1374759036850278,0.015254126290892494,0
PDice1(obs4),0.16568877551020408,0.13824482181417755,0.015296725826500922,0
PDice1(obs5),0.16747448979591836,0.13943567764499765,0.015362468376180771,0
PDice1(obs6),0.16721938775510203,0.13926594587066282,0.015353115343101803,0
