Property,ObtainedValue,Variance,CI,Problems
PDice1(obs1),0.16953614114968696,0.14080365532837397,0.01630508870002047,0
PDice1(obs2),0.1654097894137735,0.13805921306389018,0.016145403298329208,0
PDice1(obs3),0.16334661354581673,0.13667422093908252,0.016064214870895804,0
PDice1(obs4),0.1666903813318156,0.13891458104159063,0.016195341783965825,0
PDice1(obs5),0.16832669322709162,0.1400027779313199,0.016258651700016804,0
PDice1(obs6),0.1666903813318156,0.13891458104159063,0.016195341783965825,0
