Property,ObtainedValue,Variance,CI,Problems
PDice1(obs1),0.1686435124508519,0.14020747211296128,0.011041813060803606,0
PDice1(obs2),0.1657929226736566,0.1383101612527048,0.010966848763123331,0
PDice1(obs3),0.16746395806028833,0.13942434910560197,0.011010933086788056,0
PDice1(obs4),0.16530144167758848,0.13798139607249799,0.010953806832150427,0
PDice1(obs5),0.1645478374836173,0.13747635113068166,0.010933741676848907,0
PDice1(obs6),0.1682503276539974,0.13994674030920812,0.011031541527220218,0
