Property,ObtainedValue,Variance,CI,Problems
PDice1(obs1),0.1689608134920635,0.14041741021448625,0.010748609854723751,0
PDice1(obs2),0.16582961309523808,0.13833444115807073,0.010668588888392193,0
PDice1(obs3),0.16675967261904762,0.13895519209369533,0.010692498782922827,0
PDice1(obs4),0.1652095734126984,0.1379196460481702,0.010652582025821103,0
PDice1(obs5),0.1648685515873016,0.13769118098461416,0.010643755322686767,0
PDice1(obs6),0.16837177579365079,0.14002706202649767,0.01073365935693872,0
