Property,ObtainedValue,Variance,CI,Problems
PDice1(obs1),0.1671584794306544,0.139222563782195,0.012662601963883158,0
PDice1(obs2),0.1668981079673668,0.1390491635966457,0.012654713940649605,0
PDice1(obs3),0.1668547127234855,0.13902025038311844,0.012653398192107593,0
PDice1(obs4),0.16381704565179656,0.13698696578850272,0.012560524215314579,0
PDice1(obs5),0.1661169935775039,0.13852814948510678,0.012630983224870341,0
PDice1(obs6),0.16915466064919285,0.14054746052117548,0.01272271045172159,0
