Property,ObtainedValue,Variance,CI,Problems
PDice1(obs1),0.16701680672268907,0.1391280387107572,0.012455636577309429,0
PDice1(obs2),0.16701680672268907,0.1391280387107572,0.012455636577309429,0
PDice1(obs3),0.16701680672268907,0.1391280387107572,0.012455636577309429,0
PDice1(obs4),0.1638235294117647,0.13699113655294462,0.012359611823098443,0
PDice1(obs5),0.16596638655462184,0.13842736136431125,0.012424232417352955,0
PDice1(obs6),0.1691596638655462,0.14055057747289007,0.01251915204223296,0
