Property,ObtainedValue,Variance,CI,Problems
PDice1(obs1),0.16725641869651087,0.13928744015136746,0.012332870618797913,0
PDice1(obs2),0.16709183673469388,0.13917788137350978,0.012328019355710196,0
PDice1(obs3),0.16663923633969716,0.13887631538592876,0.012314656142629384,0
PDice1(obs4),0.16388248847926268,0.13703065664268183,0.012232551881850802,0
PDice1(obs5),0.1656928900592495,0.13824444437852948,0.012286609080299389,0
PDice1(obs6),0.1694371296905859,0.14073397934140505,0.01239674537059985,0
