Property,ObtainedValue,Variance,CI,Problems
PDice1(obs1),0.1718174375767499,0.1423107688372364,0.019659579686592942,0
PDice1(obs2),0.16946377404830126,0.140760207775664,0.019552184905014643,0
PDice1(obs3),0.16404011461318052,0.1371449898961285,0.019299467195215584,0
PDice1(obs4),0.16230045026606632,0.13597292865397798,0.019216822200561614,0
PDice1(obs5),0.16567744576340565,0.1382425765335223,0.019376541187919892,0
PDice1(obs6),0.16670077773229636,0.1389258451616098,0.019424366772210006,0
