Property,ObtainedValue,Variance,CI,Problems
PDice1(obs1),0.16872623574144488,0.14026721696085487,0.015898394804924273,0
PDice1(obs2),0.1660103204780011,0.13846029513351582,0.015795661344687874,0
PDice1(obs3),0.16431287343834872,0.13732347703396458,0.015730683135519615,0
PDice1(obs4),0.16594242259641498,0.13841493305998245,0.015793073661890904,0
PDice1(obs5),0.16804725692558392,0.13981686963462892,0.015872852287317107,0
PDice1(obs6),0.1669608908202064,0.13909439597155648,0.015831789394095845,0
