Property,ObtainedValue,Variance,CI,Problems
PDice1(obs1),0.1688881294144452,0.14037292488101225,0.014567196003363788,0
PDice1(obs2),0.1661540214171793,0.13855475474372472,0.014472548249622623,0
PDice1(obs3),0.16552745500113922,0.13813598494825916,0.01445066068439506,0
PDice1(obs4),0.16398951925267716,0.13710476639541683,0.014396620800919812,0
PDice1(obs5),0.16780587833219412,0.1396550203607722,0.01452989799438821,0
PDice1(obs6),0.167634996582365,0.13954145286574193,0.014523988934617907,0
