Property,ObtainedValue,Variance,CI,Problems
PDice1(obs1),0.16819056785370548,0.13990730987218794,0.011297451584750257,0
PDice1(obs2),0.16561253952976762,0.13818977637570312,0.011227892420539549,0
PDice1(obs3),0.16777808332187544,0.13963339779677308,0.01128638702881866,0
PDice1(obs4),0.16489069159906503,0.13770648490596007,0.011208241555333391,0
PDice1(obs5),0.16482194417709337,0.1376604027936763,0.011206366034860272,0
PDice1(obs6),0.16870617351849307,0.1402492214214443,0.011311247761949906,0
