Property,ObtainedValue,Variance,CI,Problems
PDice1(obs1),0.16891366346901737,0.14039093751213721,0.015540385836272805,0
PDice1(obs2),0.16586725434275343,0.1383642766666814,0.015427808826433985,0
PDice1(obs3),0.16450609281825254,0.13745274754827735,0.015376906472365084,0
PDice1(obs4),0.16567280269639617,0.13823428510455768,0.015420560003719684,0
PDice1(obs5),0.16768213637542131,0.13957388430652656,0.015495098546548668,0
PDice1(obs6),0.1673580502981592,0.1393583661197999,0.015483130814588398,0
