Property,ObtainedValue,Variance,CI,Problems
PDice1(obs1),0.16483516483516483,0.13785389301207732,0.07089096744116145,0
PDice1(obs2),0.16346153846153846,0.13692995450216908,0.07065300168236055,0
PDice1(obs3),0.1662087912087912,0.1387740526323745,0.07112716865966971,0
PDice1(obs4),0.17994505494505494,0.14776780990673702,0.07339581611015436,0
PDice1(obs5),0.1620879120879121,0.13600223710264975,0.07041325349316416,0
PDice1(obs6),0.16346153846153846,0.13692995450216908,0.07065300168236055,0
