Property,ObtainedValue,Variance,CI,Problems
PDice1(obs1),0.16758793969849245,0.13950722960435546,0.011528024117786891,0
PDice1(obs2),0.16597272074659009,0.1384307455137574,0.01148346095496043,0
PDice1(obs3),0.16694185211773152,0.13907726213433472,0.011510245467718148,0
PDice1(obs4),0.16464465183058147,0.137541727343161,0.011446527508173219,0
PDice1(obs5),0.16525484565685572,0.13795063320994425,0.01146352990712589,0
PDice1(obs6),0.16959798994974876,0.14083956701559414,0.011582941417055315,0
