Property,ObtainedValue,Variance,CI,Problems
PDice1(obs1),0.16823998321795677,0.1399426303999997,0.013956275052366358,0
PDice1(obs2),0.16572267673589258,0.13826592235352073,0.013872415278373134,0
PDice1(obs3),0.16567023285084959,0.1382308561611248,0.013870656046519022,0
PDice1(obs4),0.16388714075938746,0.13703533251832561,0.013810543896142896,0
PDice1(obs5),0.16766310048248373,0.13955950426168248,0.013937157652441185,0
PDice1(obs6),0.16881686595342982,0.14032509091602818,0.013975333155475547,0
