Property,ObtainedValue,Variance,CI,Problems
PDice1(obs1),0.1668443496801706,0.1390443713943517,0.03136117796110703,0
PDice1(obs2),0.17590618336886993,0.1450018445685273,0.03202597968703235,0
PDice1(obs3),0.16257995735607675,0.13618401120042473,0.03103692746981676,0
PDice1(obs4),0.1652452025586354,0.13797599957708506,0.031240461070648796,0
PDice1(obs5),0.16044776119402984,0.13474018868600215,0.030871962354713112,0
PDice1(obs6),0.1689765458422175,0.14046090907385608,0.03152052176462093,0
