Property,ObtainedValue,Variance,CI,Problems
PDice1(obs1),0.1742857142857143,0.14392733828857177,0.02132451090942371,0
PDice1(obs2),0.17107142857142857,0.14182287857397988,0.02116803671978719,0
PDice1(obs3),0.16345238095238096,0.13675198011101095,0.02078615894819787,0
PDice1(obs4),0.1601190476190476,0.13449694975025372,0.02061406541020082,0
PDice1(obs5),0.16202380952380951,0.13578825994024232,0.020712787220597845,0
PDice1(obs6),0.16904761904761906,0.14048724621411846,0.0210681247882162,0
