Property,ObtainedValue,Variance,CI,Problems
PDice1(obs1),0.17332361516034986,0.14330342930082285,0.023545792317311784,0
PDice1(obs2),0.17551020408163265,0.1447274696436382,0.023662493188890125,0
PDice1(obs3),0.16443148688046647,0.13741380416953403,0.023056861923507088,0
PDice1(obs4),0.15932944606413993,0.13396310182998908,0.02276552210027238,0
PDice1(obs5),0.1606413994169096,0.13485539843163225,0.022841214152389846,0
PDice1(obs6),0.16676384839650146,0.13897392585426482,0.023187380053595424,0
