Property,ObtainedValue,Variance,CI,Problems
PDice1(obs1),0.16363636363636364,0.13690395346777287,0.03434628045665779,0
PDice1(obs2),0.1788961038961039,0.14693999569770924,0.03558293181252872,0
PDice1(obs3),0.16590909090909092,0.1384282086864094,0.03453695275473798,0
PDice1(obs4),0.16688311688311688,0.13907829747388045,0.034617954263408794,0
PDice1(obs5),0.15487012987012988,0.13092788179667036,0.03358828177523396,0
PDice1(obs6),0.1698051948051948,0.14101717541957878,0.03485842196167821,0
