Property,ObtainedValue,Variance,CI,Problems
PDice1(obs1),0.16831916902738434,0.13999254754930104,0.0111936709940409,0
PDice1(obs2),0.1659247268312424,0.13839837927861748,0.011129754420614084,0
PDice1(obs3),0.1678470254957507,0.13967911214150108,0.01118113297353513,0
PDice1(obs4),0.16484554161607987,0.1376761320893259,0.011100675508320414,0
PDice1(obs5),0.1645420207743154,0.1374725803730773,0.011092466397142932,0
PDice1(obs6),0.1685215162552273,0.1401267405238484,0.011199034680304133,0
