Property,ObtainedValue,Variance,CI,Problems
PDice1(obs1),0.16939124069781628,0.14070213954202362,0.010671856154099598,0
PDice1(obs2),0.16567036720751493,0.13822791244483418,0.010577608447529887,0
PDice1(obs3),0.1664633402464316,0.1387575285611668,0.010597852969854153,0
PDice1(obs4),0.16496889105770404,0.13775835752794946,0.010559627299124155,0
PDice1(obs5),0.1652128827619861,0.13792179260311468,0.010565889358079983,0
PDice1(obs6),0.16829327802854702,0.13997491968885467,0.01064424165013314,0
