Property,ObtainedValue,Variance,CI,Problems
PDice1(obs1),0.17277707543194268,0.14294021665700282,0.0199915021732532,0
PDice1(obs2),0.1695111672987779,0.1407919641572296,0.019840707030577307,0
PDice1(obs3),0.16361146228402865,0.13685716985279778,0.019561492517168672,0
PDice1(obs4),0.16213653603034134,0.1358625930933837,0.01949028367308922,0
PDice1(obs5),0.16487568478718923,0.13770620095965114,0.019622076250886127,0
PDice1(obs6),0.16708807416772017,0.13918431296702094,0.019727104969252687,0
