Property,ObtainedValue,Variance,CI,Problems
PDice1(obs1),0.1677752762996316,0.13963387755275586,0.013770057298758465,0
PDice1(obs2),0.166189111747851,0.13857738141753978,0.013717864967568811,0
PDice1(obs3),0.16567744576340565,0.1382355027691804,0.013700933123458344,0
PDice1(obs4),0.16363078182562424,0.13686275186622596,0.0136327346705476,0
PDice1(obs5),0.16751944330740892,0.13946381531042026,0.013761669361979308,0
PDice1(obs6),0.1692079410560786,0.14058380693483846,0.013816816762864444,0
