Property,ObtainedValue,Variance,CI,Problems
PDice1(obs1),0.16923862475887894,0.14060090110035256,0.010288433303700304,0
PDice1(obs2),0.16591966413253148,0.13839425504209307,0.010207378652748521,0
PDice1(obs3),0.16611823442641552,0.13852689623553688,0.010212269009766234,0
PDice1(obs4),0.1645580392601838,0.137482590969098,0.010173702846373854,0
PDice1(obs5),0.16654374219902418,0.1388108618067439,0.01022273069000083,0
PDice1(obs6),0.16762169522296608,0.13952862054771478,0.010249126296185148,0
