Property,ObtainedValue,Variance,CI,Problems
PDice1(obs1),0.1694634577169353,0.14074947888874215,0.010153699802605613,0
PDice1(obs2),0.16529587105321264,0.13797695421772266,0.010053197124177893,0
PDice1(obs3),0.16637226760874366,0.13869636418687017,0.010079371666879932,0
PDice1(obs4),0.1646886729962464,0.1375701109058927,0.010038364591014565,0
PDice1(obs5),0.16620666813866194,0.13858583656175588,0.010075354722905229,0
PDice1(obs6),0.16797306248620003,0.1397619701832405,0.010118017552463726,0
