Property,ObtainedValue,Variance,CI,Problems
PDice1(obs1),0.1688746244195575,0.14036557084002146,0.01594951617027272,0
PDice1(obs2),0.1659382682327233,0.13841221117219712,0.015838148785899293,0
PDice1(obs3),0.16402622234362196,0.13713098503931026,0.0157646746760134,0
PDice1(obs4),0.16566511881999454,0.1382296265616809,0.015827698997896756,0
PDice1(obs5),0.16846490030046435,0.14009404431870207,0.015934082139672665,0
PDice1(obs6),0.16703086588363836,0.13914105730032236,0.01587979401635141,0
