Property,ObtainedValue,Variance,CI,Problems
PDice1(obs1),0.16944124423963133,0.14073496241649383,0.010371897536142332,0
PDice1(obs2),0.16572580645161292,0.1382647458071206,0.01028046944810185,0
PDice1(obs3),0.16621543778801842,0.1385918577299273,0.010292623224036292,0
PDice1(obs4),0.16474654377880185,0.13760908348700288,0.010256065083745472,0
PDice1(obs5),0.16610023041474653,0.13851493335632237,0.010289766405814938,0
PDice1(obs6),0.16777073732718895,0.13962773856012917,0.010331016830571789,0
