Property,ObtainedValue,Variance,CI,Problems
PDice1(obs1),0.1742671009771987,0.14391482056267088,0.021079079029356237,0
PDice1(obs2),0.17100977198697068,0.1417819238137467,0.0209222941824436,0
PDice1(obs3),0.16286644951140064,0.1363568319585851,0.020518108549511298,0
PDice1(obs4),0.16112145183806423,0.13517705517210948,0.020429153065490428,0
PDice1(obs5),0.16251744997673337,0.13612136386067522,0.020500385024083696,0
PDice1(obs6),0.1682177757096324,0.13993683494169534,0.02078571150904701,0
