Property,ObtainedValue,Variance,CI,Problems
PDice1(obs1),0.167045263335016,0.1391469967311704,0.012463818986209976,0
PDice1(obs2),0.16708732963149925,0.13917500848528394,0.012465073472011572,0
PDice1(obs3),0.1669190644455662,0.13906294023305682,0.012460053819627219,0
PDice1(obs4),0.16372202591283863,0.13692288398246738,0.01236380746666415,0
PDice1(obs5),0.16607773851590105,0.1385017495410047,0.012434887031708482,0
PDice1(obs6),0.16914857815917886,0.14054324879987976,0.012526196166512482,0
