Property,ObtainedValue,Variance,CI,Problems
PDice1(obs1),0.171875,0.14235668154999204,0.024543301261841875,0
PDice1(obs2),0.17649872448979592,0.1453701023743894,0.024801708483648283,0
PDice1(obs3),0.1639030612244898,0.13706070053599498,0.024082442056040813,0
PDice1(obs4),0.15880102040816327,0.13360455807263105,0.02377687024872373,0
PDice1(obs5),0.1611926020408163,0.1352311081704249,0.023921166497523114,0
PDice1(obs6),0.1677295918367347,0.1396186364834564,0.024306126094390094,0
