Property,ObtainedValue,Variance,CI,Problems
PDice1(obs1),0.1697468504872831,0.1409370448125435,0.010542130941616936,0
PDice1(obs2),0.16543855478963632,0.13807274184909538,0.010434455717788288,0
PDice1(obs3),0.16627050154504397,0.138628740851402,0.010455443633733642,0
PDice1(obs4),0.16484430710720227,0.13767475216666888,0.010419406394653975,0
PDice1(obs5),0.16600309008794867,0.13845017785406719,0.010448707812141878,0
PDice1(obs6),0.16769669598288567,0.13957866135411062,0.010491204199548751,0
