Property,ObtainedValue,Variance,CI,Problems
PDice1(obs1),0.1684534977217904,0.14008160999279118,0.011160406657607357,0
PDice1(obs2),0.16590726346823909,0.1383866797770389,0.011092682997909246,0
PDice1(obs3),0.1676829268292683,0.13957003890573633,0.01114000939252843,0
PDice1(obs4),0.1652036987402841,0.1379160572758287,0.01107380505314613,0
PDice1(obs5),0.16433261860091128,0.1373320101103136,0.011050332491667593,0
PDice1(obs6),0.16841999463950683,0.14005939246648572,0.011159521579041277,0
