Property,ObtainedValue,Variance,CI,Problems
PDice1(obs1),0.16712136243386244,0.13919756651977572,0.012357397299510006,0
PDice1(obs2),0.16712136243386244,0.13919756651977572,0.012357397299510006,0
PDice1(obs3),0.16666666666666666,0.1388946302343847,0.012343943246040857,0
PDice1(obs4),0.16397982804232805,0.137096111039481,0.01226376319716468,0
PDice1(obs5),0.16567460317460317,0.13823224300261214,0.012314473992712429,0
PDice1(obs6),0.16943617724867724,0.1407333764399021,0.012425381788813387,0
