Property,ObtainedValue,Variance,CI,Problems
PDice1(obs1),0.17396675651392632,0.1437184650297572,0.02069716131698443,0
PDice1(obs2),0.1699236298292902,0.1410654327831387,0.020505237431614375,0
PDice1(obs3),0.162848158131177,0.13634394818710474,0.02015916003537179,0
PDice1(obs4),0.1619496855345912,0.13573722941245867,0.020114256766641293,0
PDice1(obs5),0.1632973944294699,0.13664670206666862,0.020181529490153834,0
PDice1(obs6),0.16801437556154536,0.13980124611478467,0.020413149716327503,0
