Property,ObtainedValue,Variance,CI,Problems
PDice1(obs1),0.16890354868061874,0.14038312349533993,0.014556122045973717,0
PDice1(obs2),0.16623066424021837,0.13860591300835134,0.014463690388341667,0
PDice1(obs3),0.16566196542311193,0.1382259395280939,0.014443851442158595,0
PDice1(obs4),0.16395586897179254,0.1370821378464609,0.01438396680384623,0
PDice1(obs5),0.1677092811646952,0.1395908166891494,0.014514987353328674,0
PDice1(obs6),0.16753867151956323,0.13947739712809912,0.014509089336265149,0
