Property,ObtainedValue,Variance,CI,Problems
PDice1(obs1),0.1678224687933426,0.13966500598049017,0.013550153946569773,0
PDice1(obs2),0.16673271250247673,0.1389397973803271,0.013514928667452528,0
PDice1(obs3),0.16608876560332872,0.13851014855758847,0.013494016123658999,0
PDice1(obs4),0.1631662373687339,0.1365497802599391,0.013398183761213303,0
PDice1(obs5),0.16742619377848228,0.1394015685851652,0.013537368703454263,0
PDice1(obs6),0.1687636219536358,0.14028941100728007,0.01358040973176281,0
