Property,ObtainedValue,Variance,CI,Problems
PDice1(obs1),0.16391941391941392,0.13717545821120522,0.057739625915302066,0
PDice1(obs2),0.1620879120879121,0.13593990793807476,0.05747900502583495,0
PDice1(obs3),0.16666666666666666,0.13901619309501986,0.058125734216578476,0
PDice1(obs4),0.17399267399267399,0.1438509550333565,0.05912785589613008,0
PDice1(obs5),0.163003663003663,0.13655852244303204,0.05760963990093651,0
PDice1(obs6),0.17032967032967034,0.14144700395846133,0.058631719708723405,0
