Property,ObtainedValue,Variance,CI,Problems
PDice1(obs1),0.16873177842565598,0.14028692786182662,0.026046455202181133,0
PDice1(obs2),0.1782069970845481,0.146475953499419,0.026614799008116637,0
PDice1(obs3),0.16217201166180759,0.13589701287060163,0.025635688111394096,0
PDice1(obs4),0.16235422740524783,0.13602011725568147,0.025647296722873705,0
PDice1(obs5),0.15980320699708456,0.13429061189421485,0.025483721500604992,0
PDice1(obs6),0.16873177842565598,0.14028692786182662,0.026046455202181133,0
