Property,ObtainedValue,Variance,CI,Problems
PDice1(obs1),0.16192787794729543,0.1357543118274759,0.035344859814146715,0
PDice1(obs2),0.17926490984743412,0.14718003524414727,0.03680220994501738,0
PDice1(obs3),0.16296809986130376,0.13645681341144197,0.03543619312124486,0
PDice1(obs4),0.16816920943134536,0.13993684822261446,0.03588520993578983,0
PDice1(obs5),0.15499306518723993,0.13101564337887747,0.034722503004380484,0
PDice1(obs6),0.17267683772538142,0.1429090998309955,0.03626430753514684,0
