Property,ObtainedValue,Variance,CI,Problems
PDice1(obs1),0.16623304951119522,0.13860508653807269,0.012041859200238866,0
PDice1(obs2),0.16749448123620309,0.13944557690019999,0.012078314462664075,0
PDice1(obs3),0.16674550614947967,0.13894691958007258,0.012056699097686942,0
PDice1(obs4),0.1639861242510249,0.13710007975384306,0.011976304084860044,0
PDice1(obs5),0.16591769157994324,0.13839446667481448,0.012032706509536174,0
PDice1(obs6),0.16962314727215388,0.14085668771584822,0.012139273507866921,0
