Property,ObtainedValue,Variance,CI,Problems
PDice1(obs1),0.1684859990507831,0.14010677915726943,0.014852494104126028,0
PDice1(obs2),0.1666468913146654,0.13888394436648502,0.014787536684628821,0
PDice1(obs3),0.16569767441860464,0.13825015694742435,0.014753757144753283,0
PDice1(obs4),0.16462980541053632,0.13753499198966251,0.01471554723871357,0
PDice1(obs5),0.16718082581869959,0.139239657837016,0.014806461702309206,0
PDice1(obs6),0.16735880398671096,0.13935810228142917,0.014812757934143281,0
