Property,ObtainedValue,Variance,CI,Problems
PDice1(obs1),0.16866825955734407,0.14022368621607975,0.010816570462100552,0
PDice1(obs2),0.1661531690140845,0.13855064928350877,0.01075184949697904,0
PDice1(obs3),0.16675050301810865,0.13894914113220208,0.010767300337875046,0
PDice1(obs4),0.16546151911468812,0.13808834611561593,0.010733896613272327,0
PDice1(obs5),0.16464411468812878,0.1375407542798211,0.010712592741423358,0
PDice1(obs6),0.16832243460764587,0.1399943938476016,0.010807723270021899,0
