Property,ObtainedValue,Variance,CI,Problems
PDice1(obs1),0.1712789827973074,0.14195576470456595,0.01876777961050497,0
PDice1(obs2),0.1699700822737472,0.14109344464014284,0.018710689694707405,0
PDice1(obs3),0.162490650710546,0.1361001635404461,0.018376622824790977,0
PDice1(obs4),0.16267763649962602,0.1362263592791632,0.018385140500705215,0
PDice1(obs5),0.16641735228122662,0.13873558793262428,0.01855369092193773,0
PDice1(obs6),0.16716529543754674,0.13923407683568645,0.018586993537811677,0
