Property,ObtainedValue,Variance,CI,Problems
PDice1(obs1),0.16866746698679472,0.14022342855173217,0.011139959578500338,0
PDice1(obs2),0.1657329598506069,0.13827015671932782,0.01106209927612249,0
PDice1(obs3),0.16763372015472855,0.1395373091266942,0.011112672000782654,0
PDice1(obs4),0.16536614645858344,0.13802478673131305,0.011052279686405977,0
PDice1(obs5),0.1641656662665066,0.13721987611198144,0.011020006117435824,0
PDice1(obs6),0.16843404028277978,0.14006868518130122,0.01113381113827195,0
