Property,ObtainedValue,Variance,CI,Problems
PDice1(obs1),0.1684113300492611,0.14005757819541048,0.015128900584170426,0
PDice1(obs2),0.16687192118226601,0.1390342443251468,0.015073529428541961,0
PDice1(obs3),0.1644088669950739,0.1373870512422657,0.014983972383913446,0
PDice1(obs4),0.16520935960591132,0.13792371994441405,0.015013209460021906,0
PDice1(obs5),0.16711822660098521,0.13919829626238844,0.015082419729975326,0
PDice1(obs6),0.16798029556650246,0.13977152248873584,0.01511344294022402,0
