Property,ObtainedValue,Variance,CI,Problems
PDice1(obs1),0.16699655765920826,0.1391146933914804,0.012604206646464843,0
PDice1(obs2),0.1669104991394148,0.13905736795207238,0.012601609450880607,0
PDice1(obs3),0.16708261617900172,0.13917200401811336,0.012606802636084186,0
PDice1(obs4),0.16381239242685025,0.13698378682520682,0.01250730087375255,0
PDice1(obs5),0.16613597246127368,0.13854077242252344,0.012578180298826439,0
PDice1(obs6),0.1690619621342513,0.1404860601047604,0.012666179252118806,0
