Property,ObtainedValue,Variance,CI,Problems
PDice1(obs1),0.174856184084372,0.1442987926909866,0.02142354204976949,0
PDice1(obs2),0.1709012464046021,0.14171099396224826,0.021230572216233257,0
PDice1(obs3),0.16359060402684564,0.13684511872268437,0.0208628955074479,0
PDice1(obs4),0.15951581975071907,0.13408659282174193,0.02065154772109929,0
PDice1(obs5),0.16191275167785235,0.13571327729632285,0.020776438207407065,0
PDice1(obs6),0.16922339405560882,0.140603687833331,0.021147463468888756,0
