Property,ObtainedValue,Variance,CI,Problems
PDice1(obs1),0.16646294881589,0.13875833565301773,0.011860194060197385,0
PDice1(obs2),0.16726508785332314,0.13929279881929402,0.011883013390852971,0
PDice1(obs3),0.16707410236822,0.13916566241038258,0.011877589174566225,0
PDice1(obs4),0.16390374331550803,0.13704454094629875,0.011786724277756904,0
PDice1(obs5),0.16615737203972497,0.1385543921321363,0.01185147494738227,0
PDice1(obs6),0.16913674560733385,0.14053487491694586,0.011935876317001493,0
