Property,ObtainedValue,Variance,CI,Problems
PDice1(obs1),0.16718724313661024,0.1392413914315182,0.01232373493162185,0
PDice1(obs2),0.1671050468518823,0.13918667048211117,0.01232131312034439,0
PDice1(obs3),0.16665296728587867,0.1388854637152506,0.012307973937469699,0
PDice1(obs4),0.16414598060167682,0.1372077166362625,0.012233407425253893,0
PDice1(obs5),0.16558441558441558,0.13817189550821543,0.012276315157080133,0
PDice1(obs6),0.1693243465395364,0.14065939304825573,0.012386326990167217,0
