Property,ObtainedValue,Variance,CI,Problems
PDice1(obs1),0.16688165108029668,0.1390377701667905,0.012196005054634935,0
PDice1(obs2),0.16768784263140923,0.1395742562443398,0.01221951193129354,0
PDice1(obs3),0.16623669783940664,0.13860764534648634,0.012177125767926785,0
PDice1(obs4),0.16430183811673654,0.13731227910816227,0.012120091162714994,0
PDice1(obs5),0.1657529829087391,0.13828450575560386,0.01216292306108341,0
PDice1(obs6),0.1691389874234118,0.14053665533000217,0.01226156784083905,0
