Property,ObtainedValue,Variance,CI,Problems
PDice1(obs1),0.17133458646616542,0.14199239109617262,0.018819531058683378,0
PDice1(obs2),0.17011278195488722,0.1411876928904647,0.018766128338215643,0
PDice1(obs3),0.16296992481203007,0.1364235501810264,0.018446795566980655,0
PDice1(obs4),0.162593984962406,0.13616997894680305,0.018429644011053577,0
PDice1(obs5),0.16578947368421051,0.13831632375421116,0.018574322424041275,0
PDice1(obs6),0.16719924812030076,0.13925674758849374,0.01863735961449643,0
