Property,ObtainedValue,Variance,CI,Problems
PDice1(obs1),0.16960281870595773,0.14084898133905513,0.017301250149641963,0
PDice1(obs2),0.16736066623959,0.13936223332740105,0.017209695212107197,0
PDice1(obs3),0.1635970531710442,0.1368440154057465,0.017053500363828272,0
PDice1(obs4),0.16487828315182576,0.13770446183954438,0.01710703076337226,0
PDice1(obs5),0.16784112748238308,0.13968166867918036,0.01722940729029239,0
PDice1(obs6),0.16672005124919922,0.13893560128927424,0.017183332850537244,0
