Property,ObtainedValue,Variance,CI,Problems
PDice1(obs1),0.1667042211206249,0.1389191408136683,0.011766812831532466,0
PDice1(obs2),0.16715487456812378,0.13921935078293765,0.011779520252842441,0
PDice1(obs3),0.16692954784437433,0.1390692965723422,0.011773170405849655,0
PDice1(obs4),0.16407540934354814,0.13715982035445368,0.011692065911018667,0
PDice1(obs5),0.16576535977166892,0.13829239876696037,0.011740239484459736,0
PDice1(obs6),0.1693705873516599,0.14068947500822526,0.011841551432274342,0
