Property,ObtainedValue,Variance,CI,Problems
PDice1(obs1),0.16454081632653061,0.13764270075846433,0.06825989826622123,0
PDice1(obs2),0.15943877551020408,0.13418921208330076,0.06739812974851746,0
PDice1(obs3),0.16709183673469388,0.1393498970469414,0.06868191093096952,0
PDice1(obs4),0.1836734693877551,0.15012901712409102,0.0712888098895314,0
PDice1(obs5),0.16198979591836735,0.13592247243725075,0.06783200851715208,0
PDice1(obs6),0.16326530612244897,0.1367842156019496,0.06804669492081576,0
