Property,ObtainedValue,Variance,CI,Problems
PDice1(obs1),0.16623097032139011,0.1386035632743958,0.011891794627585238,0
PDice1(obs2),0.16738428417653392,0.1393721435813837,0.011924720057219432,0
PDice1(obs3),0.16703829001999076,0.13914184882792435,0.011914863941893635,0
PDice1(obs4),0.16369367984007382,0.13690332210376246,0.011818631616320699,0
PDice1(obs5),0.16642318929724742,0.1387318447400029,0.011897296448744338,0
PDice1(obs6),0.16922958634476395,0.14059633850718348,0.011976976789197314,0
