Property,ObtainedValue,Variance,CI,Problems
PDice1(obs1),0.1688191881918819,0.14032851662948262,0.015665396208821625,0
PDice1(obs2),0.16591987348444914,0.1383995887028769,0.015557356939615853,0
PDice1(obs3),0.1643384290985767,0.13734035965918615,0.015497709163663463,0
PDice1(obs4),0.16605166051660517,0.13848763199328865,0.01556230458122091,0
PDice1(obs5),0.16809435951502372,0.13984786088152715,0.015638544498054848,0
PDice1(obs6),0.16677648919346336,0.1389712491500062,0.015589453714372384,0
