Property,ObtainedValue,Variance,CI,Problems
PDice1(obs1),0.16789333976833976,0.13971359489741844,0.014956381690036012,0
PDice1(obs2),0.16680743243243243,0.13899109799845094,0.014917659811365114,0
PDice1(obs3),0.1656611969111969,0.13822590366708012,0.014876539685522038,0
PDice1(obs4),0.1648769305019305,0.13770083553171789,0.01484825761675969,0
PDice1(obs5),0.16710907335907335,0.13919202816261642,0.014928438650341689,0
PDice1(obs6),0.16765202702702703,0.13955324385471443,0.014947796412677928,0
