Property,ObtainedValue,Variance,CI,Problems
PDice1(obs1),0.16745626822157433,0.13941974734946122,0.011612271129618908,0
PDice1(obs2),0.16650874635568513,0.13878864163784668,0.011585958921039492,0
PDice1(obs3),0.16687317784256558,0.13903158710809038,0.01159609492891031,0
PDice1(obs4),0.16439504373177843,0.13737431968096314,0.01152677455282549,0
PDice1(obs5),0.16519679300291545,0.1379118385261046,0.011549303543662268,0
PDice1(obs6),0.16956997084548106,0.14082112779824252,0.011670485699809819,0
