Property,ObtainedValue,Variance,CI,Problems
PDice1(obs1),0.18214285714285713,0.14950076804915516,0.11903913748843879,0
PDice1(obs2),0.15,0.12795698924731183,0.11012858672828758,0
PDice1(obs3),0.18214285714285713,0.14950076804915516,0.11903913748843879,0
PDice1(obs4),0.18571428571428572,0.15176651305683564,0.11993778873289986,0
PDice1(obs5),0.16071428571428573,0.13536866359447006,0.11327318973978248,0
PDice1(obs6),0.1392857142857143,0.12031490015360984,0.106789306719981,0
