Property,ObtainedValue,Variance,CI,Problems
PDice1(obs1),0.1595238095238095,0.13418245773289458,0.05316302369154218,0
PDice1(obs2),0.17222222222222222,0.14267496249227785,0.05481957777067476,0
PDice1(obs3),0.16746031746031745,0.13952809612062989,0.05421165137746823,0
PDice1(obs4),0.17539682539682538,0.14474765813129595,0.055216334854223184,0
PDice1(obs5),0.1595238095238095,0.13418245773289458,0.05316302369154218,0
PDice1(obs6),0.16587301587301587,0.13846905455324834,0.054005521745964714,0
