Property,ObtainedValue,Variance,CI,Problems
PDice1(obs1),0.16974719771046984,0.14093728814466758,0.010559724941967578,0
PDice1(obs2),0.16548414023372288,0.1381032566425962,0.010453015887794279,0
PDice1(obs3),0.16613999523014547,0.13854162736136896,0.010469592852198478,0
PDice1(obs4),0.16479847364655378,0.13764404011811257,0.010435622399917391,0
PDice1(obs5),0.1659611256856666,0.13842215703150862,0.010465077691277398,0
PDice1(obs6),0.16786906749344144,0.13969320814907527,0.010513015293990246,0
