Property,ObtainedValue,Variance,CI,Problems
PDice1(obs1),0.16888297872340424,0.14037040692449376,0.01535911835566895,0
PDice1(obs2),0.16552684903748732,0.1381364585280228,0.015236410550892594,0
PDice1(obs3),0.16483029381965553,0.1376699857632472,0.015210662891657595,0
PDice1(obs4),0.16578014184397163,0.13830584438303353,0.015245749293802279,0
PDice1(obs5),0.16767983789260385,0.1395721480121832,0.015315383946257855,0
PDice1(obs6),0.1672998986828774,0.13931946473813173,0.015301514078416454,0
