Property,ObtainedValue,Variance,CI,Problems
PDice1(obs1),0.16865451621549182,0.14021956595092186,0.01579096839333699,0
PDice1(obs2),0.16597426963280623,0.13843608752392542,0.015690222903636246,0
PDice1(obs3),0.16423210935406057,0.1372691214885209,0.015623951501368494,0
PDice1(obs4),0.16584025730367194,0.13834653643191125,0.01568514726215618,0
PDice1(obs5),0.16818547306352186,0.1399084944455244,0.01577344285173997,0
PDice1(obs6),0.1671133744304476,0.13919582149503879,0.015733217781558145,0
