Property,ObtainedValue,Variance,CI,Problems
PDice1(obs1),0.1670715905409783,0.13916430927021356,0.012229190244374619,0
PDice1(obs2),0.16735503725299644,0.139352971493556,0.012237476869054137,0
PDice1(obs3),0.16634272756721735,0.13867843997383564,0.012207823475274132,0
PDice1(obs4),0.16439909297052155,0.13737759394774984,0.012150432018701028,0
PDice1(obs5),0.16557337220602528,0.1381644252297859,0.012185178186397834,0
PDice1(obs6),0.1692581794622611,0.14061554200638787,0.012292789067424589,0
