Property,ObtainedValue,Variance,CI,Problems
PDice1(obs1),0.16716616716616717,0.1392274350689203,0.012401860068210013,0
PDice1(obs2),0.1670829170829171,0.13917200894264542,0.012399391246288267,0
PDice1(obs3),0.16691641691641693,0.13906111510490649,0.01239445027393447,0
PDice1(obs4),0.16379453879453879,0.13697158930372932,0.012300978605107859,0
PDice1(obs5),0.1657925407925408,0.1383111314166969,0.012360982245407071,0
PDice1(obs6),0.16924741924741923,0.14060858316363456,0.012463222022466207,0
