Property,ObtainedValue,Variance,CI,Problems
PDice1(obs1),0.16616624525916562,0.13856049829876138,0.012053233295241144,0
PDice1(obs2),0.16758849557522124,0.13950810326616536,0.012094378651706717,0
PDice1(obs3),0.16687737041719342,0.13903480650143318,0.012073845458908827,0
PDice1(obs4),0.16395385587863465,0.13707840457127993,0.011988597093322612,0
PDice1(obs5),0.16608723135271808,0.1385077349529127,0.012050938162501414,0
PDice1(obs6),0.169326801517067,0.1406607928844317,0.012144240937959336,0
