Property,ObtainedValue,Variance,CI,Problems
PDice1(obs1),0.1672119229371138,0.1392584233921671,0.01295888164928568,0
PDice1(obs2),0.16725736095965105,0.13928866516597102,0.012960288667560892,0
PDice1(obs3),0.16666666666666666,0.13889520001211736,0.012941970492500196,0
PDice1(obs4),0.16344056706652127,0.13673396102429786,0.012840885813025338,0
PDice1(obs5),0.16625772446383133,0.1386223922473232,0.012929254410816896,0
PDice1(obs6),0.1691657579062159,0.1405550908036151,0.013019073432210334,0
