Property,ObtainedValue,Variance,CI,Problems
PDice1(obs1),0.15668202764976957,0.13220892707738482,0.044957546817820285,0
PDice1(obs2),0.16820276497695852,0.13999123494335913,0.046261811766041175,0
PDice1(obs3),0.1641705069124424,0.1372976400749014,0.04581458437676437,0
PDice1(obs4),0.17338709677419356,0.14340661894580273,0.0468227387895999,0
PDice1(obs5),0.16532258064516128,0.1380705587059589,0.04594336025748947,0
PDice1(obs6),0.17223502304147464,0.14265229285913492,0.04669943143505115,0
