Property,ObtainedValue,Variance,CI,Problems
PDice1(obs1),0.17308519793459554,0.14314211043821795,0.02021541799688932,0
PDice1(obs2),0.1699655765920826,0.14109245712582136,0.020070163761511117,0
PDice1(obs3),0.1637263339070568,0.13693475199499294,0.019772239277072355,0
PDice1(obs4),0.16254302925989672,0.1361374376318769,0.01971459245986686,0
PDice1(obs5),0.16437177280550774,0.13736847026930438,0.019803527177589684,0
PDice1(obs6),0.1663080895008606,0.13866462545795263,0.01989673699163526,0
