Property,ObtainedValue,Variance,CI,Problems
PDice1(obs1),0.16630552546045504,0.13865336267348852,0.011932526634280094,0
PDice1(obs2),0.16746633648042097,0.13942675756346934,0.011965759589174969,0
PDice1(obs3),0.16715678687509675,0.13922078244397254,0.011956917815423674,0
PDice1(obs4),0.16363566011453334,0.13686432664070108,0.011855294356376896,0
PDice1(obs5),0.16622813805912398,0.13860170718949053,0.011930303688345899,0
PDice1(obs6),0.1692075530103699,0.14058179664457116,0.012015220734005608,0
