Property,ObtainedValue,Variance,CI,Problems
PDice1(obs1),0.169362771887638,0.14068286760050333,0.010100686033741665,0
PDice1(obs2),0.1651273363209094,0.1378640663099534,0.009998982487105783,0
PDice1(obs3),0.16630232812329215,0.13864965243999572,0.010027430449932456,0
PDice1(obs4),0.16489827171297308,0.13771059757625106,0.00999724079076279,0
PDice1(obs5),0.16638430429555143,0.13870435773041093,0.010029408454878366,0
PDice1(obs6),0.16796917695923053,0.13975935152976118,0.010067478347543317,0
