Property,ObtainedValue,Variance,CI,Problems
PDice1(obs1),0.16950527169505272,0.14077731222780615,0.010402862443976188,0
PDice1(obs2),0.16550805236936625,0.13811913764045539,0.010304180325597951,0
PDice1(obs3),0.16626115166261152,0.13862239635769227,0.010322935704282594,0
PDice1(obs4),0.164870814505851,0.13769241734011226,0.01028825058407283,0
PDice1(obs5),0.16617425559031399,0.13856438593628503,0.01032077551758359,0
PDice1(obs6),0.16768045417680455,0.1395677620939802,0.010358075653308282,0
