Property,ObtainedValue,Variance,CI,Problems
PDice1(obs1),0.16734279918864098,0.13934423398951276,0.011573750166242333,0
PDice1(obs2),0.1664372645609968,0.1387409269149933,0.011548668038788184,0
PDice1(obs3),0.16694436395247755,0.13907898093030865,0.011562729132476334,0
PDice1(obs4),0.16444508838017965,0.13740787839149435,0.01149305325628195,0
PDice1(obs5),0.165169516082295,0.13789354173451424,0.011513346238384061,0
PDice1(obs6),0.16966096783541001,0.14088122674172998,0.011637405421067032,0
