Property,ObtainedValue,Variance,CI,Problems
PDice1(obs1),0.1697755535335153,0.14096250365044813,0.016842610617293342,0
PDice1(obs2),0.16681831968456173,0.13900050782543144,0.016724987407909033,0
PDice1(obs3),0.16363360630876556,0.13686802741985923,0.016596198097760886,0
PDice1(obs4),0.16545344252350622,0.1380890716928573,0.016670063764314548,0
PDice1(obs5),0.16712162572035183,0.13920254317982442,0.016737137765687495,0
PDice1(obs6),0.16719745222929935,0.1392530232679453,0.01674017224906134,0
