Property,ObtainedValue,Variance,CI,Problems
PDice1(obs1),0.16877551020408163,0.14029988156906412,0.01591538174687126,0
PDice1(obs2),0.1660544217687075,0.13848977185268282,0.01581238054977071,0
PDice1(obs3),0.16414965986394559,0.1372138833082726,0.01573937328986823,0
PDice1(obs4),0.16585034013605443,0.13835341660985775,0.015804594299784914,0
PDice1(obs5),0.1682312925170068,0.1399390443979483,0.01589490219074536,0
PDice1(obs6),0.16693877551020408,0.13907968194421114,0.01584602191759797,0
