Property,ObtainedValue,Variance,CI,Problems
PDice1(obs1),0.16811477066073954,0.13985925957267284,0.01369316889956583,0
PDice1(obs2),0.16659931299252373,0.13885099599649695,0.01364372170358022,0
PDice1(obs3),0.16563952313598707,0.13821005322743612,0.013612195247037074,0
PDice1(obs4),0.16346736714487775,0.1367526951209485,0.013540238051149942,0
PDice1(obs5),0.16745807233784604,0.13942290933064108,0.013671791390253943,0
PDice1(obs6),0.16872095372802587,0.14026127883548337,0.013712834981911915,0
