Property,ObtainedValue,Variance,CI,Problems
PDice1(obs1),0.16279069767441862,0.1364031781012585,0.05483351373397226,0
PDice1(obs2),0.17109634551495018,0.14194027666161285,0.05593538806908398,0
PDice1(obs3),0.16528239202657807,0.1380788063064929,0.05516928350671751,0
PDice1(obs4),0.17358803986710963,0.1435744801893384,0.05625646749387249,0
PDice1(obs5),0.15946843853820597,0.1341496756447751,0.05437867800104728,0
PDice1(obs6),0.16777408637873753,0.13974200710847468,0.05550055424535145,0
