Property,ObtainedValue,Variance,CI,Problems
PDice1(obs1),0.16815731438372947,0.13988900153260203,0.015080841217183984,0
PDice1(obs2),0.16668708649840724,0.13891101131151343,0.015028032262629745,0
PDice1(obs3),0.16503308012741974,0.13780560449284635,0.01496811883433191,0
PDice1(obs4),0.1650943396226415,0.13784664306297748,0.01497034742463888,0
PDice1(obs5),0.1670546434697378,0.13915591418599677,0.015041273788749017,0
PDice1(obs6),0.1679735358980642,0.13976698919117245,0.015074262965395175,0
