Property,ObtainedValue,Variance,CI,Problems
PDice1(obs1),0.1690001239003841,0.14044343227083927,0.01074494317883695,0
PDice1(obs2),0.16580968901003593,0.13832112055042214,0.010663447993314049,0
PDice1(obs3),0.16683186717878826,0.13900330091302068,0.01068971096662279,0
PDice1(obs4),0.1651282368975344,0.13786517266360762,0.010645858525380079,0
PDice1(obs5),0.1648494610333292,0.13767838083141662,0.010638644109272824,0
PDice1(obs6),0.16838062197992815,0.1400329256548992,0.010729228317418436,0
