Property,ObtainedValue,Variance,CI,Problems
PDice1(obs1),0.16897991424057776,0.14043362618346045,0.014501127116978462,0
PDice1(obs2),0.1658203565786504,0.1383317706943151,0.01439219957231056,0
PDice1(obs3),0.16565109456104718,0.13821860781858405,0.014386311568768823,0
PDice1(obs4),0.1640148950575491,0.137121745757925,0.014329115108768935,0
PDice1(obs5),0.16756939742721733,0.1394977650308167,0.014452728000643272,0
PDice1(obs6),0.16796434213495826,0.1397602072710167,0.014466316834874733,0
