Property,ObtainedValue,Variance,CI,Problems
PDice1(obs1),0.16993559718969556,0.14106781404709998,0.0165528247440313,0
PDice1(obs2),0.16525175644028103,0.1379537095775339,0.016369101443780298,0
PDice1(obs3),0.1632757611241218,0.13662678598639277,0.01629018718317837,0
PDice1(obs4),0.16627634660421545,0.1386386694368164,0.016409688588500285,0
PDice1(obs5),0.1681059718969555,0.13985658951567687,0.016481609316744052,0
PDice1(obs6),0.16715456674473067,0.1392241066789896,0.016444299142649048,0
