Property,ObtainedValue,Variance,CI,Problems
PDice1(obs1),0.17161820480404552,0.1421878662214014,0.024419969009170994,0
PDice1(obs2),0.17714917825537294,0.14579038583463363,0.024727390232474816,0
PDice1(obs3),0.16371681415929204,0.1369352585002329,0.023964671653781324,0
PDice1(obs4),0.15897597977243996,0.13372374969952985,0.023681985615730792,0
PDice1(obs5),0.16103034134007585,0.13512092337197135,0.023805381303786604,0
PDice1(obs6),0.1675094816687737,0.13947209569007427,0.024185635496483456,0
