Property,ObtainedValue,Variance,CI,Problems
PDice1(obs1),0.1687956204379562,0.14030823104674248,0.01101550360941083,0
PDice1(obs2),0.16576511991657977,0.13829155130786192,0.010936053010034285,0
PDice1(obs3),0.16716631908237747,0.1392262776780853,0.010972949703731487,0
PDice1(obs4),0.16543925964546402,0.13807361028383286,0.010927432257907802,0
PDice1(obs5),0.16475495307612095,0.13761524284704052,0.010909279104056108,0
PDice1(obs6),0.16807872784150157,0.13983282568493285,0.010996825899098214,0
