Property,ObtainedValue,Variance,CI,Problems
PDice1(obs1),0.16933163660506806,0.14066232473899296,0.010162342641165731,0
PDice1(obs2),0.16554166205599202,0.13814144173117945,0.01007086862409018,0
PDice1(obs3),0.16628859134668586,0.13864053109290042,0.010089044674966793,0
PDice1(obs4),0.16468407657408432,0.13756703715811758,0.010049909023424189,0
PDice1(obs5),0.1662332632510789,0.13860359977658634,0.010087700816449571,0
PDice1(obs6),0.16792077016709084,0.13972725053492016,0.01012850845853306,0
