Property,ObtainedValue,Variance,CI,Problems
PDice1(obs1),0.16868082941101642,0.14023206694030368,0.01087932245495068,0
PDice1(obs2),0.16594580842132045,0.13841219895231213,0.010808498474743636,0
PDice1(obs3),0.1669316880803969,0.13906992237591823,0.010834148588431495,0
PDice1(obs4),0.16559598015519653,0.1381783459381068,0.010799363916915812,0
PDice1(obs5),0.16457829792647247,0.1374966545250296,0.010772692097195474,0
PDice1(obs6),0.16826739600559726,0.13995793046892424,0.010868683383138886,0
