Property,ObtainedValue,Variance,CI,Problems
PDice1(obs1),0.16639254385964913,0.1387114972054181,0.012006788762984614,0
PDice1(obs2),0.16733239348370926,0.13933772009571607,0.012033860992159594,0
PDice1(obs3),0.16682330827067668,0.138998735334518,0.012019213918951508,0
PDice1(obs4),0.1637687969924812,0.1369539412953767,0.011930479749561289,0
PDice1(obs5),0.16623590225563908,0.1386069549608307,0.012002263351372049,0
PDice1(obs6),0.1694470551378446,0.14074026208805743,0.01209427440807615,0
