Property,ObtainedValue,Variance,CI,Problems
PDice1(obs1),0.16485714285714287,0.13771861348140285,0.032315387939761346,0
PDice1(obs2),0.176,0.14506544727064877,0.03316614871516093,0
PDice1(obs3),0.1657142857142857,0.13829257338831502,0.032382657177139174,0
PDice1(obs4),0.16485714285714287,0.13771861348140285,0.032315387939761346,0
PDice1(obs5),0.15885714285714286,0.13365973951741314,0.03183562337862531,0
PDice1(obs6),0.1697142857142857,0.14095161882986976,0.0326924965909871,0
