Property,ObtainedValue,Variance,CI,Problems
PDice1(obs1),0.16245644599303136,0.1361236364464485,0.039666867417177856,0
PDice1(obs2),0.1763937282229965,0.1453422832547653,0.04098803728666117,0
PDice1(obs3),0.16289198606271776,0.13641760227126082,0.039709675613543396,0
PDice1(obs4),0.171602787456446,0.14221721208808727,0.040544991508121735,0
PDice1(obs5),0.15418118466898956,0.13046617020792056,0.038833817953307655,0
PDice1(obs6),0.17247386759581881,0.14278882284621167,0.040626390629989156,0
