Property,ObtainedValue,Variance,CI,Problems
PDice1(obs1),0.16723945755155117,0.1392768897569488,0.013102205886044042,0
PDice1(obs2),0.16728590005573102,0.13930779750124272,0.013103659598737064,0
PDice1(obs3),0.16677503250975292,0.1389675750433086,0.013087648705397479,0
PDice1(obs4),0.16366338472970463,0.13688403846604993,0.012989166820156706,0
PDice1(obs5),0.16607839494705554,0.13850279409545907,0.013065744371273311,0
PDice1(obs6),0.16895783020620472,0.14041760316333785,0.013155751682506812,0
