Property,ObtainedValue,Variance,CI,Problems
PDice1(obs1),0.16879597367402246,0.14030841960759846,0.010960645095743331,0
PDice1(obs2),0.1660214221189831,0.13846277663415754,0.010888317275786803,0
PDice1(obs3),0.16686024003097175,0.13902238549959073,0.010910298110246353,0
PDice1(obs4),0.16582784875467801,0.13833343627684963,0.010883230609486845,0
PDice1(obs5),0.16453735965931088,0.1374692519999198,0.010849182978666218,0
PDice1(obs6),0.16795715576203382,0.1397520583030441,0.010938892531020301,0
