Property,ObtainedValue,Variance,CI,Problems
PDice1(obs1),0.16814790432301954,0.1398818606051432,0.014271126818513221,0
PDice1(obs2),0.16595347816545974,0.13842051509022243,0.014196385884902135,0
PDice1(obs3),0.16567917489576475,0.13823716968315086,0.014186980831685627,0
PDice1(obs4),0.1641979372394119,0.1372445039689713,0.014135951493261113,0
PDice1(obs5),0.16748957647575158,0.139444468262442,0.0142487973729627,0
PDice1(obs6),0.1685319289005925,0.14013660582747461,0.014284115806755843,0
