Property,ObtainedValue,Variance,CI,Problems
PDice1(obs1),0.1626984126984127,0.13627270292834304,0.03458283693411645,0
PDice1(obs2),0.17989417989417988,0.14758106719734243,0.035989143004293754,0
PDice1(obs3),0.16534391534391535,0.1380509567740795,0.034807745288952814,0
PDice1(obs4),0.1669973544973545,0.1391552550376566,0.034946685180579945,0
PDice1(obs5),0.15376984126984128,0.1301677220673251,0.03379930998456571,0
PDice1(obs6),0.1712962962962963,0.14200083311892772,0.035302188373699465,0
