Property,ObtainedValue,Variance,CI,Problems
PDice1(obs1),0.16908581614463966,0.1405047477124745,0.015407498307015403,0
PDice1(obs2),0.16583906289788644,0.1383452754282171,0.015288637909343004,0
PDice1(obs3),0.1645658263305322,0.13749266816932412,0.015241453972666559,0
PDice1(obs4),0.16552075375604788,0.1381324275949752,0.01527687239709106,0
PDice1(obs5),0.16755793226381463,0.13949115186105812,0.015351823165294213,0
PDice1(obs6),0.1674306086070792,0.13940647477961302,0.015347162852062992,0
