Property,ObtainedValue,Variance,CI,Problems
PDice1(obs1),0.16967232437529467,0.14088777828928992,0.010496715103781189,0
PDice1(obs2),0.16563531353135313,0.13820432894180829,0.010396270549655478,0
PDice1(obs3),0.1664014615747289,0.1387161027401652,0.010415501576960836,0
PDice1(obs4),0.16495756718528995,0.13775062734335483,0.010379191916558577,0
PDice1(obs5),0.16592998585572843,0.13840130395303943,0.010403676527410971,0
PDice1(obs6),0.1674033474776049,0.13938357397906959,0.01044053005143048,0
