Property,ObtainedValue,Variance,CI,Problems
PDice1(obs1),0.1671869261843555,0.13924184982952656,0.01302456277309825,0
PDice1(obs2),0.16741645244215939,0.13939458283723294,0.013031704072363664,0
PDice1(obs3),0.16659015791406537,0.13884425088049657,0.01300595394771323,0
PDice1(obs4),0.16356041131105398,0.13681468367528415,0.012910546208220226,0
PDice1(obs5),0.16659015791406537,0.13884425088049657,0.01300595394771323,0
PDice1(obs6),0.1686558942343004,0.14021752029487125,0.013070114804126022,0
