Property,ObtainedValue,Variance,CI,Problems
PDice1(obs1),0.16579558652729384,0.1383475806253021,0.032651360972328944,0
PDice1(obs2),0.1750871080139373,0.14447356197141906,0.033366426289364176,0
PDice1(obs3),0.16608594657375145,0.13854163187912116,0.03267425193029032,0
PDice1(obs4),0.16666666666666666,0.1389292283860974,0.03271992621725339,0
PDice1(obs5),0.1570847851335656,0.13244761290814436,0.031947550961296645,0
PDice1(obs6),0.16927990708478513,0.14066506365656992,0.032923699366118206,0
