Property,ObtainedValue,Variance,CI,Problems
PDice1(obs1),0.16435860058309038,0.13739492203318493,0.03645359487077048,0
PDice1(obs2),0.17711370262390672,0.14579757219277484,0.03755174886508632,0
PDice1(obs3),0.16399416909620992,0.1371500634001843,0.03642109746225787,0
PDice1(obs4),0.1683673469387755,0.14007082964428935,0.03680686872433266,0
PDice1(obs5),0.15379008746355685,0.13018614039022203,0.03548439439309669,0
PDice1(obs6),0.17237609329446063,0.14271458544357277,0.037152599151681544,0
