Property,ObtainedValue,Variance,CI,Problems
PDice1(obs1),0.16428571428571428,0.13736132852378682,0.04166483527558214,0
PDice1(obs2),0.1738095238095238,0.14366818666485173,0.04261060818907504,0
PDice1(obs3),0.16142857142857142,0.13543388007894916,0.04137148294587502,0
PDice1(obs4),0.1738095238095238,0.14366818666485173,0.04261060818907504,0
PDice1(obs5),0.15619047619047619,0.13185780076680506,0.0408216299836906,0
PDice1(obs6),0.17047619047619048,0.141481431066948,0.042285079347408,0
