Property,ObtainedValue,Variance,CI,Problems
PDice1(obs1),0.1675430908559743,0.13947749695624256,0.01162654574442086,0
PDice1(obs2),0.1665936313175577,0.13884526362813795,0.011600165006546924,0
PDice1(obs3),0.16692229038854806,0.13906431766548394,0.011609312101136365,0
PDice1(obs4),0.16432953549517967,0.1373303542443009,0.011536708047475138,0
PDice1(obs5),0.16520595968448729,0.13791798701337982,0.011561364326298887,0
PDice1(obs6),0.169405492258253,0.140712409940984,0.011677902171591589,0
