Property,ObtainedValue,Variance,CI,Problems
PDice1(obs1),0.15792410714285715,0.13305833482890644,0.04439142788203511,0
PDice1(obs2),0.16685267857142858,0.13909047968014676,0.04538650854801516,0
PDice1(obs3),0.16573660714285715,0.13834518575017948,0.04526474707163111,0
PDice1(obs4),0.17243303571428573,0.14277956000239292,0.04598446014093815,0
PDice1(obs5),0.16294642857142858,0.13647104570471405,0.044957104487917586,0
PDice1(obs6),0.17410714285714285,0.14387413256759993,0.04616038598955346,0
