Property,ObtainedValue,Variance,CI,Problems
PDice1(obs1),0.16736516034985421,0.13936041186618542,0.012980150824119336,0
PDice1(obs2),0.16713739067055394,0.13920882482026958,0.012973089428252663,0
PDice1(obs3),0.16659074344023322,0.13884459255792753,0.012956106623511177,0
PDice1(obs4),0.1634475218658892,0.1367386584458653,0.012857474911745779,0
PDice1(obs5),0.16636297376093295,0.13869265271855827,0.012949015646573015,0
PDice1(obs6),0.16909620991253643,0.14050908244748142,0.013033535137563682,0
