Property,ObtainedValue,Variance,CI,Problems
PDice1(obs1),0.167989417989418,0.13979979349328853,0.02859985407567649,0
PDice1(obs2),0.1743827160493827,0.14400513155566447,0.029026825121274764,0
PDice1(obs3),0.164021164021164,0.13714845732486305,0.02832735438534096,0
PDice1(obs4),0.1644620811287478,0.13744460583857865,0.02835792191864854,0
PDice1(obs5),0.16027336860670194,0.13461549305907997,0.028064549514564698,0
PDice1(obs6),0.16887125220458554,0.14038470139168413,0.028659621044149125,0
