Property,ObtainedValue,Variance,CI,Problems
PDice1(obs1),0.16506602641056423,0.13786060806790443,0.03313711338023603,0
PDice1(obs2),0.17677070828331332,0.14556651240502205,0.03405064299788977,0
PDice1(obs3),0.16596638655462184,0.13846310064103698,0.03320944404595816,0
PDice1(obs4),0.16866746698679472,0.14026084765938798,0.03342433754326382,0
PDice1(obs5),0.15546218487394958,0.13133310964734138,0.03234310365290244,0
PDice1(obs6),0.16806722689075632,0.13986260970914935,0.03337685351052635,0
