Property,ObtainedValue,Variance,CI,Problems
PDice1(obs1),0.16930535100638194,0.14064536446094886,0.0107017371731756,0
PDice1(obs2),0.16547005400098183,0.13809395228046714,0.010604224148182023,0
PDice1(obs3),0.16678939617083946,0.13897495757771522,0.010637996534012617,0
PDice1(obs4),0.16519391261659302,0.13790911523034774,0.010597124960295294,0
PDice1(obs5),0.16504050073637702,0.13780636207968544,0.010593176378367871,0
PDice1(obs6),0.16820078546882672,0.13991357411739105,0.01067385981850804,0
