Property,ObtainedValue,Variance,CI,Problems
PDice1(obs1),0.16806722689075632,0.1398276283150947,0.013624339257939157,0
PDice1(obs2),0.16676670668267307,0.13896252313140753,0.01358212737948082,0
PDice1(obs3),0.16556622649059624,0.13816096194868321,0.013542898633852008,0
PDice1(obs4),0.16336534613845538,0.13668394675162848,0.013470313674280277,0
PDice1(obs5),0.1674169667867147,0.13939549858260547,0.013603270324965644,0
PDice1(obs6),0.16881752701080432,0.1403251886518201,0.013648558044694835,0
