Property,ObtainedValue,Variance,CI,Problems
PDice1(obs1),0.16562009419152277,0.1382443346098066,0.037946439693610154,0
PDice1(obs2),0.17543171114599687,0.1447122203053551,0.03882397215865722,0
PDice1(obs3),0.1652276295133438,0.13798161286803387,0.03791036553641316,0
PDice1(obs4),0.1664050235478807,0.1387688535593634,0.038018358673749815,0
PDice1(obs5),0.1554160125588697,0.13131341147494605,0.03698298024826229,0
PDice1(obs6),0.17189952904238617,0.14240597027068508,0.03851336468300066,0
