Property,ObtainedValue,Variance,CI,Problems
PDice1(obs1),0.16724170085788884,0.139278408123409,0.013127909433334268,0
PDice1(obs2),0.1671018276762402,0.13918529629357743,0.013123520497350704,0
PDice1(obs3),0.16668220813129428,0.13890572601905268,0.013110333793878295,0
PDice1(obs4),0.16379149571055576,0.1369702277973058,0.013018674353393385,0
PDice1(obs5),0.16630921298023127,0.138656923453141,0.013098587169993797,0
PDice1(obs6),0.16887355464378964,0.140361821470611,0.01317886995304164,0
