Property,ObtainedValue,Variance,CI,Problems
PDice1(obs1),0.1692210911586412,0.1405893335198639,0.010329112948393625,0
PDice1(obs2),0.16584696328491363,0.1383457039532041,0.010246361619954271,0
PDice1(obs3),0.1660185291090015,0.13846033627843463,0.010250605774329217,0
PDice1(obs4),0.1647317854283427,0.13759915885011348,0.010218678366156485,0
PDice1(obs5),0.16636166075717718,0.13868942431485357,0.010259082283486631,0
PDice1(obs6),0.16781997026192383,0.13966042133575732,0.010294932757991726,0
