Property,ObtainedValue,Variance,CI,Problems
PDice1(obs1),0.1688784803538902,0.14036767061357758,0.0155673766706452,0
PDice1(obs2),0.16595107988550611,0.1384203236752374,0.015459014963920565,0
PDice1(obs3),0.16445485297944315,0.13741839383696364,0.015402964746222426,0
PDice1(obs4),0.1657559198542805,0.13828989110736406,0.015451729782852494,0
PDice1(obs5),0.16757741347905283,0.1395042991918522,0.015519427028207518,0
PDice1(obs6),0.16738225344782723,0.1393745014559066,0.015512205547299377,0
