Property,ObtainedValue,Variance,CI,Problems
PDice1(obs1),0.16820873427091043,0.1399404517023399,0.026215674781561026,0
PDice1(obs2),0.17838638045891933,0.14659180626274324,0.026831456801687834,0
PDice1(obs3),0.16191709844559585,0.1357250673440873,0.025817812234336896,0
PDice1(obs4),0.16339748334566986,0.13672404630867546,0.02591265163064055,0
PDice1(obs5),0.15988156920799407,0.13434431319716697,0.025686152034987256,0
PDice1(obs6),0.16820873427091043,0.1399404517023399,0.026215674781561026,0
