Property,ObtainedValue,Variance,CI,Problems
PDice1(obs1),0.16826178747361015,0.13995468286361928,0.011432172152161389,0
PDice1(obs2),0.1659746657283603,0.13843194699881503,0.011369809862109344,0
PDice1(obs3),0.16685432793807178,0.139018852771655,0.01139388649075386,0
PDice1(obs4),0.16484869809992964,0.13767844925584397,0.011338824182851096,0
PDice1(obs5),0.1651301900070373,0.13786706141303262,0.011346588317856026,0
PDice1(obs6),0.16893033075299085,0.14039781421073544,0.011450256399365286,0
