Property,ObtainedValue,Variance,CI,Problems
PDice1(obs1),0.16929619129791693,0.14063932467440893,0.01072456603706494,0
PDice1(obs2),0.16584494021940097,0.13834465907796936,0.010636715426319469,0
PDice1(obs3),0.1667693824725749,0.1389616376092701,0.010660407430430565,0
PDice1(obs4),0.1649513127079995,0.13774662177048716,0.010613700291132282,0
PDice1(obs5),0.16492049796622704,0.13772597130703992,0.010612904677990259,0
PDice1(obs6),0.1682176753358807,0.13992480078707673,0.01069728804625391,0
