Property,ObtainedValue,Variance,CI,Problems
PDice1(obs1),0.16759749167156573,0.13951540742695476,0.01346838062304921,0
PDice1(obs2),0.16651969429747207,0.1387976855167749,0.013433692640338963,0
PDice1(obs3),0.16651969429747207,0.1387976855167749,0.013433692640338963,0
PDice1(obs4),0.163188320595728,0.13656458302364557,0.013325187750858268,0
PDice1(obs5),0.1672055653537135,0.13925468646552233,0.013455790145488361,0
PDice1(obs6),0.1689692337840486,0.14042551137518086,0.013512238507392802,0
