Property,ObtainedValue,Variance,CI,Problems
PDice1(obs1),0.16689560439560439,0.1390474303545778,0.01258600442516072,0
PDice1(obs2),0.16680975274725274,0.13899022540563105,0.012583415179875173,0
PDice1(obs3),0.16711023351648352,0.13919037823225283,0.012592472291741388,0
PDice1(obs4),0.1638907967032967,0.1370364858633532,0.012494661732854162,0
PDice1(obs5),0.16625171703296704,0.1386180339099085,0.012566555794020355,0
PDice1(obs6),0.16904189560439561,0.14047276304399614,0.012650347596377764,0
