Property,ObtainedValue,Variance,CI,Problems
PDice1(obs1),0.16936671575846834,0.14069199158667964,0.016581807878195493,0
PDice1(obs2),0.16575846833578792,0.13829278207350626,0.01643981579475037,0
PDice1(obs3),0.1634020618556701,0.13671189518685234,0.016345580250465955,0
PDice1(obs4),0.16620029455081,0.138587961941146,0.016457351474730614,0
PDice1(obs5),0.16826215022091312,0.1399603053792778,0.016538633794470087,0
PDice1(obs6),0.1670103092783505,0.13912811094754407,0.01648939169341786,0
