Property,ObtainedValue,Variance,CI,Problems
PDice1(obs1),0.1688700342015259,0.14035756156066578,0.01106804851773139,0
PDice1(obs2),0.165778742436201,0.13830069916069032,0.010986651145423196,0
PDice1(obs3),0.16748881873191265,0.13944089999665765,0.011031847140560687,0
PDice1(obs4),0.16508813470139436,0.1378385754529878,0.010968280159667797,0
PDice1(obs5),0.1645290712970271,0.1374637766402793,0.01095335800643907,0
PDice1(obs6),0.16824519863193896,0.13994335395793733,0.011051705055054551,0
