Property,ObtainedValue,Variance,CI,Problems
PDice1(obs1),0.1644518272425249,0.13746451034979648,0.03892370108021902,0
PDice1(obs2),0.1760797342192691,0.14513593381430406,0.03999505604726078,0
PDice1(obs3),0.16362126245847175,0.1369061996640474,0.03884457655311609,0
PDice1(obs4),0.1686046511627907,0.14023536004483048,0.03931403327227579,0
PDice1(obs5),0.15614617940199335,0.13181929229117179,0.03811608807383946,0
PDice1(obs6),0.17109634551495018,0.14188130687488182,0.039544075261158086,0
