Property,ObtainedValue,Variance,CI,Problems
PDice1(obs1),0.17442396313364056,0.14401683601977974,0.020984269023495795,0
PDice1(obs2),0.17050691244239632,0.14145060140399282,0.020796469419296217,0
PDice1(obs3),0.16267281105990783,0.13622606184853212,0.020408792660214323,0
PDice1(obs4),0.16175115207373272,0.1356033393810899,0.020362092451604887,0
PDice1(obs5),0.1620967741935484,0.13583705942040297,0.020379632507112416,0
PDice1(obs6),0.1685483870967742,0.14015597530561347,0.020701080852567312,0
