Property,ObtainedValue,Variance,CI,Problems
PDice1(obs1),0.1686209122203098,0.14019544081487434,0.014146563884484353,0
PDice1(obs2),0.16587779690189328,0.13836979583425105,0.014054152766947645,0
PDice1(obs3),0.16582401032702238,0.13833384842998173,0.014052327068192988,0
PDice1(obs4),0.16388769363166952,0.13703588819882218,0.013986246539397885,0
PDice1(obs5),0.167276247848537,0.13930239735307676,0.014101435171830675,0
PDice1(obs6),0.16851333907056798,0.140124130422888,0.014142965602957682,0
