Property,ObtainedValue,Variance,CI,Problems
PDice1(obs1),0.16706021251475797,0.13915696554992743,0.012478972549884292,0
PDice1(obs2),0.1671023781413392,0.13918504218536254,0.012480231379762268,0
PDice1(obs3),0.16668072187552707,0.13890411580965809,0.012467630179902251,0
PDice1(obs4),0.1637291280148423,0.13692767429552466,0.012378612565301813,0
PDice1(obs5),0.16625906560971496,0.1386228338309464,0.012455000255829905,0
PDice1(obs6),0.16916849384381852,0.14055644118484503,0.012541564922751125,0
