Property,ObtainedValue,Variance,CI,Problems
PDice1(obs1),0.1685508735868448,0.14014597769122333,0.010929643205285682,0
PDice1(obs2),0.16610996916752313,0.13852189624106537,0.010866129585348126,0
PDice1(obs3),0.16688078108941418,0.13903605143598535,0.010886276950088232,0
PDice1(obs4),0.16553186022610483,0.13813549999661653,0.010850963882997812,0
PDice1(obs5),0.16453622816032887,0.1374684728805086,0.010824733674751494,0
PDice1(obs6),0.16839028776978418,0.14003949642598432,0.010925490309137257,0
