Property,ObtainedValue,Variance,CI,Problems
PDice1(obs1),0.16873611292641486,0.14026882047014977,0.011029061313663453,0
PDice1(obs2),0.16569729447131093,0.13824621833597955,0.01094925596860509,0
PDice1(obs3),0.16729839236701086,0.13931419243475818,0.010991466978596409,0
PDice1(obs4),0.16550124166775584,0.13811509364940747,0.010944062125418349,0
PDice1(obs5),0.16458632858449876,0.13750216197496584,0.010919751165227682,0
PDice1(obs6),0.16818062998300876,0.13990047699498265,0.011014570733118866,0
