Property,ObtainedValue,Variance,CI,Problems
PDice1(obs1),0.16919068056407113,0.14056950347855213,0.010694257877173183,0
PDice1(obs2),0.16548129981606377,0.1381014728714212,0.01059996062687536,0
PDice1(obs3),0.1667381974248927,0.1389408303199365,0.010632124215704702,0
PDice1(obs4),0.1652053954629062,0.13791680075570675,0.010592871013851507,0
PDice1(obs5),0.16508277130594728,0.1378346753891129,0.010589716673860012,0
PDice1(obs6),0.16830165542611894,0.13998049945463095,0.010671829210258306,0
