Property,ObtainedValue,Variance,CI,Problems
PDice1(obs1),0.16796022313849138,0.13975806087601592,0.014996808481490664,0
PDice1(obs2),0.16674751394615572,0.13895120590916693,0.014953455832275114,0
PDice1(obs3),0.1655954402134368,0.13818196912116332,0.01491200706491113,0
PDice1(obs4),0.16511035653650255,0.13785728574077397,0.014894477540837791,0
PDice1(obs5),0.16674751394615572,0.13895120590916693,0.014953455832275114,0
PDice1(obs6),0.16783895221925782,0.13967750774707988,0.014992485961698223,0
