Property,ObtainedValue,Variance,CI,Problems
PDice1(obs1),0.16943454775313183,0.14073052529666355,0.010359210298712916,0
PDice1(obs2),0.1657568095621193,0.1382854629094082,0.010268825152211804,0
PDice1(obs3),0.16607286518790942,0.1384966479675282,0.010276663268598737,0
PDice1(obs4),0.1647799103551316,0.1376314459705577,0.010244513322730079,0
PDice1(obs5),0.16621652683599586,0.13859257513012568,0.010280221623695702,0
PDice1(obs6),0.167739340305712,0.13960686524998572,0.010317770961985554,0
