Property,ObtainedValue,Variance,CI,Problems
PDice1(obs1),0.16817742325356538,0.1399022318900905,0.014979131748012077,0
PDice1(obs2),0.16690838772057046,0.13905838116370242,0.014933888476366414,0
PDice1(obs3),0.1655789219240996,0.1381708922419754,0.014886157175048867,0
PDice1(obs4),0.1649746192893401,0.137766319534665,0.014864347415181884,0
PDice1(obs5),0.16684795745709452,0.13901811745095558,0.014931726300586224,0
PDice1(obs6),0.16751269035532995,0.13946061656705297,0.014955471501462335,0
