Property,ObtainedValue,Variance,CI,Problems
PDice1(obs1),0.16628139929110802,0.13863723678133608,0.011906061988805753,0
PDice1(obs2),0.16747572815533981,0.13943298053202613,0.011940182037138793,0
PDice1(obs3),0.16720604099244876,0.13925354583289434,0.011932496722332776,0
PDice1(obs4),0.1634304207119741,0.13672618591176292,0.011823717425372393,0
PDice1(obs5),0.1664355062413315,0.13874007370593136,0.011910476949241331,0
PDice1(obs6),0.16917090460779782,0.14055752486484915,0.01198823487040607,0
