Property,ObtainedValue,Variance,CI,Problems
PDice1(obs1),0.17094313453536755,0.14174615386650383,0.025538188674772484,0
PDice1(obs2),0.17753120665742025,0.1460391961822094,0.025922039396368092,0
PDice1(obs3),0.1622746185852982,0.13596513906782745,0.025011989345063625,0
PDice1(obs4),0.16054091539528434,0.1347908986204208,0.024903749183083707,0
PDice1(obs5),0.1596740638002774,0.13420152371075855,0.024849243556976514,0
PDice1(obs6),0.1690360610263523,0.14048722741448005,0.0254245263064064,0
