Property,ObtainedValue,Variance,CI,Problems
PDice1(obs1),0.1681184668989547,0.13985952114054648,0.011372400489036937,0
PDice1(obs2),0.16599303135888502,0.1384441687378052,0.011314710874466765,0
PDice1(obs3),0.1670383275261324,0.1391413727948612,0.011343165505358644,0
PDice1(obs4),0.1648780487804878,0.13769807565318415,0.01128418148531454,0
PDice1(obs5),0.16501742160278746,0.13779147326698485,0.011288007744207365,0
PDice1(obs6),0.1689547038327526,0.14041390435607454,0.011394917485200483,0
