Property,ObtainedValue,Variance,CI,Problems
PDice1(obs1),0.16787221217600964,0.13969814974168765,0.013646729594657903,0
PDice1(obs2),0.16666666666666666,0.13889586577585775,0.013607486709209658,0
PDice1(obs3),0.16561181434599156,0.13819148280008367,0.013572939011198689,0
PDice1(obs4),0.16355234076753064,0.1368098447009052,0.013504917459137414,0
PDice1(obs5),0.16752059473578462,0.13946445052273865,0.013635310098495737,0
PDice1(obs6),0.16877637130801687,0.14029795511152174,0.013675994886888669,0
