Property,ObtainedValue,Variance,CI,Problems
PDice1(obs1),0.16798561151079136,0.13977362844808178,0.013806648772208718,0
PDice1(obs2),0.1659815005138746,0.13843875601727657,0.013740562166943719,0
PDice1(obs3),0.16557040082219937,0.13816394308807614,0.013726917288614419,0
PDice1(obs4),0.16377183967112025,0.1369576621084403,0.013666862473437439,0
PDice1(obs5),0.16752312435765673,0.13946629398191268,0.013791461378971052,0
PDice1(obs6),0.16916752312435765,0.14055709511663572,0.013845289585554678,0
