Property,ObtainedValue,Variance,CI,Problems
PDice1(obs1),0.16986985472154964,0.14102475793795846,0.016828474218494028,0
PDice1(obs2),0.16676755447941888,0.13896665228356872,0.01670522609731256,0
PDice1(obs3),0.16366525423728814,0.1368892966390273,0.016579896161165553,0
PDice1(obs4),0.16578389830508475,0.13831006271763596,0.016665714949734293,0
PDice1(obs5),0.16691888619854722,0.13906749429027657,0.016711286123215572,0
PDice1(obs6),0.16699455205811137,0.13911789811636385,0.016714314280353616,0
