Property,ObtainedValue,Variance,CI,Problems
PDice1(obs1),0.1664224004936748,0.13873133574535398,0.011916531082923853,0
PDice1(obs2),0.1673866090712743,0.13937370758786863,0.011944087955095653,0
PDice1(obs3),0.1671551990126504,0.1392197079291539,0.011937487377826163,0
PDice1(obs4),0.16356834310398025,0.1368190171209943,0.011834115382851992,0
PDice1(obs5),0.16634526380746684,0.1386798656689318,0.011914320329090402,0
PDice1(obs6),0.1691221845109534,0.14052529104483624,0.011993330810989232,0
