Property,ObtainedValue,Variance,CI,Problems
PDice1(obs1),0.16986496090973702,0.14103591565137577,0.025789023154523593,0
PDice1(obs2),0.17697228144989338,0.14567897772808,0.02621008766134812,0
PDice1(obs3),0.16222459132906894,0.13593192609144483,0.02531807990636868,0
PDice1(obs4),0.1611584932480455,0.13521045790368275,0.025250801778423,0
PDice1(obs5),0.16009239516702203,0.1344867161817155,0.025183131052485486,0
PDice1(obs6),0.1696872778962331,0.14091854444803578,0.025778290006591122,0
