Property,ObtainedValue,Variance,CI,Problems
PDice1(obs1),0.1672957161728628,0.13931443219868028,0.013207425646921185,0
PDice1(obs2),0.16715418003396867,0.13922022836233305,0.013202959488804043,0
PDice1(obs3),0.16701264389507453,0.1391259844591383,0.013198489918896354,0
PDice1(obs4),0.163521419135686,0.1367886181304889,0.013087150626097568,0
PDice1(obs5),0.16639932062653331,0.13871713121727847,0.013179082272759636,0
PDice1(obs6),0.1686167201358747,0.1401917358921625,0.013248945892776,0
