Property,ObtainedValue,Variance,CI,Problems
PDice1(obs1),0.15178571428571427,0.12990669240669242,0.17851662581357003,0
PDice1(obs2),0.13392857142857142,0.11703667953667954,0.16944310566309592,0
PDice1(obs3),0.16071428571428573,0.1361003861003861,0.18272273433061761,0
PDice1(obs4),0.21428571428571427,0.16988416988416988,0.20414528939805,0
PDice1(obs5),0.13392857142857142,0.11703667953667954,0.16944310566309592,0
PDice1(obs6),0.20535714285714285,0.16465572715572716,0.2009792991993238,0
