Property,ObtainedValue,Variance,CI,Problems
PDice1(obs1),0.16725085259568018,0.13928460231560102,0.013232257415742726,0
PDice1(obs2),0.16715611974232664,0.13922154580215665,0.013229261842435776,0
PDice1(obs3),0.16677718832891247,0.1389691402536071,0.013217264224205789,0
PDice1(obs4),0.16336680560818492,0.13668456669306855,0.013108171862047255,0
PDice1(obs5),0.16654035619552862,0.13881124094626124,0.013209753240039321,0
PDice1(obs6),0.1689086775293672,0.1403851857292538,0.013284433131603053,0
