Property,ObtainedValue,Variance,CI,Problems
PDice1(obs1),0.1715611974232664,0.14214141842410843,0.018904174039671418,0
PDice1(obs2),0.17051913603637742,0.14145576078962774,0.018858524219970113,0
PDice1(obs3),0.16284577491474042,0.13633994437911523,0.018514370088919322,0
PDice1(obs4),0.16237211064797272,0.13602029392225246,0.01849265378364065,0
PDice1(obs5),0.1654035619552861,0.1380583023046964,0.01863067752441224,0
PDice1(obs6),0.16729821902235695,0.1393227233734266,0.01871579855313104,0
