Property,ObtainedValue,Variance,CI,Problems
PDice1(obs1),0.1685064935064935,0.14011963738409974,0.014185530902055776,0
PDice1(obs2),0.16574675324675325,0.13828224984064047,0.014092216615737048,0
PDice1(obs3),0.16590909090909092,0.13839075313992788,0.014097744267237628,0
PDice1(obs4),0.16396103896103897,0.13708523469603615,0.01403109069186108,0
PDice1(obs5),0.16715367965367967,0.13922086062826905,0.014139962212806641,0
PDice1(obs6),0.16872294372294372,0.14026310197910394,0.014192791129188215,0
