Property,ObtainedValue,Variance,CI,Problems
PDice1(obs1),0.16704260651629071,0.13914518637124998,0.012419928498598022,0
PDice1(obs2),0.16700083542188807,0.13911736747496936,0.012418686896273887,0
PDice1(obs3),0.16700083542188807,0.13911736747496936,0.012418686896273887,0
PDice1(obs4),0.1636591478696742,0.13688054883857373,0.012318444499735392,0
PDice1(obs5),0.16595655806182122,0.1384207608847648,0.012387555643517238,0
PDice1(obs6),0.16934001670843776,0.14066985138326552,0.012487787978246536,0
