Property,ObtainedValue,Variance,CI,Problems
PDice1(obs1),0.17495004995004995,0.14436055701510928,0.021873048582130995,0
PDice1(obs2),0.17245254745254746,0.14273048981741376,0.021749206718474648,0
PDice1(obs3),0.1635864135864136,0.1368429871614585,0.02129591555149482,0
PDice1(obs4),0.15921578421578422,0.13388283690831462,0.021064322540374807,0
PDice1(obs5),0.16146353646353645,0.1354099721934117,0.021184117052875068,0
PDice1(obs6),0.16833166833166832,0.14001360198437757,0.02154121310626104,0
