Property,ObtainedValue,Variance,CI,Problems
PDice1(obs1),0.16885669362084457,0.14035199204145113,0.01446268050347335,0
PDice1(obs2),0.16576819407008087,0.13829686590133777,0.014356403988024187,0
PDice1(obs3),0.1654874213836478,0.13810909019949402,0.014346654311108625,0
PDice1(obs4),0.16397124887690925,0.1370923767776394,0.014293749102718759,0
PDice1(obs5),0.16750898472596587,0.13945755593656672,0.014416522914517237,0
PDice1(obs6),0.16840745732255166,0.14005425032232646,0.014447331845165553,0
