Property,ObtainedValue,Variance,CI,Problems
PDice1(obs1),0.17112389979688558,0.14186452299057875,0.02524432327100008,0
PDice1(obs2),0.17789438050101558,0.14627272830428859,0.02563353565550238,0
PDice1(obs3),0.16181448882870683,0.13565352102247438,0.02468552496001465,0
PDice1(obs4),0.1606296547054841,0.13485059381826572,0.0246123602682873,0
PDice1(obs5),0.1596140825998646,0.13416013545087652,0.024549269634844745,0
PDice1(obs6),0.16892349356804334,0.14041211332640813,0.025114765062366012,0
