Property,ObtainedValue,Variance,CI,Problems
PDice1(obs1),0.16635543106131342,0.13868669714748566,0.011966416692734835,0
PDice1(obs2),0.16740585122938065,0.13938655496089855,0.011996571896854378,0
PDice1(obs3),0.1669000933706816,0.13904986186203072,0.011982074067045195,0
PDice1(obs4),0.1638655462184874,0.13701895962835975,0.011894249706630115,0
PDice1(obs5),0.1662776221599751,0.13863476803829383,0.011964176162274177,0
PDice1(obs6),0.16919545596016183,0.1405738225899411,0.012047555795147259,0
