Property,ObtainedValue,Variance,CI,Problems
PDice1(obs1),0.14285714285714285,0.126984126984127,0.37317499637679824,0
PDice1(obs2),0.07142857142857142,0.06878306878306878,0.27464936077438695,0
PDice1(obs3),0.14285714285714285,0.126984126984127,0.37317499637679824,0
PDice1(obs4),0.21428571428571427,0.17460317460317462,0.4375864710444464,0
PDice1(obs5),0.17857142857142858,0.1521164021164021,0.4084377178766913,0
PDice1(obs6),0.25,0.19444444444444445,0.46178049838777385,0
