Property,ObtainedValue,Variance,CI,Problems
PDice1(obs1),0.16964285714285715,0.14086829550747076,0.010478711944901483,0
PDice1(obs2),0.16556038533834586,0.13815420177542057,0.010377274887478341,0
PDice1(obs3),0.16641212406015038,0.13872320336814367,0.010398622839963881,0
PDice1(obs4),0.16485549812030076,0.1376822066276251,0.0103595330673236,0
PDice1(obs5),0.16611842105263158,0.13852715982395852,0.010391272578554638,0
PDice1(obs6),0.16741071428571427,0.13938846090907947,0.010423526707005533,0
