Property,ObtainedValue,Variance,CI,Problems
PDice1(obs1),0.16988619347109912,0.14103543444508243,0.0167406759717934,0
PDice1(obs2),0.16636717580113808,0.13869952342717118,0.01660146271885615,0
PDice1(obs3),0.16292303084755916,0.13638932870653023,0.016462624257374932,0
PDice1(obs4),0.16599281221922732,0.1384495646057636,0.01658649672172351,0
PDice1(obs5),0.16749026654687033,0.13944771798836775,0.01664617959259141,0
PDice1(obs6),0.16734052111410602,0.13934810447847046,0.016640232988970122,0
