Property,ObtainedValue,Variance,CI,Problems
PDice1(obs1),0.16812439261418854,0.13986707655007752,0.015015408273381936,0
PDice1(obs2),0.16666666666666666,0.13889732531535362,0.0149632639855906,0
PDice1(obs3),0.16545189504373178,0.13808595261500786,0.014919495806332823,0
PDice1(obs4),0.1650874635568513,0.1378419652586089,0.01490630917268616,0
PDice1(obs5),0.1668488824101069,0.1390187766518518,0.014969804469062311,0
PDice1(obs6),0.1678206997084548,0.13966539553577959,0.015004578651057792,0
