Property,ObtainedValue,Variance,CI,Problems
PDice1(obs1),0.1696058091286307,0.14085011507258718,0.016642675429451713,0
PDice1(obs2),0.16619739181979845,0.13858608745077378,0.016508376208916424,0
PDice1(obs3),0.16301126259632484,0.1364487011699211,0.016380578807375278,0
PDice1(obs4),0.16612329579134558,0.1385366113994667,0.016505429151985197,0
PDice1(obs5),0.1678275044457617,0.13967178232162653,0.016572914049084564,0
PDice1(obs6),0.1672347362181387,0.13927759913713678,0.01654951139877099,0
