Property,ObtainedValue,Variance,CI,Problems
PDice1(obs1),0.17122125895212967,0.1419179127776817,0.01883939978373336,0
PDice1(obs2),0.170278929513758,0.14129733054081983,0.01879816395324456,0
PDice1(obs3),0.16302299283829627,0.13645935561113443,0.018473539462691792,0
PDice1(obs4),0.1626460610629476,0.13620515489636723,0.018456324901214936,0
PDice1(obs5),0.16537881643422542,0.13804167158212555,0.01858033583120272,0
PDice1(obs6),0.16745194119864304,0.13942492700876555,0.018673196505625093,0
