Property,ObtainedValue,Variance,CI,Problems
PDice1(obs1),0.1687694099378882,0.14029083460108174,0.010974839364413609,0
PDice1(obs2),0.1660843685300207,0.13850483167697175,0.01090475681220601,0
PDice1(obs3),0.16686076604554864,0.13902274817175309,0.010925126078348934,0
PDice1(obs4),0.1655667701863354,0.138158884222003,0.010891129737178377,0
PDice1(obs5),0.16456392339544512,0.13748708620514932,0.010864618393424504,0
PDice1(obs6),0.16815476190476192,0.1398832631625974,0.010958885775720966,0
