Property,ObtainedValue,Variance,CI,Problems
PDice1(obs1),0.16959133199858673,0.14083425868410154,0.01049039437164327,0
PDice1(obs2),0.16567542103403604,0.13823114583050614,0.010392992482271674,0
PDice1(obs3),0.16638205158403016,0.13870314832313532,0.010410721257796636,0
PDice1(obs4),0.16496879048404192,0.13775814465500436,0.010375195804963927,0
PDice1(obs5),0.16599929336945002,0.13844760427474137,0.010401126578851618,0
PDice1(obs6),0.16738311152985513,0.1393701089701373,0.010435721462880316,0
