Property,ObtainedValue,Variance,CI,Problems
PDice1(obs1),0.16657977059436913,0.13886715165324592,0.03099613471979858,0
PDice1(obs2),0.1762252346193952,0.14520775525353033,0.03169587036014208,0
PDice1(obs3),0.16266944734098018,0.1362436153479083,0.03070194262419823,0
PDice1(obs4),0.16527632950990614,0.13799603835481605,0.030898762437375684,0
PDice1(obs5),0.16058394160583941,0.1348318883887361,0.030542464976148986,0
PDice1(obs6),0.1686652763295099,0.14025386341976717,0.03115051223656729,0
