Property,ObtainedValue,Variance,CI,Problems
PDice1(obs1),0.1660958904109589,0.1385419355054952,0.02999039991511945,0
PDice1(obs2),0.17636986301369864,0.14529907726134653,0.030713057994326193,0
PDice1(obs3),0.162426614481409,0.13607749644833483,0.0297224624424095,0
PDice1(obs4),0.16658512720156557,0.13886849238456908,0.030025724263133956,0
PDice1(obs5),0.15998043052837574,0.13441957387679038,0.02954084329416093,0
PDice1(obs6),0.16854207436399218,0.14016993167683128,0.030166092784167417,0
