Property,ObtainedValue,Variance,CI,Problems
PDice1(obs1),0.17063492063492064,0.14179999368866167,0.08641117543051696,0
PDice1(obs2),0.1527777777777778,0.1296940578749724,0.08264029263263269,0
PDice1(obs3),0.16071428571428573,0.13515336552115878,0.08436168380578314,0
PDice1(obs4),0.1865079365079365,0.15202436176591247,0.08947225876502975,0
PDice1(obs5),0.17261904761904762,0.14310565180346493,0.08680808986593644,0
PDice1(obs6),0.15674603174603174,0.1324394900438638,0.08351039866497259,0
