Property,ObtainedValue,Variance,CI,Problems
PDice1(obs1),0.168660567675346,0.1402224038100818,0.014772980249215457,0
PDice1(obs2),0.16643209007741028,0.13874058579322676,0.014694715261075155,0
PDice1(obs3),0.1656110720150129,0.13819214900179483,0.014665642648393042,0
PDice1(obs4),0.16432090077410275,0.13732759580264875,0.014619695315348782,0
PDice1(obs5),0.16760497302369223,0.1395217281742002,0.014736024562259285,0
PDice1(obs6),0.16737039643443585,0.13936571981561902,0.01472778360207625,0
