Property,ObtainedValue,Variance,CI,Problems
PDice1(obs1),0.16428571428571428,0.1373385700971908,0.03364460238246977,0
PDice1(obs2),0.1779503105590062,0.14632944145687773,0.034728417736043724,0
PDice1(obs3),0.1670807453416149,0.1392080021765179,0.03387281106999782,0
PDice1(obs4),0.16925465838509315,0.1406511994967767,0.03404794145546735,0
PDice1(obs5),0.15279503105590062,0.129488923491922,0.032668970563785024,0
PDice1(obs6),0.1686335403726708,0.14023982217385517,0.033998113200645254,0
