Property,ObtainedValue,Variance,CI,Problems
PDice1(obs1),0.16715010877447425,0.13921725961291478,0.012940512934957404,0
PDice1(obs2),0.167467367657723,0.139428367697263,0.012950320670183051,0
PDice1(obs3),0.16647026831036985,0.13876420724724706,0.01291943973061115,0
PDice1(obs4),0.16343364757070342,0.13672928735258322,0.01282436074083673,0
PDice1(obs5),0.1663796229151559,0.13870373042099726,0.012916624120317254,0
PDice1(obs6),0.1690989847715736,0.1405108864532139,0.013000496468841105,0
