Property,ObtainedValue,Variance,CI,Problems
PDice1(obs1),0.1670342721411605,0.13913972582431008,0.0125151939821312,0
PDice1(obs2),0.16673736002714626,0.13894190616047883,0.012506294179998158,0
PDice1(obs3),0.16682219205972176,0.13899844405637812,0.012508838436305842,0
PDice1(obs4),0.16381065490329147,0.1369825344968606,0.012417798618109979,0
PDice1(obs5),0.166440447913132,0.1387439101755618,0.012497380098951544,0
PDice1(obs6),0.16915507295554802,0.14054759571806041,0.012578351422917163,0
