Property,ObtainedValue,Variance,CI,Problems
PDice1(obs1),0.17146089204912734,0.142085015926277,0.024685735018368227,0
PDice1(obs2),0.17550096961861666,0.14472376709134996,0.024913907746464486,0
PDice1(obs3),0.16402714932126697,0.13714440656843607,0.024252749022705924,0
PDice1(obs4),0.15934065934065933,0.13397286405206238,0.023970679411454723,0
PDice1(obs5),0.16111829347123466,0.13518103465478892,0.024078520917793448,0
PDice1(obs6),0.16855203619909503,0.1401648983747121,0.024518367820362166,0
