Property,ObtainedValue,Variance,CI,Problems
PDice1(obs1),0.16875776397515527,0.1402872945698182,0.015206991640679266,0
PDice1(obs2),0.16627329192546583,0.13863509519321252,0.015117178101713665,0
PDice1(obs3),0.16453416149068323,0.13747120977769925,0.015053587612197121,0
PDice1(obs4),0.16540372670807454,0.13805390867609155,0.01508545767948148,0
PDice1(obs5),0.16763975155279504,0.1395453326640789,0.01516672439224693,0
PDice1(obs6),0.1673913043478261,0.13938011272641831,0.015157743126544342,0
