Property,ObtainedValue,Variance,CI,Problems
PDice1(obs1),0.1639784946236559,0.137142213905378,0.03738627217309164,0
PDice1(obs2),0.17703533026113671,0.14574979360338686,0.038541672744042126,0
PDice1(obs3),0.16474654377880185,0.13765798414095046,0.03745650813489333,0
PDice1(obs4),0.1674347158218126,0.1394538854789434,0.037700047280087114,0
PDice1(obs5),0.15514592933947774,0.13112602556544412,0.03655704086855795,0
PDice1(obs6),0.1716589861751152,0.14224680490961333,0.0380756955350471,0
