Property,ObtainedValue,Variance,CI,Problems
PDice1(obs1),0.16963536044140579,0.14086342897360984,0.010587935984021007,0
PDice1(obs2),0.16552716804605974,0.1381320668241746,0.010484782696157725,0
PDice1(obs3),0.1661568909679741,0.13855293331173585,0.010500743282587781,0
PDice1(obs4),0.16489744512414536,0.13771040721091327,0.010468767629734204,0
PDice1(obs5),0.16579704929830874,0.13831253529341922,0.010491629603987328,0
PDice1(obs6),0.16798608612210628,0.13977095227588568,0.010546798308548702,0
