Property,ObtainedValue,Variance,CI,Problems
PDice1(obs1),0.1715706168831169,0.1421485628463368,0.019564464461644376,0
PDice1(obs2),0.1695413961038961,0.1408113979817747,0.019472227411443083,0
PDice1(obs3),0.1637581168831169,0.13695529166419576,0.01920375410524823,0
PDice1(obs4),0.1624391233766234,0.13606646001765865,0.01914133706225628,0
PDice1(obs5),0.1656858766233766,0.13824809370614166,0.019294179012375297,0
PDice1(obs6),0.16700487012987014,0.13912835959068834,0.019355507372499466,0
