Property,ObtainedValue,Variance,CI,Problems
PDice1(obs1),0.17008639308855292,0.1411679011987766,0.016999867758502124,0
PDice1(obs2),0.16723233569885837,0.13927642491744774,0.016885595027551836,0
PDice1(obs3),0.16368404813329218,0.13690214069745846,0.01674104961939895,0
PDice1(obs4),0.16530391854365936,0.13798917708562355,0.016807382214098984,0
PDice1(obs5),0.16723233569885837,0.13927642491744774,0.016885595027551836,0
PDice1(obs6),0.16646096883677877,0.13876241836382253,0.01685440766337727,0
