Property,ObtainedValue,Variance,CI,Problems
PDice1(obs1),0.16934347703578473,0.14067617338541552,0.016217143253880073,0
PDice1(obs2),0.1655395886165117,0.1381459645474602,0.016070640329244032,0
PDice1(obs3),0.16328543251620176,0.13663292479235253,0.0159823914120264,0
PDice1(obs4),0.1665257819103973,0.1388047236043551,0.016108911765786292,0
PDice1(obs5),0.1684981684981685,0.14011640584377463,0.01618484610415231,0
PDice1(obs6),0.16680755142293605,0.1389925831793228,0.016119809053735553,0
