Property,ObtainedValue,Variance,CI,Problems
PDice1(obs1),0.16711854899027673,0.1391964465130083,0.013141212996839667,0
PDice1(obs2),0.16735228122662676,0.13935200940623046,0.01314855411194112,0
PDice1(obs3),0.1668380703066567,0.13900962680919743,0.013132391428906962,0
PDice1(obs4),0.16365931189229618,0.13688134023959006,0.013031472884742917,0
PDice1(obs5),0.16618362004487658,0.13857310227387515,0.013111755740820411,0
PDice1(obs6),0.168848167539267,0.1403450244891855,0.01319531890117865,0
