Property,ObtainedValue,Variance,CI,Problems
PDice1(obs1),0.169415333701048,0.14071765920390694,0.010148631336759157,0
PDice1(obs2),0.1653061224489796,0.13798381373013088,0.010049564628571069,0
PDice1(obs3),0.16649200220628793,0.13877624266197744,0.010078380200295844,0
PDice1(obs4),0.16478212906784334,0.1376327747268164,0.01003677314368471,0
PDice1(obs5),0.1661334804191947,0.13853696775848123,0.010069687992732989,0
PDice1(obs6),0.16787093215664645,0.13969413486203405,0.010111655421018616,0
