Property,ObtainedValue,Variance,CI,Problems
PDice1(obs1),0.162748643761302,0.1363231516263823,0.04044262373295972,0
PDice1(obs2),0.1763110307414105,0.14529113433326546,0.04175169114064263,0
PDice1(obs3),0.16139240506329114,0.13540611098706695,0.04030636620314432,0
PDice1(obs4),0.17405063291139242,0.14382202909503117,0.04154006959004019,0
PDice1(obs5),0.15370705244122965,0.13014002811849024,0.039514815822371055,0
PDice1(obs6),0.1717902350813743,0.1423427004382984,0.04132588038220019,0
