Property,ObtainedValue,Variance,CI,Problems
PDice1(obs1),0.16647710039429783,0.13876773657511424,0.011816445615247684,0
PDice1(obs2),0.16708371246587808,0.139172021958782,0.01183364608974379,0
PDice1(obs3),0.16696997270245678,0.1390962745106495,0.01183042528975441,0
PDice1(obs4),0.16424021838034578,0.13727057342090396,0.01175252901629379,0
PDice1(obs5),0.1658704883227176,0.13836271520713214,0.011799188685242153,0
PDice1(obs6),0.16935850773430391,0.14068153728723656,0.011897649232523394,0
