Property,ObtainedValue,Variance,CI,Problems
PDice1(obs1),0.16875393329137822,0.14028045740137632,0.010823524771699204,0
PDice1(obs2),0.16614222781623664,0.13854334740332516,0.010756301501854373,0
PDice1(obs3),0.16670862177470108,0.13892122854204456,0.010770960580501702,0
PDice1(obs4),0.16551290119572057,0.1381227269489446,0.01073996091345643,0
PDice1(obs5),0.16460037759597232,0.13751142027110572,0.010716167977905786,0
PDice1(obs6),0.1682819383259912,0.1399675318239277,0.010811445937821875,0
