Property,ObtainedValue,Variance,CI,Problems
PDice1(obs1),0.1688815060908084,0.14037025854076468,0.01605760456143902,0
PDice1(obs2),0.16597452934662238,0.1384365666662144,0.015946619022814204,0
PDice1(obs3),0.16382890365448505,0.1369984761576683,0.015863575394874232,0
PDice1(obs4),0.16638981173864895,0.13871384319099384,0.015962580886767264,0
PDice1(obs5),0.16825858250276854,0.13995731888528895,0.01603396812459756,0
PDice1(obs6),0.16666666666666666,0.13889850257262176,0.015973202249087735,0
