Property,ObtainedValue,Variance,CI,Problems
PDice1(obs1),0.16986062717770034,0.14103256464571215,0.02553588011760287,0
PDice1(obs2),0.17717770034843205,0.14581116548974465,0.025964891953280667,0
PDice1(obs3),0.16236933797909409,0.13602923453624052,0.025078829111257396,0
PDice1(obs4),0.160801393728223,0.13496781906061164,0.024980794350142478,0
PDice1(obs5),0.1602787456445993,0.13461292106760214,0.024947929221390688,0
PDice1(obs6),0.16951219512195123,0.14080234085142732,0.025515029016951254,0
