Property,ObtainedValue,Variance,CI,Problems
PDice1(obs1),0.1675298026187219,0.1394703819231154,0.013447772895541853,0
PDice1(obs2),0.1666015243306625,0.13885224029083115,0.013417939108734315,0
PDice1(obs3),0.1666503810826656,0.1388848170287305,0.013419513037427692,0
PDice1(obs4),0.16318155169044363,0.13656000475662863,0.013306723497813183,0
PDice1(obs5),0.16709009185069376,0.13917779283092918,0.013433659729103153,0
PDice1(obs6),0.1689466484268126,0.14041053841501352,0.013493021843721588,0
