Property,ObtainedValue,Variance,CI,Problems
PDice1(obs1),0.1732857142857143,0.14327824383075133,0.023307096809990123,0
PDice1(obs2),0.1747142857142857,0.14420980548241585,0.02338274269907142,0
PDice1(obs3),0.16485714285714287,0.13769893658277713,0.022848797483797745,0
PDice1(obs4),0.15871428571428572,0.1335431388157492,0.022501363994444152,0
PDice1(obs5),0.161,0.13509829975710816,0.022632003255342162,0
PDice1(obs6),0.16742857142857143,0.1394161614924581,0.02299082818384925,0
