Property,ObtainedValue,Variance,CI,Problems
PDice1(obs1),0.16729323308270677,0.13933239754773283,0.026364364917820262,0
PDice1(obs2),0.17894736842105263,0.1469528304687268,0.027075733876534794,0
PDice1(obs3),0.16221804511278196,0.13592890149796374,0.026040370718654386,0
PDice1(obs4),0.16353383458646617,0.13681623686966995,0.026125227415221816,0
PDice1(obs5),0.15958646616541353,0.13414384098995374,0.02586882053096524,0
PDice1(obs6),0.16842105263157894,0.1400817328148346,0.026435164165366093,0
