Property,ObtainedValue,Variance,CI,Problems
PDice1(obs1),0.16726584673604541,0.13929457239894713,0.013223964692387864,0
PDice1(obs2),0.16726584673604541,0.13929457239894713,0.013223964692387864,0
PDice1(obs3),0.16684011352885525,0.1390110657828529,0.013210500452578098,0
PDice1(obs4),0.16338694418164618,0.13669811697793624,0.013100137372826556,0
PDice1(obs5),0.1664616840113529,0.13875875556857228,0.013198506234706928,0
PDice1(obs6),0.16877956480605488,0.14029966000151362,0.013271588059650818,0
