Property,ObtainedValue,Variance,CI,Problems
PDice1(obs1),0.16793739967897273,0.13974143897039376,0.013639255603890786,0
PDice1(obs2),0.1668338683788122,0.13900730141821271,0.013603381222237886,0
PDice1(obs3),0.16568017656500802,0.13823718970683613,0.013565646969931192,0
PDice1(obs4),0.163473113964687,0.13675651475239956,0.013492799748153856,0
PDice1(obs5),0.16738563402889245,0.13937467465490774,0.013621345101083739,0
PDice1(obs6),0.1686898073836276,0.14024059080857088,0.01366359337673975,0
