Property,ObtainedValue,Variance,CI,Problems
PDice1(obs1),0.16812094155844157,0.13986338591016817,0.013722516096104668,0
PDice1(obs2),0.1661424512987013,0.13854616569411765,0.013657744549175767,0
PDice1(obs3),0.1656858766233766,0.1382410799527194,0.013642698735756142,0
PDice1(obs4),0.16365665584415584,0.1368800988405841,0.013575376559443563,0
PDice1(obs5),0.16756290584415584,0.13949265496406843,0.013704317133453308,0
PDice1(obs6),0.16883116883116883,0.1403343244954528,0.01374559944784136,0
