Property,ObtainedValue,Variance,CI,Problems
PDice1(obs1),0.16771743802837083,0.1395932994859813,0.01152000762881693,0
PDice1(obs2),0.1661412809858146,0.13854331860246433,0.011476600749535918,0
PDice1(obs3),0.1669651812580599,0.13909279205288133,0.011499336768992209,0
PDice1(obs4),0.16456512394325834,0.13748836899891353,0.01143282248729124,0
PDice1(obs5),0.16513827195873335,0.1378725619297954,0.01144878509340308,0
PDice1(obs6),0.16947270382576302,0.14075674863694485,0.01156791512868352,0
