Property,ObtainedValue,Variance,CI,Problems
PDice1(obs1),0.16857394366197184,0.1401655824084923,0.015293771058003117,0
PDice1(obs2),0.16593309859154928,0.1384080081001636,0.015197582197586145,0
PDice1(obs3),0.16473843058350102,0.13760833250778012,0.015153615302874157,0
PDice1(obs4),0.16549295774647887,0.13811372289575977,0.01518141693551313,0
PDice1(obs5),0.16775653923541248,0.13962306189523482,0.015264144566740155,0
PDice1(obs6),0.1675050301810865,0.1394558636482164,0.015255002442646746,0
