Property,ObtainedValue,Variance,CI,Problems
PDice1(obs1),0.16874066699850673,0.14027598227241925,0.01521961871806884,0
PDice1(obs2),0.16612742658038826,0.1385377245367658,0.015125026298100051,0
PDice1(obs3),0.1644474863115978,0.13741306039938067,0.015063507895884055,0
PDice1(obs4),0.16550522648083624,0.13812184043064998,0.015102306905490439,0
PDice1(obs5),0.16780736684917869,0.13965674392432115,0.015185988600329256,0
PDice1(obs6),0.16737182677949228,0.1393671698066807,0.015170236582210967,0
