Property,ObtainedValue,Variance,CI,Problems
PDice1(obs1),0.16804618843245453,0.13981381054854924,0.0137690668306371,0
PDice1(obs2),0.16615573267933784,0.13855508442730538,0.013706946111316547,0
PDice1(obs3),0.16554261189454322,0.13814531385527976,0.013686662257741702,0
PDice1(obs4),0.16365215614142653,0.13687712144903227,0.013623694719460809,0
PDice1(obs5),0.1674841610463928,0.13944034132593758,0.01375066463814539,0
PDice1(obs6),0.16911914980584508,0.14052504287684087,0.01380404400046565,0
