Property,ObtainedValue,Variance,CI,Problems
PDice1(obs1),0.1694826380797017,0.14076237398118963,0.010431964868311633,0
PDice1(obs2),0.16566651130272664,0.13822514493609678,0.010337519730683085,0
PDice1(obs3),0.16636564903285947,0.13869216005981702,0.01035496846290544,0
PDice1(obs4),0.1650547657888604,0.13781570475253638,0.01032219786215241,0
PDice1(obs5),0.16592868795152646,0.13840039017182118,0.01034407073574246,0
PDice1(obs6),0.16750174784432534,0.13944897456506916,0.010383182489075935,0
