Property,ObtainedValue,Variance,CI,Problems
PDice1(obs1),0.17334223408989763,0.143310648635578,0.02057097015982897,0
PDice1(obs2),0.16978193146417445,0.14097171164856678,0.02040241277450927,0
PDice1(obs3),0.16277258566978192,0.13629283489096572,0.02006097588433723,0
PDice1(obs4),0.16277258566978192,0.13629283489096572,0.02006097588433723,0
PDice1(obs5),0.16388518024032042,0.1370420751647945,0.020116040741359868,0
PDice1(obs6),0.1674454828660436,0.13942300526166734,0.020290033460223768,0
