Property,ObtainedValue,Variance,CI,Problems
PDice1(obs1),0.1687116564417178,0.140252423444428,0.010793950559162645,0
PDice1(obs2),0.1659258795542757,0.13839881405085874,0.010722385608635756,0
PDice1(obs3),0.16680230374358332,0.13898364551758988,0.010745016502881743,0
PDice1(obs4),0.16526856141229498,0.13795918226259374,0.0107053419256956,0
PDice1(obs5),0.16489295104544885,0.13770757610707032,0.01069557541686715,0
PDice1(obs6),0.16839864780267935,0.14004492674810107,0.010785963039143188,0
