Property,ObtainedValue,Variance,CI,Problems
PDice1(obs1),0.16809429420925953,0.13984355232735926,0.011461559154110429,0
PDice1(obs2),0.1661829251026476,0.13857106533018546,0.011409293553053344,0
PDice1(obs3),0.16674925668979187,0.13894886027872963,0.011424835901481353,0
PDice1(obs4),0.1645193260654113,0.13745758282708465,0.011363361624581758,0
PDice1(obs5),0.16543961489452075,0.13807423595564794,0.011388821883169208,0
PDice1(obs6),0.16901458303836897,0.1404536252165158,0.011486532693618146,0
