Property,ObtainedValue,Variance,CI,Problems
PDice1(obs1),0.1730686232196806,0.14313131848015886,0.02024516863440976,0
PDice1(obs2),0.16961588260681917,0.14086153367239454,0.020084002602638082,0
PDice1(obs3),0.16389728096676737,0.137049749672114,0.019810397324480495,0
PDice1(obs4),0.16260250323694433,0.13617762249076562,0.019747264192099215,0
PDice1(obs5),0.16432887354337505,0.13733971356355237,0.019831343239150142,0
PDice1(obs6),0.16648683642641346,0.13878394425316112,0.019935341316515323,0
