Property,ObtainedValue,Variance,CI,Problems
PDice1(obs1),0.16877213695395513,0.14029638470090572,0.014825645526800145,0
PDice1(obs2),0.16635182998819362,0.13868708560678142,0.01474036994098723,0
PDice1(obs3),0.1656434474616293,0.13821385479796142,0.014715199760575202,0
PDice1(obs4),0.16446280991735537,0.13742290640358035,0.014673034440528417,0
PDice1(obs5),0.16741440377804015,0.13939504993715557,0.014777945076741765,0
PDice1(obs6),0.16735537190082644,0.13935577782992842,0.014775863216853967,0
