Property,ObtainedValue,Variance,CI,Problems
PDice1(obs1),0.1686813186813187,0.14025361888523638,0.026110055312876114,0
PDice1(obs2),0.1782051282051282,0.14647488738897424,0.026682857710221636,0
PDice1(obs3),0.1619047619047619,0.1357164664730153,0.025684258118443135,0
PDice1(obs4),0.16282051282051282,0.13633496319885768,0.02574271665449172,0
PDice1(obs5),0.15989010989010988,0.134349868852525,0.02555461705625362,0
PDice1(obs6),0.1684981684981685,0.1401322009492004,0.026098751093180467,0
