Property,ObtainedValue,Variance,CI,Problems
PDice1(obs1),0.16718146718146717,0.1392385442194796,0.013354632355912185,0
PDice1(obs2),0.16689189189189188,0.13904569901239625,0.013345381077115403,0
PDice1(obs3),0.16674710424710426,0.1389492135154329,0.01334075001269347,0
PDice1(obs4),0.16336872586872586,0.13668598209056243,0.0132316556044485,0
PDice1(obs5),0.16689189189189188,0.13904569901239625,0.013345381077115403,0
PDice1(obs6),0.16891891891891891,0.1403920934303675,0.013409837795910325,0
