Property,ObtainedValue,Variance,CI,Problems
PDice1(obs1),0.1695159106296547,0.14079218205745253,0.017782839306269508,0
PDice1(obs2),0.16765402843601895,0.13955796611665228,0.01770472354944746,0
PDice1(obs3),0.16308395396073122,0.1364991299803361,0.01750962220763364,0
PDice1(obs4),0.16435341909275558,0.13735299704797874,0.017564302341433028,0
PDice1(obs5),0.16723087339201084,0.13927649548687146,0.017686860452614934,0
PDice1(obs6),0.16816181448882872,0.13989525811347417,0.017726105552611206,0
