Property,ObtainedValue,Variance,CI,Problems
PDice1(obs1),0.1736552920763447,0.14351988347307448,0.02346797513981104,0
PDice1(obs2),0.17524580682475419,0.1445556156367893,0.023552502944221704,0
PDice1(obs3),0.164545980335454,0.1374904807488436,0.022969730419711863,0
PDice1(obs4),0.15905147484094853,0.13377344579536612,0.022657111396367308,0
PDice1(obs5),0.16064198958935802,0.13485563985050228,0.022748572006265712,0
PDice1(obs6),0.16685945633314053,0.13903748190767257,0.02309859317001018,0
