Property,ObtainedValue,Variance,CI,Problems
PDice1(obs1),0.16833555852247442,0.14000648678225272,0.014377210271225068,0
PDice1(obs2),0.16549844236760125,0.1381163913188532,0.014279833933439724,0
PDice1(obs3),0.1658878504672897,0.13837676939674784,0.014293287821688271,0
PDice1(obs4),0.16421895861148197,0.13725872790981392,0.014235428040540296,0
PDice1(obs5),0.16761237205162438,0.13952622659296,0.014352530224613797,0
PDice1(obs6),0.16844681797952826,0.140080280120055,0.014380998676310661,0
