Property,ObtainedValue,Variance,CI,Problems
PDice1(obs1),0.1714892755969243,0.1420950802249533,0.01953305746150788,0
PDice1(obs2),0.16936462970457306,0.14069448647926183,0.019436552968791872,0
PDice1(obs3),0.16390125455281263,0.1370514993043047,0.019183268362465426,0
PDice1(obs4),0.16268717118575476,0.13623383878714018,0.019125958276993642,0
PDice1(obs5),0.16572237960339944,0.13827246202667526,0.019268528725292,0
PDice1(obs6),0.16683528935653583,0.13901534026622206,0.019320220132233952,0
