Property,ObtainedValue,Variance,CI,Problems
PDice1(obs1),0.16786405084277425,0.13969053617851257,0.011315956840010473,0
PDice1(obs2),0.16592981486598507,0.1384018917959244,0.011263641089371355,0
PDice1(obs3),0.16734595192042,0.1393460973004582,0.011301997193240113,0
PDice1(obs4),0.16492815694943355,0.1377316172348608,0.011236333315794461,0
PDice1(obs5),0.16489361702127658,0.13770846852752672,0.011235389024546462,0
PDice1(obs6),0.16903840840011053,0.1404692766843929,0.01134745484572244,0
