Property,ObtainedValue,Variance,CI,Problems
PDice1(obs1),0.16639871382636656,0.13871549175044154,0.011871066028572252,0
PDice1(obs2),0.16739396723319552,0.1393785622359314,0.011899404498251817,0
PDice1(obs3),0.1670877354157097,0.13917475155649914,0.011890701176463524,0
PDice1(obs4),0.1637191854233655,0.1369204549226454,0.011794007630220886,0
PDice1(obs5),0.16613076098606644,0.13853663428091995,0.011863410381537981,0
PDice1(obs6),0.16926963711529627,0.14062280996348658,0.011952400131782812,0
