Property,ObtainedValue,Variance,CI,Problems
PDice1(obs1),0.16862770175214223,0.14019688252467472,0.010907134065277418,0
PDice1(obs2),0.16594193630899093,0.13840963550939525,0.010837388330593981,0
PDice1(obs3),0.16683719145670803,0.13900698752930127,0.010860749297977241,0
PDice1(obs4),0.16555825553139789,0.13815313678204386,0.010827341828559064,0
PDice1(obs5),0.16459905358741528,0.13751060182676214,0.010802134100304317,0
PDice1(obs6),0.1684358613633457,0.1400697004744331,0.010902185644191785,0
