Property,ObtainedValue,Variance,CI,Problems
PDice1(obs1),0.16877774875946722,0.14030098070236874,0.015592104965768367,0
PDice1(obs2),0.16597022721337162,0.13843314935838127,0.015487968119672617,0
PDice1(obs3),0.16446852964220424,0.1374276052126208,0.01543161521558403,0
PDice1(obs4),0.16577435361713241,0.13830224721946463,0.015480643690268038,0
PDice1(obs5),0.1678636719770175,0.1396945804340247,0.015558372859113195,0
PDice1(obs6),0.167145468790807,0.13921695069510506,0.015531752268751468,0
