Property,ObtainedValue,Variance,CI,Problems
PDice1(obs1),0.1746031746031746,0.14413372835224125,0.021129545564654587,0
PDice1(obs2),0.17051820728291317,0.14145825833543407,0.020932519268816643,0
PDice1(obs3),0.16258169934640523,0.1361647826322467,0.02053712965407609,0
PDice1(obs4),0.161531279178338,0.1354547344014451,0.020483512953794854,0
PDice1(obs5),0.16258169934640523,0.1361647826322467,0.02053712965407609,0
PDice1(obs6),0.16818394024276379,0.13991443236957832,0.020817980805524838,0
