Property,ObtainedValue,Variance,CI,Problems
PDice1(obs1),0.16681735985533455,0.1389945646897705,0.01178861541525414,0
PDice1(obs2),0.16711874623267028,0.1391953148367507,0.011797125504803075,0
PDice1(obs3),0.1667420132610006,0.13894434876640965,0.011786485728793159,0
PDice1(obs4),0.16414255575647982,0.13720494610891826,0.011712477636957378,0
PDice1(obs5),0.16568716094032548,0.13824013360149373,0.01175657891409323,0
PDice1(obs6),0.16949216395418928,0.14076987357759493,0.011863661623108637,0
