Property,ObtainedValue,Variance,CI,Problems
PDice1(obs1),0.1694380385969171,0.14073306000530464,0.010645789964648825,0
PDice1(obs2),0.16552372860784076,0.1381298152160288,0.010546868800497352,0
PDice1(obs3),0.16637334627988834,0.13869746449241002,0.010568517943273311,0
PDice1(obs4),0.16506857628352956,0.13782512350227885,0.010535230047418654,0
PDice1(obs5),0.1654326981429785,0.13806891002046673,0.01054454334335446,0
PDice1(obs6),0.16816361208884573,0.13988885637395287,0.010613811931785015,0
