Property,ObtainedValue,Variance,CI,Problems
PDice1(obs1),0.1670196380438968,0.1391307752581313,0.013331459862858748,0
PDice1(obs2),0.16711590296495957,0.13919487773312444,0.013334530647017744,0
PDice1(obs3),0.16668271082017713,0.1389062706344032,0.01332069954497467,0
PDice1(obs4),0.16340970350404313,0.13671355266444157,0.013215143746360576,0
PDice1(obs5),0.16692337312283403,0.139066654248376,0.01332838748300701,0
PDice1(obs6),0.16884867154408933,0.14034555283866834,0.013389533147238048,0
