Property,ObtainedValue,Variance,CI,Problems
PDice1(obs1),0.1686525541893776,0.14021331347184698,0.010859272411593702,0
PDice1(obs2),0.16611737862847,0.1385267850175744,0.010793765512852525,0
PDice1(obs3),0.16678286221320826,0.13897074302557075,0.010811047893939753,0
PDice1(obs4),0.16557865382177717,0.13816674168218077,0.010779729412244136,0
PDice1(obs5),0.16456458359741413,0.13748743835774455,0.010753197235474016,0
PDice1(obs6),0.16830396754975283,0.13998217804922397,0.010850318205677176,0
