Property,ObtainedValue,Variance,CI,Problems
PDice1(obs1),0.1664277751234273,0.13873509456436686,0.01210779349760762,0
PDice1(obs2),0.16766204809683072,0.13955704222433787,0.01214360734753827,0
PDice1(obs3),0.16646759038063386,0.1387616565645459,0.012108952511561277,0
PDice1(obs4),0.16387959866220736,0.1370285316307527,0.012033094850327917,0
PDice1(obs5),0.1662286988373945,0.138602237003937,0.01210199468652977,0
PDice1(obs6),0.1693342888995063,0.14066578814694006,0.012191750881699128,0
