Property,ObtainedValue,Variance,CI,Problems
PDice1(obs1),0.1670233175914994,0.13913166222422912,0.011671948637816761,0
PDice1(obs2),0.16680194805194806,0.1389841859888995,0.011665761004455853,0
PDice1(obs3),0.16709710743801653,0.13918079918876963,0.01167400954001687,0
PDice1(obs4),0.1639979338842975,0.1371076701429472,0.011586739857534447,0
PDice1(obs5),0.16569510035419127,0.13824533462381755,0.01163471161164294,0
PDice1(obs6),0.1693845926800472,0.14069864350831654,0.011737492725256378,0
