Property,ObtainedValue,Variance,CI,Problems
PDice1(obs1),0.16835954565312364,0.1400222555158877,0.01424550075123694,0
PDice1(obs2),0.16546526867627784,0.1380940547163387,0.014147075659967664,0
PDice1(obs3),0.1659021406727829,0.138386177523679,0.014162031047493332,0
PDice1(obs4),0.16415465268676277,0.13721539588354492,0.01410199664061684,0
PDice1(obs5),0.1673219746614242,0.1393329402893013,0.0142103929190843,0
PDice1(obs6),0.16879641764962866,0.14031184932799945,0.01426022440361159,0
