Property,ObtainedValue,Variance,CI,Problems
PDice1(obs1),0.16958450046685342,0.14082970684504822,0.010442981010660149,0
PDice1(obs2),0.16570378151260504,0.1382500722123637,0.010346894813633758,0
PDice1(obs3),0.16640406162464985,0.13871779745425059,0.01036438275226633,0
PDice1(obs4),0.16506185807656396,0.13782046245691337,0.010330805904801786,0
PDice1(obs5),0.16579131652661064,0.13830859150581537,0.010349084428813106,0
PDice1(obs6),0.16745448179271707,0.13941754629253877,0.010390490943953624,0
