Property,ObtainedValue,Variance,CI,Problems
PDice1(obs1),0.16702567637428917,0.13913409386484343,0.01261268577965282,0
PDice1(obs2),0.16698259520937447,0.1391054009292346,0.012611385186711312,0
PDice1(obs3),0.16693951404445975,0.13907670428149232,0.012610084291338242,0
PDice1(obs4),0.16375150784077203,0.1369428511782011,0.012512972126902147,0
PDice1(obs5),0.16629329657073927,0.1386458091093424,0.01259053450515598,0
PDice1(obs6),0.16900740996036534,0.14044995608657476,0.012672187732811506,0
