Property,ObtainedValue,Variance,CI,Problems
PDice1(obs1),0.1688734030197445,0.1403633279527605,0.014708125603848448,0
PDice1(obs2),0.16620209059233448,0.1385870037008385,0.014614762236005111,0
PDice1(obs3),0.16579558652729384,0.13831544227101317,0.014600436391046244,0
PDice1(obs4),0.16399535423925668,0.1371088402130402,0.014536613056018553,0
PDice1(obs5),0.16747967479674797,0.1394383307907648,0.014659582073763298,0
PDice1(obs6),0.16765389082462254,0.13955416790692346,0.014665669966429262,0
