Property,ObtainedValue,Variance,CI,Problems
PDice1(obs1),0.1682531962201223,0.13994892022047556,0.01135942316284023,0
PDice1(obs2),0.16589077265147303,0.13837583158771552,0.011295400237184125,0
PDice1(obs3),0.16703724291272928,0.1391406363504707,0.01132657212616386,0
PDice1(obs4),0.16505697609783213,0.13781795874506478,0.011272608103095999,0
PDice1(obs5),0.16502223457476375,0.1377946838679037,0.011271656196503069,0
PDice1(obs6),0.1687395775430795,0.14027140575594146,0.0113725034415903,0
