Property,ObtainedValue,Variance,CI,Problems
PDice1(obs1),0.168785838942907,0.14030592458658653,0.015234519239228778,0
PDice1(obs2),0.16635502368486663,0.13868967411239114,0.015146518248425075,0
PDice1(obs3),0.16429818000498628,0.13731284656902426,0.015071147969423956,0
PDice1(obs4),0.16548242333582647,0.13810659889318586,0.015114645430868445,0
PDice1(obs5),0.16778858140114686,0.13964427718432418,0.015198555712543187,0
PDice1(obs6),0.16728995263026677,0.13931270754474626,0.015180501358085872,0
