Property,ObtainedValue,Variance,CI,Problems
PDice1(obs1),0.16879062061934497,0.14030481702484185,0.010891847302262154,0
PDice1(obs2),0.16601886071109978,0.13846100987142637,0.010820043348418979,0
PDice1(obs3),0.1670064992990952,0.13911976075044263,0.01084575186869485,0
PDice1(obs4),0.16554097107174717,0.13814155906302614,0.01080755439014254,0
PDice1(obs5),0.16455333248375176,0.13747991326732156,0.010781641276400295,0
PDice1(obs6),0.16808971581496113,0.13984001845860597,0.010873791205464485,0
