Property,ObtainedValue,Variance,CI,Problems
PDice1(obs1),0.16510538641686182,0.13788596253613175,0.03273016327500986,0
PDice1(obs2),0.1756440281030445,0.14483560267589263,0.03354484655745789,0
PDice1(obs3),0.16656908665105385,0.13886447721685222,0.03284609358870957,0
PDice1(obs4),0.16774004683840749,0.13964420297557614,0.032938180113984326,0
PDice1(obs5),0.15690866510538642,0.13232707335388372,0.03206361594501286,0
PDice1(obs6),0.1680327868852459,0.13983870580611094,0.03296111103356415,0
