Property,ObtainedValue,Variance,CI,Problems
PDice1(obs1),0.1702819956616052,0.1412969840811801,0.01704449125630243,0
PDice1(obs2),0.16671831422373723,0.13893408133497465,0.01690137328650438,0
PDice1(obs3),0.16361946079950418,0.13685873547621036,0.016774665098405746,0
PDice1(obs4),0.165478772854044,0.13810624786424128,0.01685094495859498,0
PDice1(obs5),0.167260613572978,0.13929529211249247,0.01692332972530694,0
PDice1(obs6),0.16664084288813139,0.13888243177714646,0.016898231402257706,0
