Property,ObtainedValue,Variance,CI,Problems
PDice1(obs1),0.16885208189556017,0.14034912794355756,0.014636158997729208,0
PDice1(obs2),0.16609155739590523,0.13851311797553492,0.014540110674118895,0
PDice1(obs3),0.16545893719806765,0.13809021899586815,0.014517897259736045,0
PDice1(obs4),0.1642512077294686,0.1372806436259641,0.014475277987908118,0
PDice1(obs5),0.16781688520818955,0.1396624103619085,0.014600308285256706,0
PDice1(obs6),0.16752933057280883,0.13947127509296647,0.01459031422429473,0
