Property,ObtainedValue,Variance,CI,Problems
PDice1(obs1),0.16868948136357606,0.14023799065838133,0.01110946252171248,0
PDice1(obs2),0.16557235707653534,0.13816273324877662,0.011026956619129216,0
PDice1(obs3),0.1679931025334925,0.1397760551339853,0.01109115047819276,0
PDice1(obs4),0.16520758721315823,0.13791861384526766,0.011017210560492397,0
PDice1(obs5),0.16417959941636823,0.1372292091954754,0.010989640563506473,0
PDice1(obs6),0.1683578723968696,0.14001814232601867,0.011100751063523628,0
