Property,ObtainedValue,Variance,CI,Problems
PDice1(obs1),0.16805813234384662,0.1398218023206059,0.01382893993288034,0
PDice1(obs2),0.16594516594516595,0.13841450114191445,0.013759170051076531,0
PDice1(obs3),0.1655328798185941,0.13813886460973435,0.013745463322857466,0
PDice1(obs4),0.16378066378066378,0.13696361647709376,0.013686867082551972,0
PDice1(obs5),0.1676458462172748,0.13954790817168505,0.013815388675546856,0
PDice1(obs6),0.16903731189445476,0.14047093835933558,0.013861003846622305,0
