Property,ObtainedValue,Variance,CI,Problems
PDice1(obs1),0.17383512544802868,0.14363486104744297,0.02209000871605042,0
PDice1(obs2),0.17319508448540707,0.14321688012946412,0.0220578440693355,0
PDice1(obs3),0.16487455197132617,0.13770856190768557,0.02162949747332808,0
PDice1(obs4),0.159242191500256,0.13390125640426087,0.021328400339189185,0
PDice1(obs5),0.16167434715821813,0.13555310453708494,0.021459554027599942,0
PDice1(obs6),0.16717869943676394,0.13924780675145132,0.021750043990219396,0
