Property,ObtainedValue,Variance,CI,Problems
PDice1(obs1),0.17111959287531806,0.14185056862817197,0.01849640494453019,0
PDice1(obs2),0.16866593965830606,0.14023048404927602,0.018390477301855886,0
PDice1(obs3),0.16257724463831333,0.13615825768809028,0.018121484716689628,0
PDice1(obs4),0.16257724463831333,0.13615825768809028,0.018121484716689628,0
PDice1(obs5),0.16703017084696475,0.13914373770637814,0.01831907821951176,0
PDice1(obs6),0.16802980734278444,0.1398084964303546,0.01836278574488318,0
