Property,ObtainedValue,Variance,CI,Problems
PDice1(obs1),0.16866298758309295,0.14022018092222077,0.010802181226581182,0
PDice1(obs2),0.16606045403235922,0.1384887220671859,0.010735280620887324,0
PDice1(obs3),0.1667502822024332,0.13894898244794646,0.010753104909277158,0
PDice1(obs4),0.1654646933400226,0.13809045853829297,0.010719833337746471,0
PDice1(obs5),0.16464944186629876,0.13754431597504202,0.01069861406802864,0
PDice1(obs6),0.1684121409757933,0.14005388325292448,0.010795773766255588,0
