Property,ObtainedValue,Variance,CI,Problems
PDice1(obs1),0.16928060006818957,0.140628674095574,0.010297631860291373,0
PDice1(obs2),0.16592794635754063,0.138399795234322,0.010215700324830681,0
PDice1(obs3),0.1660700079554495,0.13849469536867162,0.010219202155155108,0
PDice1(obs4),0.16456415501761565,0.13748670021701861,0.010181945429222452,0
PDice1(obs5),0.16655301738833958,0.1388170539016779,0.010231088286685293,0
PDice1(obs6),0.16760427321286508,0.1395170448165168,0.010256851199398813,0
