Property,ObtainedValue,Variance,CI,Problems
PDice1(obs1),0.1682569547103884,0.13995125393308386,0.01117094270401059,0
PDice1(obs2),0.16603951081843837,0.13847504409956246,0.011111870806295896,0
PDice1(obs3),0.16795457599784974,0.1397505316865487,0.011162928980634453,0
PDice1(obs4),0.16506517941136944,0.13782329649403427,0.011085690360491219,0
PDice1(obs5),0.1645276172557452,0.13746289884415602,0.011071186745717722,0
PDice1(obs6),0.16815616180620885,0.13988436683667388,0.011168272912927659,0
