Property,ObtainedValue,Variance,CI,Problems
PDice1(obs1),0.1693558133913464,0.14067867248652374,0.010621196703966218,0
PDice1(obs2),0.1655487067923616,0.13814650658663394,0.010525173772144687,0
PDice1(obs3),0.16621343969059704,0.13859071969367054,0.010542082153726652,0
PDice1(obs4),0.16500483442107808,0.13778240215218288,0.010511294337233244,0
PDice1(obs5),0.16576021271452743,0.13828794298377708,0.010530560306577763,0
PDice1(obs6),0.16811699299008945,0.13985789548279626,0.010590167171756142,0
