Property,ObtainedValue,Variance,CI,Problems
PDice1(obs1),0.16721635883905014,0.13926160969138252,0.013196208298422385,0
PDice1(obs2),0.16712212589521297,0.13919887949157422,0.013193235856747546,0
PDice1(obs3),0.16726347531096872,0.13929296813108707,0.013197693952690576,0
PDice1(obs4),0.1634941575574821,0.13677026213426646,0.013077637543655343,0
PDice1(obs5),0.1662269129287599,0.13860205678685084,0.013164922119764118,0
PDice1(obs6),0.1686769694685262,0.14023165666035323,0.01324208859338257,0
