Property,ObtainedValue,Variance,CI,Problems
PDice1(obs1),0.16943099273607748,0.14072839077040583,0.010632072188912009,0
PDice1(obs2),0.16546610169491524,0.1380912504020672,0.010531982698186344,0
PDice1(obs3),0.16628329297820824,0.13863735550040027,0.010552787398915228,0
PDice1(obs4),0.1650726392251816,0.13782783454904385,0.01052193276567433,0
PDice1(obs5),0.16558716707021792,0.13817223914037466,0.010535070681532538,0
PDice1(obs6),0.1681598062953995,0.13988631968954146,0.010600215100366225,0
