Property,ObtainedValue,Variance,CI,Problems
PDice1(obs1),0.17131083202511774,0.14197736113081585,0.019227681416350496,0
PDice1(obs2),0.16944662480376765,0.14074827582807314,0.019144274353920507,0
PDice1(obs3),0.16365777080062793,0.13688733571823694,0.018879870154441723,0
PDice1(obs4),0.16267660910518053,0.13622629595757146,0.01883422879391713,0
PDice1(obs5),0.16552197802197802,0.13813800638572496,0.018965921982352873,0
PDice1(obs6),0.1673861852433281,0.13938172583405772,0.01905111008624933,0
