Property,ObtainedValue,Variance,CI,Problems
PDice1(obs1),0.1690625349591677,0.14048432320435833,0.010211429486100848,0
PDice1(obs2),0.16570645486072266,0.1382516922094873,0.010129962527712543,0
PDice1(obs3),0.16623783420964314,0.13860669314663351,0.010142959983865555,0
PDice1(obs4),0.16472759816534288,0.1375962647687353,0.010105921797558858,0
PDice1(obs5),0.1664615728828728,0.13875599827160232,0.010148421438401889,0
PDice1(obs6),0.1678040049222508,0.13964972648486912,0.01018105200086307,0
