Property,ObtainedValue,Variance,CI,Problems
PDice1(obs1),0.16750756811301715,0.13945380846256158,0.011549054265527443,0
PDice1(obs2),0.16613810004324636,0.13854122459367263,0.011511203811873144,0
PDice1(obs3),0.16685887271154679,0.1390219994718542,0.01153115998220659,0
PDice1(obs4),0.16458843880640045,0.1375040400753656,0.011468033729664668,0
PDice1(obs5),0.16527317284128587,0.13796292317547348,0.011487153544766215,0
PDice1(obs6),0.1696338474845034,0.14086328179228177,0.011607271246675628,0
