Property,ObtainedValue,Variance,CI,Problems
PDice1(obs1),0.16945534271867066,0.14074428978653114,0.010380616078007564,0
PDice1(obs2),0.16561850911608586,0.1381930051976041,0.010286100608892908,0
PDice1(obs3),0.16633971843988,0.13867481705206275,0.01030401632378722,0
PDice1(obs4),0.1647242095545811,0.13759411370750776,0.01026378780499604,0
PDice1(obs5),0.1661666282021694,0.13855927708379265,0.010299722920608705,0
PDice1(obs6),0.16769559196861297,0.13957780699554143,0.01033750951975058,0
