Property,ObtainedValue,Variance,CI,Problems
PDice1(obs1),0.167264895908112,0.1392936002178202,0.012878850664625033,0
PDice1(obs2),0.167264895908112,0.1392936002178202,0.012878850664625033,0
PDice1(obs3),0.1666367552045944,0.13887517795890592,0.012859492809333873,0
PDice1(obs4),0.16336145010768127,0.13668061920213276,0.01275748288904753,0
PDice1(obs5),0.166591888011486,0.13884526045736761,0.012858107591961708,0
PDice1(obs6),0.16888011486001436,0.14036591948969832,0.012928328037721513,0
