Property,ObtainedValue,Variance,CI,Problems
PDice1(obs1),0.16829514824797845,0.13997660751714505,0.011187752722306201,0
PDice1(obs2),0.1659366576819407,0.13840634660589785,0.011124823501160478,0
PDice1(obs3),0.16795822102425875,0.1397529656724981,0.011178811764647412,0
PDice1(obs4),0.1648921832884097,0.13770739091568188,0.011096697621485848,0
PDice1(obs5),0.1644878706199461,0.1374362416399954,0.011085767401643135,0
PDice1(obs6),0.1684299191374663,0.1400660006816876,0.011191324565537722,0
