Property,ObtainedValue,Variance,CI,Problems
PDice1(obs1),0.17173469387755103,0.14225640475600385,0.01962772441912473,0
PDice1(obs2),0.16938775510204082,0.1407099016767642,0.01952074405119649,0
PDice1(obs3),0.16377551020408163,0.13696706869297368,0.019259371834998002,0
PDice1(obs4),0.16255102040816327,0.13614207822122626,0.019201281972996535,0
PDice1(obs5),0.16591836734693877,0.13840358553871593,0.01936010498432463,0
PDice1(obs6),0.1666326530612245,0.13888038346270237,0.019393423924211166,0
