Property,ObtainedValue,Variance,CI,Problems
PDice1(obs1),0.17002928734136025,0.1411308103048212,0.01745607973413896,0
PDice1(obs2),0.16767002928734137,0.1395681449547465,0.017359169851333896,0
PDice1(obs3),0.16303286690530427,0.13646425308939633,0.017165057031011663,0
PDice1(obs4),0.16490400260331922,0.1377218767165464,0.01724397027392372,0
PDice1(obs5),0.1679140904653433,0.13973031627040366,0.017369252173915474,0
PDice1(obs6),0.1664497233973316,0.1387555012553136,0.01730855868050384,0
