Property,ObtainedValue,Variance,CI,Problems
PDice1(obs1),0.16701352757544224,0.1391251795843447,0.011714108295386085,0
PDice1(obs2),0.16675338189386057,0.13895185548155675,0.011706809221033704,0
PDice1(obs3),0.16716218225063179,0.13922416115645217,0.011718274596200706,0
PDice1(obs4),0.16426341608443584,0.1372860482739359,0.011636424815958456,0
PDice1(obs5),0.16582429017392597,0.13833173587705588,0.011680657214527296,0
PDice1(obs6),0.16898320202170358,0.14043309846535526,0.011769041784859498,0
