Property,ObtainedValue,Variance,CI,Problems
PDice1(obs1),0.16948382406397675,0.140763321449276,0.010637900158896626,0
PDice1(obs2),0.16548527808069793,0.1381040842702477,0.01053693784587321,0
PDice1(obs3),0.16633345450139345,0.13867083703410527,0.010558536498790273,0
PDice1(obs4),0.16506118987035018,0.13782016831954386,0.010526101295064115,0
PDice1(obs5),0.16539440203562342,0.1380432754198751,0.010534617821715312,0
PDice1(obs6),0.1682418514479583,0.13994076995722757,0.010606773296309284,0
