Property,ObtainedValue,Variance,CI,Problems
PDice1(obs1),0.1656355455568054,0.1382392865448781,0.03212047366359482,0
PDice1(obs2),0.17744656917885265,0.1460003417294357,0.03300981840999291,0
PDice1(obs3),0.16451068616422948,0.13748558328943059,0.03203279094071555,0
PDice1(obs4),0.1639482564679415,0.1371077824132743,0.03198874871638868,0
PDice1(obs5),0.1580427446569179,0.13310266596422282,0.031518067130973236,0
PDice1(obs6),0.1704161979752531,0.14141428523966149,0.03248724177152923,0
