Property,ObtainedValue,Variance,CI,Problems
PDice1(obs1),0.16860341151385927,0.14018377362235,0.014082492594753653,0
PDice1(obs2),0.16567164179104477,0.13823191733639495,0.013984109764429117,0
PDice1(obs3),0.1658315565031983,0.13833882550874513,0.013989516354662323,0
PDice1(obs4),0.16391257995735609,0.13705255166219574,0.013924327235165802,0
PDice1(obs5),0.167590618336887,0.13951143962625018,0.01404868155481237,0
PDice1(obs6),0.16839019189765458,0.14004240011702698,0.014075389798579063,0
