Property,ObtainedValue,Variance,CI,Problems
PDice1(obs1),0.16919678259884446,0.14057321269874254,0.010279258826278214,0
PDice1(obs2),0.16593973037272006,0.13840765626493992,0.010199774575661397,0
PDice1(obs3),0.16622295230542652,0.1385968077978716,0.010206741835781248,0
PDice1(obs4),0.16435368754956384,0.13734544286260178,0.01016055996570462,0
PDice1(obs5),0.16656281862467429,0.13882357786468094,0.010215088483754624,0
PDice1(obs6),0.1677240285487708,0.13959663247894694,0.010243490929250988,0
