Property,ObtainedValue,Variance,CI,Problems
PDice1(obs1),0.16625615763546797,0.13862038251990833,0.011898922008015372,0
PDice1(obs2),0.16741071428571427,0.13938973147277617,0.011931896078237393,0
PDice1(obs3),0.1670643472906404,0.1391592067279117,0.011922025424725714,0
PDice1(obs4),0.16367764778325122,0.13689254373928464,0.01182453220026352,0
PDice1(obs5),0.16641009852216748,0.1387231164218969,0.011903330437207016,0
PDice1(obs6),0.16918103448275862,0.1405642216993339,0.011982059382300028,0
