Property,ObtainedValue,Variance,CI,Problems
PDice1(obs1),0.17455213596692695,0.14410023582522924,0.02095657040903304,0
PDice1(obs2),0.17064768029398256,0.14154330390296796,0.020769810273960458,0
PDice1(obs3),0.16237942122186494,0.1360279658197178,0.020361134224072833,0
PDice1(obs4),0.16169039963252183,0.1355621818441954,0.020326244256596227,0
PDice1(obs5),0.16237942122186494,0.1360279658197178,0.020361134224072833,0
PDice1(obs6),0.16835094166283876,0.14002498214336492,0.020658112017714916,0
