Property,ObtainedValue,Variance,CI,Problems
PDice1(obs1),0.16667913238593868,0.13890239376775015,0.01174143664007849,0
PDice1(obs2),0.16697830964846672,0.13910175576572034,0.011749859666095316,0
PDice1(obs3),0.16712789827973074,0.13920136963191904,0.011754066081287725,0
PDice1(obs4),0.16409872849663426,0.13717546577496426,0.01166821963843936,0
PDice1(obs5),0.16585639491398654,0.13835322519751933,0.011718203009235076,0
PDice1(obs6),0.1692595362752431,0.1406160042940368,0.011813640487235879,0
