Property,ObtainedValue,Variance,CI,Problems
PDice1(obs1),0.17103794642857142,0.14179715528954118,0.018708381028531715,0
PDice1(obs2),0.17001488095238096,0.141122946481169,0.018663851276451402,0
PDice1(obs3),0.16220238095238096,0.13590540857771813,0.01831558597263801,0
PDice1(obs4),0.16331845238095238,0.13665824552311856,0.01836624476308353,0
PDice1(obs5),0.16610863095238096,0.13852943773779627,0.018491557110489443,0
PDice1(obs6),0.16731770833333334,0.13933545183781354,0.018545274352746173,0
