Property,ObtainedValue,Variance,CI,Problems
PDice1(obs1),0.16671637339695794,0.1389272034510981,0.0117240848223655,0
PDice1(obs2),0.16682821354011332,0.13900174269872845,0.011727229589018662,0
PDice1(obs3),0.16720101401729795,0.13925002617650592,0.011737698444474916,0
PDice1(obs4),0.16414405010438413,0.13720589596206229,0.01165122776253235,0
PDice1(obs5),0.16582165225171488,0.13832998884481124,0.01169885817307799,0
PDice1(obs6),0.16928869668953175,0.14063527675251972,0.011795936910796235,0
