Property,ObtainedValue,Variance,CI,Problems
PDice1(obs1),0.16923990498812352,0.14060173539140008,0.010272158803930478,0
PDice1(obs2),0.16587490102929534,0.13836433081362312,0.010190100277894867,0
PDice1(obs3),0.16624250650378916,0.13860985505370652,0.010199137316913694,0
PDice1(obs4),0.1644327564755118,0.13739851033834513,0.010154473168436633,0
PDice1(obs5),0.166440447913132,0.1387419484654386,0.010203995983066672,0
PDice1(obs6),0.16776948309014816,0.139626831909797,0.010236484339521179,0
