Property,ObtainedValue,Variance,CI,Problems
PDice1(obs1),0.16811175337186898,0.13985500371692697,0.011300779143412022,0
PDice1(obs2),0.1656688687035508,0.13822745061392158,0.011234830689552909,0
PDice1(obs3),0.16766446462978254,0.13955789367439939,0.011288768990039642,0
PDice1(obs4),0.16487751169832093,0.13769765557381022,0.01121327971748094,0
PDice1(obs5),0.16494632535094964,0.137743774430291,0.011215157383231826,0
PDice1(obs6),0.1687310762455271,0.14026572625303427,0.011317360895202726,0
