Property,ObtainedValue,Variance,CI,Problems
PDice1(obs1),0.16868029739776952,0.14023656405180027,0.015718371644684797,0
PDice1(obs2),0.1656266595857674,0.138203643652228,0.015604026108022567,0
PDice1(obs3),0.16396707381837494,0.13709097309092572,0.015541085555800194,0
PDice1(obs4),0.1660249601699416,0.13846986487518928,0.01561904786942492,0
PDice1(obs5),0.16841476367498673,0.14006052874968855,0.01570850311575519,0
PDice1(obs6),0.16728624535315986,0.13931080539799756,0.01566640405254251,0
