Property,ObtainedValue,Variance,CI,Problems
PDice1(obs1),0.16933916423712342,0.14066768367035562,0.010647841230458123,0
PDice1(obs2),0.16557337220602528,0.13816302653544962,0.010552620444433383,0
PDice1(obs3),0.16639334305150633,0.13871081098857463,0.010573519100343515,0
PDice1(obs4),0.1650874635568513,0.1378377789687781,0.010540192240882717,0
PDice1(obs5),0.16539115646258504,0.138041114037257,0.010547963698437218,0
PDice1(obs6),0.16821550048590864,0.13992329525339545,0.010619630616529959,0
