Property,ObtainedValue,Variance,CI,Problems
PDice1(obs1),0.16643846036817284,0.13874197624391904,0.011834208091381563,0
PDice1(obs2),0.16727521679598356,0.1392995168130259,0.011857962386730115,0
PDice1(obs3),0.16700897611440743,0.13912226944131592,0.01185041583620721,0
PDice1(obs4),0.1639281910847406,0.13706095228119006,0.011762296855947403,0
PDice1(obs5),0.16586794462193824,0.13836103204532835,0.011817950316263464,0
PDice1(obs6),0.16948121101475733,0.14076268394957367,0.011920076235003534,0
