Property,ObtainedValue,Variance,CI,Problems
PDice1(obs1),0.167180976583772,0.13923781630430604,0.012949687707190138,0
PDice1(obs2),0.16740787801778909,0.13938880589935904,0.012956707130391779,0
PDice1(obs3),0.16659103285532764,0.1388447614426182,0.012931396933084711,0
PDice1(obs4),0.16345979306589217,0.13674689473005022,0.01283333200799436,0
PDice1(obs5),0.16618261027409692,0.13857223876452268,0.012918699911425217,0
PDice1(obs6),0.16917770920312217,0.14056299070073794,0.013011165103818079,0
