Property,ObtainedValue,Variance,CI,Problems
PDice1(obs1),0.16689483008535996,0.13904654436465402,0.012189512854962377,0
PDice1(obs2),0.167659848606861,0.13955564285891003,0.012211807521697935,0
PDice1(obs3),0.16612981156385892,0.13853627531659024,0.012167125933821854,0
PDice1(obs4),0.16427766145917216,0.13729603951063327,0.012112540842315138,0
PDice1(obs5),0.16588822676759543,0.13837489453261553,0.012160037131692844,0
PDice1(obs6),0.16914962151715252,0.1405436859273784,0.012254960598777538,0
