Property,ObtainedValue,Variance,CI,Problems
PDice1(obs1),0.16833830306316075,0.14000526279632058,0.01122069957609646,0
PDice1(obs2),0.16562754133911628,0.13819974172120225,0.01114811319643863,0
PDice1(obs3),0.16796557332610462,0.1397578751320694,0.011210781770445023,0
PDice1(obs4),0.16498373542965572,0.13776877070221294,0.011130717124736171,0
PDice1(obs5),0.16461100569259962,0.13751888225900008,0.01112061795652346,0
PDice1(obs6),0.16847384114936298,0.140095153054975,0.011224301118357186,0
