Property,ObtainedValue,Variance,CI,Problems
PDice1(obs1),0.1649659863945578,0.13786944565060066,0.05577986117492015,0
PDice1(obs2),0.1683673469387755,0.14013894919669995,0.05623709036124534,0
PDice1(obs3),0.1641156462585034,0.1372984512954118,0.05566423355589584,0
PDice1(obs4),0.17346938775510204,0.14349978289188015,0.056907438323888164,0
PDice1(obs5),0.15901360544217688,0.13384209002750036,0.054959119878442854,0
PDice1(obs6),0.17006802721088435,0.14126501664495586,0.05646258103450132,0
