Property,ObtainedValue,Variance,CI,Problems
PDice1(obs1),0.16798814120242692,0.13977294404525023,0.011308362930493298,0
PDice1(obs2),0.1658507997793712,0.13834908133421053,0.011250616514937448,0
PDice1(obs3),0.16729867622724764,0.13931463178781558,0.011289807777003336,0
PDice1(obs4),0.1649200220628792,0.1377261562537038,0.011225259650424353,0
PDice1(obs5),0.1650234418091561,0.13779545571963903,0.011228083393895687,0
PDice1(obs6),0.16891891891891891,0.14039015745500388,0.01133330332577394,0
