Property,ObtainedValue,Variance,CI,Problems
PDice1(obs1),0.1671516754850088,0.13921813123313778,0.012763607779478821,0
PDice1(obs2),0.16710758377425045,0.13918877629064733,0.012762262068536959,0
PDice1(obs3),0.16653439153439153,0.13880680820029997,0.012744738651803809,0
PDice1(obs4),0.163668430335097,0.13688711083363994,0.012656301986110362,0
PDice1(obs5),0.1666225749559083,0.13886561529351482,0.012747438093131174,0
PDice1(obs6),0.1689153439153439,0.14038914050268167,0.012817174814246901,0
