Property,ObtainedValue,Variance,CI,Problems
PDice1(obs1),0.17490215264187867,0.14432904241249095,0.021644796097613883,0
PDice1(obs2),0.17172211350293543,0.14225102784610139,0.02148841290127293,0
PDice1(obs3),0.16389432485322897,0.1370497375775747,0.021091901670045186,0
PDice1(obs4),0.15924657534246575,0.13390348121151185,0.0208483921716388,0
PDice1(obs5),0.16120352250489237,0.1352334871362143,0.020951675413069835,0
PDice1(obs6),0.16903131115459882,0.14047690862193818,0.021353993420408692,0
