Property,ObtainedValue,Variance,CI,Problems
PDice1(obs1),0.16847455314504026,0.1400956568997662,0.011261780404654968,0
PDice1(obs2),0.16574566789466502,0.13827875830461614,0.011188515149946033,0
PDice1(obs3),0.16755355437303862,0.1394841187419285,0.011237173858153128,0
PDice1(obs4),0.16496111338518216,0.13775364337947327,0.011167250695378472,0
PDice1(obs5),0.16465411379451494,0.13754782850806332,0.011158905197777657,0
PDice1(obs6),0.168610997407559,0.140186110858415,0.011265415450401436,0
