Property,ObtainedValue,Variance,CI,Problems
PDice1(obs1),0.1694845247273929,0.14076339667638432,0.010142451520718816,0
PDice1(obs2),0.16527150567243087,0.1379606339791841,0.010040969832114135,0
PDice1(obs3),0.1665657010683996,0.13882539100198957,0.010072389791688521,0
PDice1(obs4),0.16472078422733782,0.13759163620410478,0.010027532751524196,0
PDice1(obs5),0.16612512391232515,0.13853138172757654,0.010061718308677253,0
PDice1(obs6),0.16783236039211366,0.139668505119374,0.010102929303620837,0
