Property,ObtainedValue,Variance,CI,Problems
PDice1(obs1),0.16881587799955147,0.1403249448468377,0.014449931339685857,0
PDice1(obs2),0.16573222695671674,0.1382728083608604,0.014343883035473728,0
PDice1(obs3),0.16562009419152277,0.1381978268437478,0.014339993362693537,0
PDice1(obs4),0.16399416909620992,0.13710776873527256,0.014283326870801234,0
PDice1(obs5),0.16763848396501457,0.13954364636639227,0.014409648167057422,0
PDice1(obs6),0.16819914779098452,0.13991603905954844,0.014428862486646921,0
