Property,ObtainedValue,Variance,CI,Problems
PDice1(obs1),0.16862608032536858,0.1401957799788144,0.010873074770472233,0
PDice1(obs2),0.16598881545500763,0.13844092745902703,0.010804810489795829,0
PDice1(obs3),0.16687849517031011,0.13903448073990438,0.010827948052831483,0
PDice1(obs4),0.16563929842399594,0.13820731267883796,0.010795690248999878,0
PDice1(obs5),0.16455897305541434,0.13748368588688029,0.010767391083764363,0
PDice1(obs6),0.1683083375699034,0.1399850889991491,0.010864901485519744,0
