Property,ObtainedValue,Variance,CI,Problems
PDice1(obs1),0.167090156220591,0.13917758483180467,0.013183533271037086,0
PDice1(obs2),0.16727837380011293,0.13930287427135657,0.013189465928694438,0
PDice1(obs3),0.16718426501035197,0.1392402384084617,0.013186500352894117,0
PDice1(obs4),0.1634199134199134,0.13672027860771918,0.013066631364959709,0
PDice1(obs5),0.1663372859025033,0.1386757185231119,0.01315974227578703,0
PDice1(obs6),0.1686900056465274,0.14024028656332405,0.013233769526158921,0
