Property,ObtainedValue,Variance,CI,Problems
PDice1(obs1),0.16681735985533455,0.1390207525269643,0.028878812672087435,0
PDice1(obs2),0.1742766726943942,0.14393684950319285,0.029384987641162635,0
PDice1(obs3),0.16478300180831826,0.13766068091379968,0.02873720147376241,0
PDice1(obs4),0.16523508137432188,0.13796363452755384,0.028768805466772355,0
PDice1(obs5),0.16003616636528029,0.13445498399579053,0.028400629661919807,0
PDice1(obs6),0.16885171790235082,0.14037254504339677,0.029018877094654387,0
