Property,ObtainedValue,Variance,CI,Problems
PDice1(obs1),0.1761904761904762,0.1454938061143312,0.09588367752535785,0
PDice1(obs2),0.15,0.12780429594272075,0.08986594718941188,0
PDice1(obs3),0.1619047619047619,0.13601545630185247,0.09270786110930401,0
PDice1(obs4),0.19523809523809524,0.15749516990567108,0.0997599102361644,0
PDice1(obs5),0.15476190476190477,0.13112285486987157,0.09102519714433387,0
PDice1(obs6),0.1619047619047619,0.13601545630185247,0.09270786110930401,0
