Property,ObtainedValue,Variance,CI,Problems
PDice1(obs1),0.16806311967602292,0.1398227888796434,0.01138201681409925,0
PDice1(obs2),0.16596844016198856,0.13842774972837715,0.011325094178710284,0
PDice1(obs3),0.16705069124423963,0.1391496156965511,0.011354584544207152,0
PDice1(obs4),0.16474654377880185,0.1376099242365616,0.011291590523911646,0
PDice1(obs5),0.165060745705907,0.13782050742947569,0.011300226929336249,0
PDice1(obs6),0.16911045943304007,0.1405170175786878,0.011410238032285944,0
