Property,ObtainedValue,Variance,CI,Problems
PDice1(obs1),0.16883116883116883,0.14033689971513807,0.016040161144043805,0
PDice1(obs2),0.16613705443492677,0.13854510425450786,0.015937433289525398,0
PDice1(obs3),0.16365017960762643,0.13687825385212662,0.015841270729132686,0
PDice1(obs4),0.16641337386018237,0.1387295462777769,0.015948038336793376,0
PDice1(obs5),0.16814037026802983,0.1398788489649475,0.01601396271416057,0
PDice1(obs6),0.16682785299806577,0.13900592297130718,0.015963916255990546,0
