Property,ObtainedValue,Variance,CI,Problems
PDice1(obs1),0.17343173431734318,0.1433720624276231,0.022393175330026938,0
PDice1(obs2),0.17329994728518713,0.1432859587873967,0.022386450088522906,0
PDice1(obs3),0.16499736425935688,0.13779139316558392,0.021953029435694885,0
PDice1(obs4),0.15933052187664734,0.13396196112444092,0.02164582597270029,0
PDice1(obs5),0.16143911439114392,0.13539436995793447,0.021761243920548012,0
PDice1(obs6),0.16750131787032155,0.1394630057976567,0.022085789303514552,0
