Property,ObtainedValue,Variance,CI,Problems
PDice1(obs1),0.16865977160094808,0.14022120643847608,0.01415852933835834,0
PDice1(obs2),0.16569704804998922,0.13824898347240389,0.014058606289486077,0
PDice1(obs3),0.16591251885369532,0.1383930098545827,0.014065927439592816,0
PDice1(obs4),0.16391941391941392,0.13705722261720754,0.013997879764407082,0
PDice1(obs5),0.16725921137685842,0.13929107087619752,0.01411149200381794,0
PDice1(obs6),0.16855203619909503,0.14014979683957504,0.014154923665282943,0
