Property,ObtainedValue,Variance,CI,Problems
PDice1(obs1),0.174512987012987,0.1440749106512182,0.021056533751391052,0
PDice1(obs2),0.17091836734693877,0.14172171245861212,0.020883865956137303,0
PDice1(obs3),0.16303339517625232,0.13646933159946528,0.020493221472782833,0
PDice1(obs4),0.16117810760667903,0.13521540420117314,0.02039885480229054,0
PDice1(obs5),0.162221706864564,0.13592158553826683,0.020452053367901204,0
PDice1(obs6),0.16813543599257885,0.13988213125487195,0.020747884497817237,0
