Property,ObtainedValue,Variance,CI,Problems
PDice1(obs1),0.16798277099784636,0.13977292127059812,0.014896780377869873,0
PDice1(obs2),0.16666666666666666,0.13889719812543622,0.014850040447765443,0
PDice1(obs3),0.16588896865278774,0.13837809691449712,0.014822264905889518,0
PDice1(obs4),0.1646925101698971,0.13757711752930143,0.014779304498618999,0
PDice1(obs5),0.16714525005982292,0.13921604375308733,0.014867075191306225,0
PDice1(obs6),0.16762383345297918,0.13953443126920445,0.014884066005467133,0
