Property,ObtainedValue,Variance,CI,Problems
PDice1(obs1),0.16940339354132458,0.1407097346391308,0.01010938824636205,0
PDice1(obs2),0.16516146688560482,0.13788693033047908,0.010007471348930532,0
PDice1(obs3),0.16625615763546797,0.13861884130284166,0.010033996284867886,0
PDice1(obs4),0.16491516146688562,0.13772192005803519,0.010001481550234972,0
PDice1(obs5),0.16625615763546797,0.13861884130284166,0.010033996284867886,0
PDice1(obs6),0.16800766283524904,0.1397849135951834,0.010076111273715592,0
