Property,ObtainedValue,Variance,CI,Problems
PDice1(obs1),0.16821361312886737,0.13992249897862472,0.011175052642878928,0
PDice1(obs2),0.16599408124831855,0.13844470203323692,0.011115883120096426,0
PDice1(obs3),0.16801183750336293,0.13978856094949382,0.011169702813881077,0
PDice1(obs4),0.16491794457896153,0.1377246477143021,0.011086938444040387,0
PDice1(obs5),0.16458165186978746,0.13749915573395866,0.01107785858838679,0
PDice1(obs6),0.1682808716707022,0.13996712689288068,0.011176834627673476,0
