Property,ObtainedValue,Variance,CI,Problems
PDice1(obs1),0.1738692342140618,0.14365480677030143,0.020660118073237237,0
PDice1(obs2),0.16972682489923868,0.14093540851559222,0.020463634833898747,0
PDice1(obs3),0.16267353336318854,0.1362261063736745,0.020118837827636262,0
PDice1(obs4),0.16211374832064487,0.13584809007185156,0.020090904371289887,0
PDice1(obs5),0.16345723242274968,0.136754276191108,0.020157802029439686,0
PDice1(obs6),0.16815942678011644,0.13989749647030178,0.0203881438618342,0
