Property,ObtainedValue,Variance,CI,Problems
PDice1(obs1),0.168900023304591,0.14038098423585565,0.014733026289854267,0
PDice1(obs2),0.16639477977161501,0.13871563881444196,0.014645376315404642,0
PDice1(obs3),0.16575390351899325,0.13828760382732996,0.014622763231361779,0
PDice1(obs4),0.163889536238639,0.13703774017134,0.014556531899627514,0
PDice1(obs5),0.1675600093218364,0.13949177959508235,0.014686291017836832,0
PDice1(obs6),0.16750174784432534,0.1394530370534035,0.014684251385979945,0
