Property,ObtainedValue,Variance,CI,Problems
PDice1(obs1),0.16886109282422646,0.140351644024218,0.011072914399385509,0
PDice1(obs2),0.16560236998025016,0.1381827735155654,0.01098702576962591,0
PDice1(obs3),0.16761026991441738,0.13952165988333343,0.011040125432977404,0
PDice1(obs4),0.165174456879526,0.13789639472591392,0.010975634758359984,0
PDice1(obs5),0.16454904542462145,0.13747718232734182,0.010958938801871005,0
PDice1(obs6),0.16820276497695852,0.13991520033469643,0.011055684581744257,0
