Property,ObtainedValue,Variance,CI,Problems
PDice1(obs1),0.1664798206278027,0.1387698460792631,0.012143201054526891,0
PDice1(obs2),0.16764093529788596,0.13954303919550556,0.01217698360042953,0
PDice1(obs3),0.16603939782190905,0.1384758605498516,0.012130331478645676,0
PDice1(obs4),0.16415759128763613,0.1372153703992269,0.012074996499626777,0
PDice1(obs5),0.16635970531710442,0.13868970668298022,0.012139694207154933,0
PDice1(obs6),0.16932254964766175,0.14065805555715868,0.012225536796212614,0
