Property,ObtainedValue,Variance,CI,Problems
PDice1(obs1),0.1703373015873016,0.14133652675608724,0.019290523631406483,0
PDice1(obs2),0.16984126984126985,0.14100920190810062,0.01926817297675653,0
PDice1(obs3),0.16398809523809524,0.13710960200133232,0.018999875023461267,0
PDice1(obs4),0.1632936507936508,0.13664239019681026,0.018967475611172117,0
PDice1(obs5),0.16577380952380952,0.13830657449009964,0.019082629649983574,0
PDice1(obs6),0.166765873015873,0.13896880320074587,0.019128260070773936,0
