Property,ObtainedValue,Variance,CI,Problems
PDice1(obs1),0.16833849468156725,0.14000535860563107,0.011183627588807685,0
PDice1(obs2),0.16601588797630268,0.13845927358874593,0.011121705529200993,0
PDice1(obs3),0.1679345630806517,0.13973724929446354,0.011172914171868813,0
PDice1(obs4),0.16490507607378485,0.13771602761350954,0.011091814841233083,0
PDice1(obs5),0.1644674835061263,0.13742255615138071,0.011079990265732911,0
PDice1(obs6),0.16833849468156725,0.14000535860563107,0.011183627588807685,0
