Property,ObtainedValue,Variance,CI,Problems
PDice1(obs1),0.1692256341789052,0.14059222946943173,0.01018746680537553,0
PDice1(obs2),0.16572096128170893,0.13826136999481456,0.010102665545095426,0
PDice1(obs3),0.16630507343124165,0.13865155255638525,0.0101169106909934,0
PDice1(obs4),0.16458055184690698,0.1374976182782635,0.010074723491127214,0
PDice1(obs5),0.16622162883845126,0.13859585396960905,0.01011487842297854,0
PDice1(obs6),0.16794615042278593,0.1397441279449033,0.010156693143503658,0
