Property,ObtainedValue,Variance,CI,Problems
PDice1(obs1),0.16751120639251607,0.13945799699958727,0.013428817875660935,0
PDice1(obs2),0.16653673747807446,0.13880901580178054,0.013397535291515989,0
PDice1(obs3),0.16658546092379653,0.13884150996937775,0.013399103331891626,0
PDice1(obs4),0.163272266614695,0.13662109021946875,0.01329152907318368,0
PDice1(obs5),0.16707269538101735,0.13916619049546808,0.013414761068267314,0
PDice1(obs6),0.1690216332099006,0.1404601644201557,0.013476982315305797,0
