Property,ObtainedValue,Variance,CI,Problems
PDice1(obs1),0.16614048934490924,0.1385432945206177,0.012045824330684173,0
PDice1(obs2),0.1675611681136543,0.1394899277867881,0.012086907393835672,0
PDice1(obs3),0.16673243883188635,0.138938215633422,0.012062980574496085,0
PDice1(obs4),0.16408839779005524,0.13716880863447453,0.011985922169633512,0
PDice1(obs5),0.1659431728492502,0.13841149840833905,0.012040093376435992,0
PDice1(obs6),0.16953433307024468,0.1407979993342369,0.01214344784346537,0
