Property,ObtainedValue,Variance,CI,Problems
PDice1(obs1),0.16923905240488155,0.14062243288138515,0.02588027132030059,0
PDice1(obs2),0.1771356783919598,0.14578479365053593,0.02635103237640982,0
PDice1(obs3),0.1620603015075377,0.13582113583534258,0.025434616886862015,0
PDice1(obs4),0.1615218951902369,0.13545688284487287,0.02540048797475391,0
PDice1(obs5),0.15990667623833452,0.13436064467270578,0.025297497452337225,0
PDice1(obs6),0.17013639626704954,0.14121534667722796,0.02593477410787296,0
