Property,ObtainedValue,Variance,CI,Problems
PDice1(obs1),0.1692028162616398,0.14057721418052485,0.010291654670898326,0
PDice1(obs2),0.16593799682034976,0.1384065073555647,0.010211886842699792,0
PDice1(obs3),0.16602316602316602,0.13846340530609333,0.010213985644775096,0
PDice1(obs4),0.16457528957528958,0.13749416705936593,0.010178174121349982,0
PDice1(obs5),0.16661935044287984,0.138861284735847,0.010228650239717446,0
PDice1(obs6),0.167641380876675,0.139541709846499,0.010253679985972751,0
