Property,ObtainedValue,Variance,CI,Problems
PDice1(obs1),0.16909385113268607,0.14050924068576318,0.01468000709415145,0
PDice1(obs2),0.16608876560332872,0.13851129212599161,0.014575263414081913,0
PDice1(obs3),0.16579981507165972,0.13831822981907232,0.014565102093797197,0
PDice1(obs4),0.16418169209431346,0.13723399484251608,0.014507904057758942,0
PDice1(obs5),0.16724456773000462,0.1392818714089676,0.014615750432380328,0
PDice1(obs6),0.1675913083680074,0.1395125241711136,0.014627847371683489,0
