Property,ObtainedValue,Variance,CI,Problems
PDice1(obs1),0.1671591076968533,0.13922208231076794,0.011681776289731046,0
PDice1(obs2),0.16682671000147734,0.13900069255487818,0.011672484464307568,0
PDice1(obs3),0.1671221746195893,0.13919749436182302,0.011680744687569663,0
PDice1(obs4),0.1640567292066775,0.13714718407623042,0.011594399755812878,0
PDice1(obs5),0.16564485152902939,0.13821173927580066,0.011639311429942538,0
PDice1(obs6),0.16919042694637318,0.140570218066802,0.011738199375380825,0
