Property,ObtainedValue,Variance,CI,Problems
PDice1(obs1),0.16682163989856297,0.1389980551722546,0.012486596186704812,0
PDice1(obs2),0.16699070160608623,0.1391106867557527,0.012491654172273332,0
PDice1(obs3),0.16682163989856297,0.1389980551722546,0.012486596186704812,0
PDice1(obs4),0.16365173288250212,0.13687562831391656,0.012390897601663864,0
PDice1(obs5),0.16648351648351647,0.13877262050684427,0.012476466354668819,0
PDice1(obs6),0.16923076923076924,0.14059765839638194,0.01255823914334139,0
