Property,ObtainedValue,Variance,CI,Problems
PDice1(obs1),0.16876623376623376,0.140293302061274,0.015549097380512881,0
PDice1(obs2),0.16603896103896104,0.1384790165999985,0.01544822905457518,0
PDice1(obs3),0.1644155844155844,0.1373920215767089,0.015387478945657378,0
PDice1(obs4),0.1657142857142857,0.13826203927898845,0.015436121699025394,0
PDice1(obs5),0.1675974025974026,0.1395175728226576,0.015506049675737417,0
PDice1(obs6),0.16746753246753246,0.13943121201157438,0.0155012498419586,0
