Property,ObtainedValue,Variance,CI,Problems
PDice1(obs1),0.16962785114045617,0.14085847070302657,0.010592197339404965,0
PDice1(obs2),0.16551620648259305,0.13812473727448302,0.01048890885014626,0
PDice1(obs3),0.1661764705882353,0.1385660098548258,0.010505650156483741,0
PDice1(obs4),0.16491596638655462,0.13772282375539127,0.010473637489383824,0
PDice1(obs5),0.16581632653061223,0.13832542380978924,0.01049652594600808,0
PDice1(obs6),0.1679471788715486,0.1397451180117895,0.010550253653896302,0
