Property,ObtainedValue,Variance,CI,Problems
PDice1(obs1),0.1628838451268358,0.1363982249008695,0.03476006100149871,0
PDice1(obs2),0.1802403204272363,0.1478030807910826,0.03618411158307421,0
PDice1(obs3),0.16388518024032042,0.13707257980033477,0.03484588219223242,0
PDice1(obs4),0.16755674232309747,0.13952805187105344,0.03515660552477326,0
PDice1(obs5),0.15453938584779706,0.1307005890993222,0.03402631696423056,0
PDice1(obs6),0.17089452603471295,0.14173689571626943,0.03543379180441202,0
