Property,ObtainedValue,Variance,CI,Problems
PDice1(obs1),0.16723065666727638,0.13927093284711073,0.013000881053626373,0
PDice1(obs2),0.1673221145052131,0.13933179599512624,0.013003721517538615,0
PDice1(obs3),0.16631607828790929,0.13866138122590543,0.012972399165587477,0
PDice1(obs4),0.16366380098774466,0.13688422080142965,0.012889000386166808,0
PDice1(obs5),0.16645326504481434,0.13875292062179886,0.012976680421308997,0
PDice1(obs6),0.16901408450704225,0.14045474658901413,0.013056018382821567,0
