Property,ObtainedValue,Variance,CI,Problems
PDice1(obs1),0.17346938775510204,0.14339927776603661,0.023897532617601924,0
PDice1(obs2),0.17617046818727491,0.1451562164712801,0.024043484107355274,0
PDice1(obs3),0.1638655462184874,0.13703419233519612,0.023361141139405454,0
PDice1(obs4),0.15906362545018007,0.13378246390857107,0.023082305044349386,0
PDice1(obs5),0.16071428571428573,0.13490544799639803,0.023178980242287536,0
PDice1(obs6),0.16671668667466988,0.13894308286123994,0.02352328911906797,0
