Property,ObtainedValue,Variance,CI,Problems
PDice1(obs1),0.16866883116883116,0.1402242092950395,0.010992164444414839,0
PDice1(obs2),0.16590909090909092,0.138387757571822,0.010919947566213903,0
PDice1(obs3),0.16707792207792208,0.1391674084543983,0.010950664839729151,0
PDice1(obs4),0.16545454545454547,0.13808382208395195,0.010907949453166492,0
PDice1(obs5),0.16467532467532467,0.1375618284115313,0.010887312452395914,0
PDice1(obs6),0.1682142857142857,0.13992278274341005,0.01098034368698786,0
