Property,ObtainedValue,Variance,CI,Problems
PDice1(obs1),0.16934942991281018,0.14068199476617116,0.017692227647977843,0
PDice1(obs2),0.16784037558685447,0.13968169431333255,0.017629216334051498,0
PDice1(obs3),0.16289403085177734,0.13637099841158687,0.01741904215094429,0
PDice1(obs4),0.1642354124748491,0.13727365028605437,0.01747659617068452,0
PDice1(obs5),0.1675050301810865,0.1394587867609784,0.01761514414475307,0
PDice1(obs6),0.1681757209926224,0.1399043769337469,0.01764326311643086,0
