Property,ObtainedValue,Variance,CI,Problems
PDice1(obs1),0.16969463841874777,0.1409025373181974,0.010518984893602144,0
PDice1(obs2),0.16549295774647887,0.13810912523521066,0.01041419275650735,0
PDice1(obs3),0.16632145816072907,0.13866273364931328,0.010435044451360741,0
PDice1(obs4),0.16487158243579123,0.13769301798099634,0.010398492526347615,0
PDice1(obs5),0.1660847437566576,0.13850469990513037,0.010429096352559775,0
PDice1(obs6),0.16753461948159545,0.13947089760305392,0.010465409403989942,0
