Property,ObtainedValue,Variance,CI,Problems
PDice1(obs1),0.16454081632653061,0.13751098525534616,0.034113615105310725,0
PDice1(obs2),0.17889030612244897,0.14693541890440387,0.035263246741300325,0
PDice1(obs3),0.16645408163265307,0.1387913777951372,0.03427206649468829,0
PDice1(obs4),0.16741071428571427,0.13942882775119617,0.034350679807363935,0
PDice1(obs5),0.1533801020408163,0.12989606727858607,0.03315561206367991,0
PDice1(obs6),0.16932397959183673,0.14069823503564105,0.03450669562000699,0
