Property,ObtainedValue,Variance,CI,Problems
PDice1(obs1),0.16929133858267717,0.14064166889495278,0.016199186634314394,0
PDice1(obs2),0.1655652418447694,0.1381631059168648,0.016055811000461728,0
PDice1(obs3),0.16338582677165353,0.1367005089350121,0.01597060134902882,0
PDice1(obs4),0.16647919010123735,0.1387736256654904,0.01609124587545476,0
PDice1(obs5),0.16844769403824522,0.14008291676048404,0.016166975917395045,0
PDice1(obs6),0.16683070866141733,0.13900799608707423,0.016104828143310383,0
