Property,ObtainedValue,Variance,CI,Problems
PDice1(obs1),0.18681318681318682,0.15233251596887962,0.10538837083847644,0
PDice1(obs2),0.14560439560439561,0.12474646565555657,0.0953697201794939,0
PDice1(obs3),0.17032967032967034,0.14170677807041443,0.10164632824517536,0
PDice1(obs4),0.1813186813186813,0.14885114885114886,0.10417715161376863,0
PDice1(obs5),0.1565934065934066,0.1324357460721097,0.09826503080884459,0
PDice1(obs6),0.15934065934065933,0.13432022522931614,0.09896168677118297,0
