Property,ObtainedValue,Variance,CI,Problems
PDice1(obs1),0.16972329472329473,0.14092863390989044,0.017345075539421603,0
PDice1(obs2),0.16731016731016732,0.13932868248691593,0.017246335871241053,0
PDice1(obs3),0.16352960102960104,0.136798674371074,0.01708903420220805,0
PDice1(obs4),0.16513835263835264,0.13787876776071611,0.01715636476226939,0
PDice1(obs5),0.16787323037323038,0.13970304627230862,0.017269490014152764,0
PDice1(obs6),0.16642535392535393,0.1387391153349242,0.01720980838796422,0
