Property,ObtainedValue,Variance,CI,Problems
PDice1(obs1),0.17183288409703504,0.1423200444677763,0.019068395019006222,0
PDice1(obs2),0.1697150558336542,0.14092542183164222,0.01897473749993576,0
PDice1(obs3),0.16384289564882557,0.13701159060418783,0.018709395636906097,0
PDice1(obs4),0.16153253754331923,0.13545281621279584,0.01860266324117664,0
PDice1(obs5),0.1656719291490181,0.13823804851588908,0.018792947560843053,0
PDice1(obs6),0.16740469772814787,0.1393937836382739,0.018871342987792555,0
