Property,ObtainedValue,Variance,CI,Problems
PDice1(obs1),0.1699681897050318,0.14108920439617312,0.01645324169100288,0
PDice1(obs2),0.16512434933487566,0.13786826593298707,0.016264351130802414,0
PDice1(obs3),0.16295546558704455,0.13641084379775878,0.01617815651945228,0
PDice1(obs4),0.16657027183342973,0.1388346535822267,0.016321254076564515,0
PDice1(obs5),0.16852226720647773,0.1401326437091823,0.016397371749772058,0
PDice1(obs6),0.16685945633314053,0.13902742930974707,0.016332581400505922,0
