Property,ObtainedValue,Variance,CI,Problems
PDice1(obs1),0.16247484909456741,0.13614525603545785,0.042632435307770916,0
PDice1(obs2),0.1750503018108652,0.1444803698891892,0.043918076172257035,0
PDice1(obs3),0.16046277665995975,0.13478227189002157,0.042418496535972086,0
PDice1(obs4),0.17253521126760563,0.14283866257433883,0.04366784627627338,0
PDice1(obs5),0.1579476861167002,0.13306714975307304,0.042147741957561824,0
PDice1(obs6),0.17152917505030182,0.14217843548457326,0.04356680889962445,0
