Property,ObtainedValue,Variance,CI,Problems
PDice1(obs1),0.1599025974025974,0.13444288246278496,0.053815902633387,0
PDice1(obs2),0.1737012987012987,0.14364575310960362,0.05562731737644855,0
PDice1(obs3),0.16558441558441558,0.13827845590640064,0.0545781715407062,0
PDice1(obs4),0.17207792207792208,0.14258284363889562,0.055421127547607744,0
PDice1(obs5),0.16071428571428573,0.13499477776488336,0.05392624810095942,0
PDice1(obs6),0.1680194805194805,0.13990249190289808,0.05489773751639155,0
