Property,ObtainedValue,Variance,CI,Problems
PDice1(obs1),0.16902472527472528,0.14046501484297694,0.01600112332547125,0
PDice1(obs2),0.16607142857142856,0.138501221630214,0.015888876513989625,0
PDice1(obs3),0.16373626373626374,0.13693610462619324,0.01579884624335802,0
PDice1(obs4),0.16607142857142856,0.138501221630214,0.015888876513989625,0
PDice1(obs5),0.16813186813186815,0.1398731497227273,0.01596737647353667,0
PDice1(obs6),0.1669642857142857,0.13909676635954196,0.015923000351726734,0
