Property,ObtainedValue,Variance,CI,Problems
PDice1(obs1),0.169533527696793,0.14079601552357643,0.010437468973908712,0
PDice1(obs2),0.1656851311953353,0.13823759874681213,0.010342204140275523,0
PDice1(obs3),0.16638483965014578,0.1387049686613784,0.010359672457400474,0
PDice1(obs4),0.1650728862973761,0.1378278468114014,0.010326865031565945,0
PDice1(obs5),0.16583090379008747,0.13833504823003534,0.010345848824872782,0
PDice1(obs6),0.1674927113702624,0.13944296840076512,0.010387195959090292,0
