Property,ObtainedValue,Variance,CI,Problems
PDice1(obs1),0.1674776177500973,0.13943564983232765,0.013418591814831047,0
PDice1(obs2),0.16655313351498638,0.13881994180225787,0.01338893270139179,0
PDice1(obs3),0.16674776177500975,0.13894970660294104,0.013395189030021539,0
PDice1(obs4),0.1631957960295835,0.13656957326245814,0.01327996730477165,0
PDice1(obs5),0.16699104710003893,0.13911180606066206,0.01340300020149542,0
PDice1(obs6),0.16903464383028416,0.1404687678134199,0.013468211135634327,0
