Property,ObtainedValue,Variance,CI,Problems
PDice1(obs1),0.16994517897452435,0.1410751884803437,0.017373667915516627,0
PDice1(obs2),0.1672041277007417,0.13925813425370165,0.017261418521448423,0
PDice1(obs3),0.16341502741051273,0.1367215786050867,0.01710348962521773,0
PDice1(obs4),0.16534988713318285,0.13802042904860454,0.017184538879840863,0
PDice1(obs5),0.16768784263140923,0.13957988287726106,0.017281347818281046,0
PDice1(obs6),0.16639793614962914,0.13872084655221845,0.017228087216116607,0
