Property,ObtainedValue,Variance,CI,Problems
PDice1(obs1),0.16723356009070295,0.13927307588599763,0.013214196037231639,0
PDice1(obs2),0.16718631897203326,0.1392416316510594,0.013212704242290044,0
PDice1(obs3),0.16690287226001513,0.13905287250462353,0.013203745482772694,0
PDice1(obs4),0.16345427059712775,0.13674343193338395,0.01309364010269292,0
PDice1(obs5),0.1664777021919879,0.1387694324880916,0.013190281615240737,0
PDice1(obs6),0.16874527588813304,0.14027693459288462,0.013261733467105014,0
