Property,ObtainedValue,Variance,CI,Problems
PDice1(obs1),0.17026166902404527,0.14128512292986375,0.018206463463468447,0
PDice1(obs2),0.16822842998585572,0.1399399962635414,0.01811958747703738,0
PDice1(obs3),0.16212871287128713,0.13585500314685345,0.017853164040856333,0
PDice1(obs4),0.16416195190947666,0.13722493637203623,0.01794295202996338,0
PDice1(obs5),0.16646039603960397,0.13876359952766562,0.01804326615735154,0
PDice1(obs6),0.16875884016973125,0.14029169605834876,0.018142342430669055,0
