Property,ObtainedValue,Variance,CI,Problems
PDice1(obs1),0.17017774851876236,0.14122890429291413,0.01756244550509662,0
PDice1(obs2),0.16787360105332455,0.13970355146500024,0.017467345804165695,0
PDice1(obs3),0.16260697827518103,0.13617715504306166,0.017245481448551862,0
PDice1(obs4),0.16449967083607636,0.13745084009535702,0.017325943511117256,0
PDice1(obs5),0.16812047399605004,0.1398674900523471,0.017477591543719258,0
PDice1(obs6),0.16672152732060566,0.13893689290169148,0.01741935163014329,0
