Property,ObtainedValue,Variance,CI,Problems
PDice1(obs1),0.16396103896103897,0.13730070742265865,0.07691182322585205,0
PDice1(obs2),0.17694805194805194,0.145874247703516,0.07927678580739667,0
PDice1(obs3),0.15584415584415584,0.1317706683560342,0.07534702226080187,0
PDice1(obs4),0.18506493506493507,0.15106113398796325,0.08067390686976073,0
PDice1(obs5),0.16558441558441558,0.13839087741526765,0.07721656012138774,0
PDice1(obs6),0.1525974025974026,0.12952169781438072,0.07470126968214283,0
