Property,ObtainedValue,Variance,CI,Problems
PDice1(obs1),0.1671176046176046,0.1391955877017884,0.012906788791916682,0
PDice1(obs2),0.1673881673881674,0.13937565378377104,0.012915134328567288,0
PDice1(obs3),0.1664411976911977,0.13874478193108408,0.012885871557421661,0
PDice1(obs4),0.16337481962481962,0.13668965179252665,0.012790080778442533,0
PDice1(obs5),0.16653138528138528,0.13880494223927142,0.012888664938106519,0
PDice1(obs6),0.1691468253968254,0.14054251445034985,0.012969084753676806,0
