Property,ObtainedValue,Variance,CI,Problems
PDice1(obs1),0.1695904682074003,0.14083375737523807,0.010577942960440843,0
PDice1(obs2),0.16551909950904084,0.13812666224035308,0.010475785479117703,0
PDice1(obs3),0.1662375763381631,0.13860679395845224,0.010493976730137486,0
PDice1(obs4),0.16495030535265237,0.13774582574939034,0.010461333833527951,0
PDice1(obs5),0.16572865525086816,0.13826680730866073,0.010481098564371412,0
PDice1(obs6),0.16797389534187523,0.1397628498409346,0.010537648587943189,0
