Property,ObtainedValue,Variance,CI,Problems
PDice1(obs1),0.16879988989815578,0.14031614273483065,0.016008041422152102,0
PDice1(obs2),0.16618497109826588,0.13857706247317375,0.015908530178736644,0
PDice1(obs3),0.1636388659510047,0.1368706060676148,0.015810276885935462,0
PDice1(obs4),0.16632259840352326,0.13866893397967683,0.015913802690835706,0
PDice1(obs5),0.16811175337186898,0.13985981601490083,0.015981990086600322,0
PDice1(obs6),0.16694192127718138,0.13908188693011891,0.01593748054823066,0
