Property,ObtainedValue,Variance,CI,Problems
PDice1(obs1),0.16843882912184138,0.1400759512838482,0.015248664026085686,0
PDice1(obs2),0.1662496872654491,0.13861939896468606,0.015169176731076204,0
PDice1(obs3),0.16449837378033524,0.1374472557051178,0.015104906523219577,0
PDice1(obs4),0.16556167125344007,0.13815964572415987,0.015144000347109936,0
PDice1(obs5),0.16800100075056293,0.13978540764270894,0.015232841530918423,0
PDice1(obs6),0.1672504378283713,0.13928644081109248,0.015205630258892348,0
