Property,ObtainedValue,Variance,CI,Problems
PDice1(obs1),0.16798201798201798,0.13977104118719583,0.013612053233278172,0
PDice1(obs2),0.16683316683316685,0.13900680467442045,0.013574788406834784,0
PDice1(obs3),0.16558441558441558,0.13817311865416168,0.013534020147791963,0
PDice1(obs4),0.1632867132867133,0.1366309872753751,0.013458282551806805,0
PDice1(obs5),0.16753246753246753,0.13947230650362677,0.013597498832395737,0
PDice1(obs6),0.1687812187812188,0.14030112701624764,0.013637840864611265,0
