Property,ObtainedValue,Variance,CI,Problems
PDice1(obs1),0.16573660714285715,0.13830657419959333,0.032002542781502316,0
PDice1(obs2),0.17717633928571427,0.14582557202164986,0.032860935206802104,0
PDice1(obs3),0.16378348214285715,0.1369966776394482,0.03185063478463727,0
PDice1(obs4),0.1640625,0.13718427295562377,0.031872434531682356,0
PDice1(obs5),0.158203125,0.13321206478509628,0.03140760748412469,0
PDice1(obs6),0.17103794642857142,0.1418235386099039,0.03240688092214816,0
