Property,ObtainedValue,Variance,CI,Problems
PDice1(obs1),0.17066453447050461,0.1415507267243146,0.01826884473227294,0
PDice1(obs2),0.1683546552949538,0.14002380526131164,0.018170043662739922,0
PDice1(obs3),0.16222459132906894,0.13591984862133452,0.017901790653735372,0
PDice1(obs4),0.1636460554371002,0.13687818444112496,0.017964790256191705,0
PDice1(obs5),0.1665778251599147,0.13884198825634472,0.018093202554113976,0
PDice1(obs6),0.1685323383084577,0.14014163964716622,0.01817768738332051,0
