Property,ObtainedValue,Variance,CI,Problems
PDice1(obs1),0.17291666666666666,0.14303777843925186,0.023767736109114607,0
PDice1(obs2),0.1757440476190476,0.1448796368152857,0.023920271959839725,0
PDice1(obs3),0.16473214285714285,0.13761594252971318,0.023312927505804746,0
PDice1(obs4),0.15892857142857142,0.1336901749835222,0.022977997855973195,0
PDice1(obs5),0.16101190476190477,0.13510717652144946,0.02309945044537674,0
PDice1(obs6),0.16666666666666666,0.1389095599543583,0.023422244300869158,0
