Property,ObtainedValue,Variance,CI,Problems
PDice1(obs1),0.166908797417272,0.13905586237871434,0.012203687429142766,0
PDice1(obs2),0.16763518966908797,0.1395392639781512,0.012224880940430038,0
PDice1(obs3),0.16614205004035512,0.13854446022776779,0.012181226165901702,0
PDice1(obs4),0.16436642453591607,0.13735564602547376,0.012128851594112604,0
PDice1(obs5),0.16577885391444713,0.13830180669597042,0.012170554093841405,0
PDice1(obs6),0.1691686844229217,0.14055631280112646,0.012269351318165372,0
