Property,ObtainedValue,Variance,CI,Problems
PDice1(obs1),0.1630952380952381,0.13665786934559282,0.06570898441229056,0
PDice1(obs2),0.1595238095238095,0.13423576820477895,0.0651240736045018,0
PDice1(obs3),0.1630952380952381,0.13665786934559282,0.06570898441229056,0
PDice1(obs4),0.18214285714285713,0.1491443895794313,0.06864531349043264,0
PDice1(obs5),0.16666666666666666,0.1390544298768375,0.06628264745074586,0
PDice1(obs6),0.16547619047619047,0.1382584142119303,0.06609265799284111,0
