Property,ObtainedValue,Variance,CI,Problems
PDice1(obs1),0.16830225711481844,0.1399815134882984,0.011410805689268581,0
PDice1(obs2),0.1659890649095752,0.13844154739014589,0.011347865768946303,0
PDice1(obs3),0.16690032244497408,0.139049478269848,0.011372754110779981,0
PDice1(obs4),0.1648324688069536,0.13766755105677675,0.011316099592732602,0
PDice1(obs5),0.16493761390719192,0.13773802491860623,0.01131899565356098,0
PDice1(obs6),0.16903827281648676,0.14046925835778923,0.011430668034398196,0
