Property,ObtainedValue,Variance,CI,Problems
PDice1(obs1),0.16976911976911976,0.14095773585274993,0.01642895415512458,0
PDice1(obs2),0.16536796536796536,0.1380313603706345,0.016257521769058658,0
PDice1(obs3),0.16313131313131313,0.1365293384089834,0.01616882471738564,0
PDice1(obs4),0.16666666666666666,0.1388989104552998,0.016308532357842243,0
PDice1(obs5),0.16832611832611832,0.14000253740855517,0.01637319422281782,0
PDice1(obs6),0.16673881673881674,0.13894700876806368,0.016311355796096962,0
