Property,ObtainedValue,Variance,CI,Problems
PDice1(obs1),0.16865774330748062,0.14021669399039116,0.010787849255717415,0
PDice1(obs2),0.16596822616962723,0.13842710316552898,0.01071878532317799,0
PDice1(obs3),0.1668126094570928,0.1389905094966651,0.010740576211834512,0
PDice1(obs4),0.16531148361270953,0.13798791235725463,0.010701767948010041,0
PDice1(obs5),0.16484238178633975,0.13767367648488515,0.010689575589782533,0
PDice1(obs6),0.16840755566675006,0.140050830734466,0.010781466858549662,0
