Property,ObtainedValue,Variance,CI,Problems
PDice1(obs1),0.1683751363140676,0.14003258514979874,0.014235147213587228,0
PDice1(obs2),0.16564885496183207,0.1382168481719807,0.01414255584202695,0
PDice1(obs3),0.16597600872410032,0.13843552153573468,0.014153738914359133,0
PDice1(obs4),0.16406761177753545,0.13715690910962408,0.014088224199002396,0
PDice1(obs5),0.16728462377317338,0.13930807428234385,0.0141982740326861,0
PDice1(obs6),0.16864776444929117,0.1402133412158974,0.014244331716602332,0
