Property,ObtainedValue,Variance,CI,Problems
PDice1(obs1),0.16919362084456424,0.14057108636222537,0.010234638430302891,0
PDice1(obs2),0.16562780772686433,0.13819911728819956,0.01014792242113452,0
PDice1(obs3),0.16621743036837378,0.13859308752545912,0.01016237668912469,0
PDice1(obs4),0.16475741239892183,0.13761627134755375,0.010126500704115696,0
PDice1(obs5),0.16647012578616352,0.1387617190569658,0.010168557286627902,0
PDice1(obs6),0.1677336028751123,0.13960296101148614,0.010199334114869864,0
