Property,ObtainedValue,Variance,CI,Problems
PDice1(obs1),0.17185592185592186,0.1423359466760301,0.019605223536292283,0
PDice1(obs2),0.1693121693121693,0.14065987079114178,0.019489451125516147,0
PDice1(obs3),0.16381766381766383,0.13699537613244747,0.019233904523367068,0
PDice1(obs4),0.1623931623931624,0.1360354648234978,0.019166401157323983,0
PDice1(obs5),0.16585266585266586,0.13835963718939195,0.01932943717326649,0
PDice1(obs6),0.16676841676841678,0.13897085223532768,0.01937208481239201,0
