Property,ObtainedValue,Variance,CI,Problems
PDice1(obs1),0.16934342334494773,0.14067005753017775,0.010080961928237132,0
PDice1(obs2),0.1651273363209094,0.1378640663099534,0.009998982487105783,0
PDice1(obs3),0.16626742160278746,0.1386263396992017,0.010007463624135628,0
PDice1(obs4),0.16489827171297308,0.13771059757625106,0.00999724079076279,0
PDice1(obs5),0.16615853658536586,0.1385536489092943,0.010004839498645588,0
PDice1(obs6),0.1681456881533101,0.13987652332317962,0.010052487845595641,0
