Property,ObtainedValue,Variance,CI,Problems
PDice1(obs1),0.16893871113114015,0.14040633233720415,0.014488278250589676,0
PDice1(obs2),0.16572780531771067,0.1382698888375469,0.014377627827460965,0
PDice1(obs3),0.1654461469130239,0.13808149774753248,0.01436782981487581,0
PDice1(obs4),0.16409418657052727,0.13717501180328173,0.014320590749471328,0
PDice1(obs5),0.16741775574583145,0.13939690326873916,0.014436103716433876,0
PDice1(obs6),0.16837539432176657,0.14003300920355133,0.0144690041570541,0
