Property,ObtainedValue,Variance,CI,Problems
PDice1(obs1),0.16987781954887218,0.14103039158756922,0.017121507252116856,0
PDice1(obs2),0.16682330827067668,0.13900417900708537,0.01699806817512051,0
PDice1(obs3),0.16392543859649122,0.1370646241887322,0.016879062763044447,0
PDice1(obs4),0.16557017543859648,0.1381675138343234,0.016946835340035115,0
PDice1(obs5),0.1675281954887218,0.1394734228753524,0.01702673464832903,0
PDice1(obs6),0.1662750626566416,0.13863852447559724,0.016975696496997938,0
