Property,ObtainedValue,Variance,CI,Problems
PDice1(obs1),0.16847590099869736,0.14009937595940092,0.014206045887759805,0
PDice1(obs2),0.1656534954407295,0.13821991705557693,0.01411043578870216,0
PDice1(obs3),0.165979157620495,0.13843759083735147,0.014121542232949468,0
PDice1(obs4),0.16391663048198002,0.13705540769388375,0.01405086951552691,0
PDice1(obs5),0.16722752930959617,0.139270041914842,0.014163936332401577,0
PDice1(obs6),0.16874728614850196,0.14027925350726306,0.014215162734236253,0
