Property,ObtainedValue,Variance,CI,Problems
PDice1(obs1),0.1734490608992601,0.14338488611979536,0.023269276848468662,0
PDice1(obs2),0.17416050085372795,0.14384908879394293,0.02330691307523835,0
PDice1(obs3),0.16462720546385884,0.13754465963829732,0.02279045865123664,0
PDice1(obs4),0.15922026180990326,0.13388822072502038,0.02248549144070974,0
PDice1(obs5),0.16121229368241322,0.1352421333795113,0.022598895051015082,0
PDice1(obs6),0.16733067729083664,0.13935094969488773,0.02293961713765366,0
