Property,ObtainedValue,Variance,CI,Problems
PDice1(obs1),0.1692559046090346,0.14061237375766478,0.01034238756719315,0
PDice1(obs2),0.1659023159825728,0.13838270401848451,0.01026006104357037,0
PDice1(obs3),0.16604563173584042,0.1384784491459362,0.01026360982880034,0
PDice1(obs4),0.164755789956432,0.13761526411931174,0.01023157147370746,0
PDice1(obs5),0.1663322632423756,0.13866981616087637,0.010270699156742644,0
PDice1(obs6),0.16770809447374455,0.13958609049887122,0.010304575611694278,0
