Property,ObtainedValue,Variance,CI,Problems
PDice1(obs1),0.17164408866995073,0.1422042865485766,0.02410351671743479,0
PDice1(obs2),0.177185960591133,0.1458135426265752,0.024407483134845896,0
PDice1(obs3),0.1644088669950739,0.13739974288672227,0.02369283484656677,0
PDice1(obs4),0.15886699507389163,0.13364884697209298,0.02336719997761936,0
PDice1(obs5),0.16163793103448276,0.1355319741976587,0.023531247370076072,0
PDice1(obs6),0.16625615763546797,0.1386363894924857,0.023799217985837378,0
