Property,ObtainedValue,Variance,CI,Problems
PDice1(obs1),0.16583011583011584,0.13835719839774677,0.02662459897464447,0
PDice1(obs2),0.1777992277992278,0.1462148892058141,0.027370201526313306,0
PDice1(obs3),0.16293436293436295,0.13641309088306577,0.02643688123819074,0
PDice1(obs4),0.16293436293436295,0.13641309088306577,0.02643688123819074,0
PDice1(obs5),0.1611969111969112,0.13523857485046903,0.026322824492599733,0
PDice1(obs6),0.16930501930501932,0.14066798572494651,0.02684601507437752,0
