Property,ObtainedValue,Variance,CI,Problems
PDice1(obs1),0.16726715907043777,0.1392951299920008,0.012903259525458087,0
PDice1(obs2),0.1673121960007206,0.1393250998449454,0.01290464754236971,0
PDice1(obs3),0.1665015312556296,0.13878502179651117,0.012879611550551017,0
PDice1(obs4),0.16339398306611422,0.1367025460269395,0.012782616734283618,0
PDice1(obs5),0.1664564943253468,0.13875497892057462,0.012878217446527776,0
PDice1(obs6),0.16906863628175103,0.14049075978013362,0.01295851830412956,0
