Property,ObtainedValue,Variance,CI,Problems
PDice1(obs1),0.16205357142857144,0.13585286001403687,0.04011967986862522,0
PDice1(obs2),0.17633928571428573,0.14530861194410769,0.04149241788497264,0
PDice1(obs3),0.16339285714285715,0.13675668346838513,0.04025291591725557,0
PDice1(obs4),0.1732142857142857,0.14327505901869458,0.041201057590757005,0
PDice1(obs5),0.15357142857142858,0.13004530083583232,0.039252777983913016,0
PDice1(obs6),0.17142857142857143,0.14210425572640847,0.04103237056863495,0
