Property,ObtainedValue,Variance,CI,Problems
PDice1(obs1),0.17122736418511067,0.14192283189022453,0.019466147832452926,0
PDice1(obs2),0.16941649899396377,0.14072870668016552,0.019384081685342763,0
PDice1(obs3),0.16348088531187122,0.13676864487053117,0.019109404565506354,0
PDice1(obs4),0.16327967806841046,0.13663317059009658,0.019099937943108006,0
PDice1(obs5),0.16569416498993964,0.13825351748280204,0.01921285821566483,0
PDice1(obs6),0.16690140845070423,0.1390593181789196,0.019268767250615874,0
