Property,ObtainedValue,Variance,CI,Problems
PDice1(obs1),0.1691995947315096,0.14057504816847724,0.010246873364264096,0
PDice1(obs2),0.16573792637622425,0.13827275763616043,0.010162617048837511,0
PDice1(obs3),0.16621636834402792,0.13859238773353327,0.01017435617708651,0
PDice1(obs4),0.16438703140830802,0.13736780134373006,0.010129306723146271,0
PDice1(obs5),0.16661037937633683,0.13885526875382304,0.010184000927660416,0
PDice1(obs6),0.16784869976359337,0.1396794448399969,0.010214179804366239,0
