Property,ObtainedValue,Variance,CI,Problems
PDice1(obs1),0.17027593433461405,0.14129437848637696,0.018095427484049145,0
PDice1(obs2),0.16809290953545233,0.1398498951309278,0.018002693106420383,0
PDice1(obs3),0.16206776108976598,0.13581366128874284,0.017741001562769823,0
PDice1(obs4),0.1647747118407265,0.13763602469273856,0.01785963034981121,0
PDice1(obs5),0.16687041564792177,0.1390368208625292,0.017950283828998256,0
PDice1(obs6),0.1679182675515194,0.13973392467893006,0.01799522719642797,0
