Property,ObtainedValue,Variance,CI,Problems
PDice1(obs1),0.1691193117500566,0.1405259238405406,0.014528862193626122,0
PDice1(obs2),0.16594973964229115,0.13841825795940468,0.014419495623315676,0
PDice1(obs3),0.16549694362689607,0.13811552254683623,0.014403718508815796,0
PDice1(obs4),0.16396875707493774,0.1370907630471447,0.014350184235307048,0
PDice1(obs5),0.16753452569617389,0.13947460258896957,0.014474412534292741,0
PDice1(obs6),0.16793072220964456,0.13973790384354925,0.014488068547408629,0
