Property,ObtainedValue,Variance,CI,Problems
PDice1(obs1),0.1737063246351172,0.14354830963156376,0.020524181180175627,0
PDice1(obs2),0.16939407341884122,0.1407152802745035,0.02032064217405025,0
PDice1(obs3),0.16320212295444494,0.1365822919959349,0.02001999647105976,0
PDice1(obs4),0.16275984077841663,0.13628414402014494,0.01999813352560415,0
PDice1(obs5),0.1638655462184874,0.13702878032778965,0.020052692516249065,0
PDice1(obs6),0.1670720919946926,0.13917439665996012,0.020209076692964196,0
