Property,ObtainedValue,Variance,CI,Problems
PDice1(obs1),0.16619828259172523,0.13858182258185076,0.011981484959240911,0
PDice1(obs2),0.16736924277907886,0.1393622189376365,0.012015173289910903,0
PDice1(obs3),0.16678376268540204,0.1389723635600639,0.011998355746189062,0
PDice1(obs4),0.16397345823575332,0.13709151418679885,0.011916886394682524,0
PDice1(obs5),0.1663544106167057,0.13868603387921466,0.011985989054453373,0
PDice1(obs6),0.16932084309133488,0.1406567853026968,0.0120708500866134,0
