Property,ObtainedValue,Variance,CI,Problems
PDice1(obs1),0.16869091386554622,0.14023889287479757,0.011053195439348162,0
PDice1(obs2),0.16576943277310924,0.13829446753424804,0.010976301179202041,0
PDice1(obs3),0.1674435399159664,0.1394107771029989,0.011020512358326302,0
PDice1(obs4),0.16508009453781514,0.1378331813862498,0.010957979965884065,0
PDice1(obs5),0.16471901260504201,0.13759117600853166,0.010948355813289044,0
PDice1(obs6),0.168297006302521,0.13997771882897203,0.01104289817790963,0
