Property,ObtainedValue,Variance,CI,Problems
PDice1(obs1),0.16897559735638026,0.14043176908988783,0.015389786155037586,0
PDice1(obs2),0.16567107269954245,0.13823295287399381,0.015268827703325995,0
PDice1(obs3),0.1644636502287748,0.1374240910840757,0.01522408984970688,0
PDice1(obs4),0.1657981698017285,0.1383179265959511,0.015273519962892737,0
PDice1(obs5),0.16757752923233352,0.13950416621635442,0.01533887437762777,0
PDice1(obs6),0.16751398068124046,0.13946190955985066,0.015336551082724236,0
