Property,ObtainedValue,Variance,CI,Problems
PDice1(obs1),0.16934592862667108,0.14067177061541528,0.010154821037921575,0
PDice1(obs2),0.16534084631532428,0.13800706278364966,0.010058181160731197,0
PDice1(obs3),0.1662799690641918,0.1386347702188649,0.010081029383525258,0
PDice1(obs4),0.16473317865429235,0.13759995918862528,0.010043335015110792,0
PDice1(obs5),0.16625234780687217,0.13861633341298887,0.010080359031631358,0
PDice1(obs6),0.16804772953264832,0.13981155190242156,0.010123724669423146,0
