Property,ObtainedValue,Variance,CI,Problems
PDice1(obs1),0.169280158044203,0.14062872706546045,0.01073342690128073,0
PDice1(obs2),0.16588467712063218,0.13837122226126633,0.010646926811630535,0
PDice1(obs3),0.16681071737251513,0.13898919226173573,0.01067067507220671,0
PDice1(obs4),0.16489690085195705,0.13771016377986867,0.010621463902990926,0
PDice1(obs5),0.16483516483516483,0.13766878283007314,0.01061986794494371,0
PDice1(obs6),0.16829238177552786,0.13997437674208432,0.010708426282170795,0
