Property,ObtainedValue,Variance,CI,Problems
PDice1(obs1),0.16936135812449474,0.140682150230741,0.010382518378713172,0
PDice1(obs2),0.1656369095738538,0.13820531398223765,0.010290715713015739,0
PDice1(obs3),0.1663875736228202,0.13870675366570484,0.010309367315434055,0
PDice1(obs4),0.16474188705393233,0.13760597062134436,0.010268378028566281,0
PDice1(obs5),0.16615660006929206,0.1385525845705565,0.01030363642030878,0
PDice1(obs6),0.16771567155560688,0.13959115530340635,0.010342181629218156,0
