Property,ObtainedValue,Variance,CI,Problems
PDice1(obs1),0.16704645048203332,0.1391480314984219,0.01272119144858822,0
PDice1(obs2),0.16709027169149868,0.13917721171130706,0.01272252523538906,0
PDice1(obs3),0.166783523225241,0.13897286956504373,0.01271318210001034,0
PDice1(obs4),0.16384750219106048,0.1370075020512566,0.012622966490802431,0
PDice1(obs5),0.1663891323400526,0.13870986741333188,0.012701146737746978,0
PDice1(obs6),0.16884312007011393,0.14034127079932737,0.012775619176005377,0
