Property,ObtainedValue,Variance,CI,Problems
PDice1(obs1),0.16640588327335315,0.138720391681538,0.012000596235514707,0
PDice1(obs2),0.16738382099827884,0.13937192934899523,0.012028745237472488,0
PDice1(obs3),0.1667579408543264,0.13895516559629179,0.012010746999435913,0
PDice1(obs4),0.1637067751525583,0.13691222258680685,0.01192212802489846,0
PDice1(obs5),0.1663276482553591,0.13866818603521547,0.011998337887517196,0
PDice1(obs6),0.16941793146612424,0.14072100061887166,0.012086822047322397,0
