Property,ObtainedValue,Variance,CI,Problems
PDice1(obs1),0.16885504201680673,0.14035223110319567,0.015637894184657684,0
PDice1(obs2),0.16576943277310924,0.13829900743535548,0.015523088780360149,0
PDice1(obs3),0.164390756302521,0.13737545441655094,0.01547117080049394,0
PDice1(obs4),0.16603203781512604,0.13847449125898145,0.015532934069395602,0
PDice1(obs5),0.16793592436974789,0.13974262395523504,0.015603896342444395,0
PDice1(obs6),0.16701680672268907,0.13913132714184748,0.015569729721483808,0
