Property,ObtainedValue,Variance,CI,Problems
PDice1(obs1),0.15714285714285714,0.13340184994861254,0.16123668790051418,0
PDice1(obs2),0.12857142857142856,0.11284686536485097,0.1482954042350938,0
PDice1(obs3),0.18571428571428572,0.15231243576567316,0.17228625227909367,0
PDice1(obs4),0.19285714285714287,0.15678314491264134,0.17479645803502133,0
PDice1(obs5),0.15714285714285714,0.13340184994861254,0.16123668790051418,0
PDice1(obs6),0.17857142857142858,0.1477389516957862,0.16967991924244505,0
