Property,ObtainedValue,Variance,CI,Problems
PDice1(obs1),0.158355795148248,0.13336910865823448,0.04883798634557355,0
PDice1(obs2),0.16778975741239893,0.13973051274734502,0.04998914987628753,0
PDice1(obs3),0.16846361185983827,0.1401780829636146,0.050069145886387306,0
PDice1(obs4),0.17587601078167117,0.1450413763897396,0.050930282012947733,0
PDice1(obs5),0.16307277628032346,0.13657207561710163,0.04942094889320626,0
PDice1(obs6),0.1664420485175202,0.13883264599876768,0.04982828332921376,0
