Property,ObtainedValue,Variance,CI,Problems
PDice1(obs1),0.16317169069462648,0.13659144478337465,0.034464069703864106,0
PDice1(obs2),0.17988204456094364,0.14757284743888624,0.035822677161962385,0
PDice1(obs3),0.16546526867627784,0.13813177296574228,0.03465784887706726,0
PDice1(obs4),0.16677588466579293,0.1390072352360247,0.03476750400839266,0
PDice1(obs5),0.15334207077326342,0.1298708328017413,0.03360552026533962,0
PDice1(obs6),0.1713630406290957,0.1420442903149731,0.03514525520336535,0
