Property,ObtainedValue,Variance,CI,Problems
PDice1(obs1),0.16808390022675737,0.13983665724140817,0.0114669603381873,0
PDice1(obs2),0.16602891156462585,0.13846821813443516,0.011410714657386458,0
PDice1(obs3),0.16677295918367346,0.1389646629033926,0.011431151553742946,0
PDice1(obs4),0.16464710884353742,0.13754331166793332,0.011372541541652246,0
PDice1(obs5),0.16546201814058956,0.1380892313107553,0.011395088423224085,0
PDice1(obs6),0.1690051020408163,0.14044735369256656,0.011491972388165414,0
