Property,ObtainedValue,Variance,CI,Problems
PDice1(obs1),0.17454728370221329,0.14409865051205234,0.02193001084131242,0
PDice1(obs2),0.17253521126760563,0.14278476797143064,0.021829803659504106,0
PDice1(obs3),0.1642354124748491,0.13727940527076432,0.021404820197251456,0
PDice1(obs4),0.15920523138832998,0.1338757611699628,0.021137803975681654,0
PDice1(obs5),0.16146881287726358,0.13541366422658702,0.021258867962729,0
PDice1(obs6),0.16800804828973842,0.13979892434724053,0.021600350805449312,0
