Property,ObtainedValue,Variance,CI,Problems
PDice1(obs1),0.16726420297848868,0.1392932919035293,0.013035348641727841,0
PDice1(obs2),0.16740209597352454,0.13938504097744994,0.013039640967200734,0
PDice1(obs3),0.1667585953300239,0.13895655325868414,0.013019582765019449,0
PDice1(obs4),0.1636330207758779,0.136863546129068,0.012921158216623999,0
PDice1(obs5),0.16634491634491635,0.13868065951495048,0.013006651362795442,0
PDice1(obs6),0.16859716859716858,0.1401786065541524,0.013076707798495046,0
