Property,ObtainedValue,Variance,CI,Problems
PDice1(obs1),0.16632198536430162,0.13866449736334133,0.012097970804561757,0
PDice1(obs2),0.1677139675469297,0.13959154432066967,0.012138344167641693,0
PDice1(obs3),0.16656061088132357,0.13882369493016017,0.012104913515491101,0
PDice1(obs4),0.16389595927457842,0.1370395239959218,0.01202687540875411,0
PDice1(obs5),0.16608335984727968,0.13850518590771826,0.012091019136056222,0
PDice1(obs6),0.16942411708558702,0.1407251824052579,0.012187532908127486,0
