Property,ObtainedValue,Variance,CI,Problems
PDice1(obs1),0.17148680124223603,0.14209286831068318,0.019130674867313117,0
PDice1(obs2),0.16964285714285715,0.14087783031294632,0.019048705934742144,0
PDice1(obs3),0.1637228260869565,0.13693095141136605,0.01877997298000211,0
PDice1(obs4),0.1622670807453416,0.1359496691248946,0.01871256094048506,0
PDice1(obs5),0.16566381987577639,0.13823273410385806,0.018869031054636106,0
PDice1(obs6),0.1672166149068323,0.13926873459337358,0.018939607084897992,0
