Property,ObtainedValue,Variance,CI,Problems
PDice1(obs1),0.1750365675280351,0.1444163707216557,0.021614364086808113,0
PDice1(obs2),0.17174549000487568,0.14226631775973791,0.02145286475540039,0
PDice1(obs3),0.16382252559726962,0.1370014050466012,0.021052164746327078,0
PDice1(obs4),0.15919063871282302,0.13386529633561542,0.020809816529563322,0
PDice1(obs5),0.16089712335446124,0.13502569757065844,0.02089981607516345,0
PDice1(obs6),0.16930765480253535,0.14065971808841624,0.02133138826991597,0
