Property,ObtainedValue,Variance,CI,Problems
PDice1(obs1),0.16565934065934065,0.13825430546370365,0.03174941414009406,0
PDice1(obs2),0.17582417582417584,0.14494985640904848,0.03250912483242557,0
PDice1(obs3),0.16373626373626374,0.13696432723638,0.03160094847028764,0
PDice1(obs4),0.16346153846153846,0.1367794406747416,0.03157961239005258,0
PDice1(obs5),0.16071428571428573,0.13492227063950066,0.03136448812334829,0
PDice1(obs6),0.1706043956043956,0.1415374197113686,0.03212417775849897,0
