Property,ObtainedValue,Variance,CI,Problems
PDice1(obs1),0.1670720919946926,0.13916413722266258,0.011667285809750285,0
PDice1(obs2),0.16677723721067375,0.13896771227089683,0.011659048934403844,0
PDice1(obs3),0.16703523514669025,0.13913959361303305,0.011666256917030531,0
PDice1(obs4),0.16397611676249446,0.1370930027099503,0.011580140147501325,0
PDice1(obs5),0.16567153177060298,0.1382295700376374,0.011628043549392815,0
PDice1(obs6),0.16946778711484595,0.14075364398090517,0.011733727406188239,0
