Property,ObtainedValue,Variance,CI,Problems
PDice1(obs1),0.17351648351648352,0.14342427437382926,0.020452090685971164,0
PDice1(obs2),0.16901098901098902,0.1404617099572589,0.020239759825368263,0
PDice1(obs3),0.1632967032967033,0.1366459060227606,0.019962948728586324,0
PDice1(obs4),0.16340659340659341,0.13671990280298885,0.019968353186149673,0
PDice1(obs5),0.1635164835164835,0.13679387542889027,0.019973754417957155,0
PDice1(obs6),0.16725274725274725,0.13929457288507735,0.020155495399582567,0
