Property,ObtainedValue,Variance,CI,Problems
PDice1(obs1),0.16977014838521967,0.1409584981209644,0.016495783399537528,0
PDice1(obs2),0.16511492580739018,0.1378620148699516,0.016313593042988316,0
PDice1(obs3),0.16307826592958977,0.13649367336770638,0.01623243133439906,0
PDice1(obs4),0.16635146930462613,0.13868874588639848,0.016362434611598666,0
PDice1(obs5),0.16853360488798372,0.14014022241031074,0.01644783401895811,0
PDice1(obs6),0.16715158568519056,0.13922205980180635,0.016393864490995863,0
