Property,ObtainedValue,Variance,CI,Problems
PDice1(obs1),0.16715976331360946,0.13924680347049986,0.027945850051879568,0
PDice1(obs2),0.17392223161453932,0.1437036574468895,0.028389557155640753,0
PDice1(obs3),0.16377852916314456,0.1369840709994849,0.027717862858529257,0
PDice1(obs4),0.1650464919695689,0.13783527579196084,0.02780384745132016,0
PDice1(obs5),0.1625105663567202,0.13612965006799452,0.027631284298142707,0
PDice1(obs6),0.16758241758241757,0.13952803695986957,0.027974056604614474,0
