Property,ObtainedValue,Variance,CI,Problems
PDice1(obs1),0.17436974789915966,0.14426802299867314,0.08968682277839697,0
PDice1(obs2),0.14495798319327732,0.12420610349402919,0.0832175772226755,0
PDice1(obs3),0.15756302521008403,0.13301636444051304,0.08611843634324985,0
PDice1(obs4),0.19117647058823528,0.154953560371517,0.09294892656610335,0
PDice1(obs5),0.17436974789915966,0.14426802299867314,0.08968682277839697,0
PDice1(obs6),0.15756302521008403,0.13301636444051304,0.08611843634324985,0
