Property,ObtainedValue,Variance,CI,Problems
PDice1(obs1),0.16809116809116809,0.1398436418533086,0.01374107994237321,0
PDice1(obs2),0.16615791615791617,0.1385565121255785,0.013677696875183066,0
PDice1(obs3),0.1655982905982906,0.13818252679229528,0.013659225298751458,0
PDice1(obs4),0.16356328856328856,0.13681729978473808,0.01359158204265396,0
PDice1(obs5),0.16748066748066748,0.13943798741560126,0.013721135602478902,0
PDice1(obs6),0.16910866910866912,0.1405180760052294,0.013774175142953942,0
