Property,ObtainedValue,Variance,CI,Problems
PDice1(obs1),0.16951219512195123,0.1407818985707497,0.01041571079644429,0
PDice1(obs2),0.16562137049941927,0.13819494476237149,0.010319569545095919,0
PDice1(obs3),0.16640534262485482,0.13871863240561447,0.010339103982222342,0
PDice1(obs4),0.16492450638792103,0.1377284126634516,0.010302135909729102,0
PDice1(obs5),0.16591173054587688,0.13838904647814568,0.010326814178056495,0
PDice1(obs6),0.16762485481997677,0.13953081428393024,0.010369326950059604,0
