Property,ObtainedValue,Variance,CI,Problems
PDice1(obs1),0.16944413989694113,0.1407366808419568,0.010118112500137175,0
PDice1(obs2),0.1653053393268282,0.13798326613819858,0.010018646706115781,0
PDice1(obs3),0.16631948251288237,0.13866111285014474,0.010043225000879563,0
PDice1(obs4),0.1648119723714505,0.13765275909685246,0.010006640835491996,0
PDice1(obs5),0.16620984541168732,0.13858793129467226,0.010040574380913152,0
PDice1(obs6),0.1679092204802105,0.13971954376937834,0.010081483209351523,0
