Property,ObtainedValue,Variance,CI,Problems
PDice1(obs1),0.17237394957983193,0.1426761580774762,0.019943634399394904,0
PDice1(obs2),0.17006302521008404,0.14115642002152262,0.019837133622115078,0
PDice1(obs3),0.16365546218487395,0.13688673074020025,0.019534813832644424,0
PDice1(obs4),0.16186974789915967,0.1356821849445735,0.019448674834508337,0
PDice1(obs5),0.16512605042016806,0.13787392044747304,0.01960512716066605,0
PDice1(obs6),0.16691176470588234,0.13906683536950867,0.019689758389160084,0
