Property,ObtainedValue,Variance,CI,Problems
PDice1(obs1),0.16923940499579007,0.14060729458635565,0.016181288252533888,0
PDice1(obs2),0.16552062868369352,0.1381332423644072,0.01603829773313607,0
PDice1(obs3),0.16362615773224812,0.1368622412580449,0.015964340870709026,0
PDice1(obs4),0.16629245018243052,0.13864899958372323,0.016068211462721405,0
PDice1(obs5),0.16846758349705304,0.14009608673241006,0.01615184620252426,0
PDice1(obs6),0.16685377490878472,0.13902334736277525,0.01608988866422074,0
