Property,ObtainedValue,Variance,CI,Problems
PDice1(obs1),0.16918934240362812,0.14056829318270767,0.010283157148234915,0
PDice1(obs2),0.16595804988662133,0.13841989903097685,0.010204272578952898,0
PDice1(obs3),0.16615646258503403,0.13855241974904423,0.010209156103765035,0
PDice1(obs4),0.16442743764172335,0.13739494980697758,0.010166422911496272,0
PDice1(obs5),0.16655328798185942,0.13881722497289023,0.010218907457742843,0
PDice1(obs6),0.16771541950113378,0.13959091422125885,0.010247345114390969,0
