Property,ObtainedValue,Variance,CI,Problems
PDice1(obs1),0.16936170212765958,0.14068259204670905,0.010652935733014646,0
PDice1(obs2),0.1656534954407295,0.13821661600194607,0.01055915716745648,0
PDice1(obs3),0.1664741641337386,0.13876473458279928,0.010580073406730051,0
PDice1(obs4),0.16501519756838906,0.13778937026661042,0.010542824664550353,0
PDice1(obs5),0.1652887537993921,0.1379725753621358,0.010549831219522458,0
PDice1(obs6),0.1682066869300912,0.1399174502121303,0.01062392674263855,0
