Property,ObtainedValue,Variance,CI,Problems
PDice1(obs1),0.169296788482835,0.1406392795599951,0.01016544794860844,0
PDice1(obs2),0.16555924695459578,0.1381532075420559,0.010075200341450917,0
PDice1(obs3),0.1663344407530454,0.13867113375109233,0.010094068266724668,0
PDice1(obs4),0.164562569213732,0.13748553638233554,0.01005082498298621,0
PDice1(obs5),0.1662513842746401,0.13861569914534694,0.010092050483308971,0
PDice1(obs6),0.16799557032115173,0.1397769284667696,0.010134234533926718,0
