Property,ObtainedValue,Variance,CI,Problems
PDice1(obs1),0.16907954033348355,0.14049560655094212,0.010248016231400656,0
PDice1(obs2),0.16581230283911672,0.13832247903518352,0.010168451340215646,0
PDice1(obs3),0.16623479044614692,0.13860468880902574,0.010178819048285223,0
PDice1(obs4),0.16440401081568273,0.1373792014440712,0.010133720612669456,0
PDice1(obs5),0.16662911221270843,0.13886776250315797,0.010188474241555768,0
PDice1(obs6),0.16784024335286166,0.13967383009492992,0.010218001309468734,0
