Property,ObtainedValue,Variance,CI,Problems
PDice1(obs1),0.17421027817067422,0.143878015898119,0.021215045396508356,0
PDice1(obs2),0.17102781706742104,0.14179401596548064,0.021060840389535533,0
PDice1(obs3),0.163012729844413,0.13645566363611655,0.020660580907077588,0
PDice1(obs4),0.16041961338991043,0.13470103809693879,0.020527318302951958,0
PDice1(obs5),0.1621876473361622,0.13589883263768018,0.02061838327279387,0
PDice1(obs6),0.16914191419141913,0.14054949347345438,0.020968211459416963,0
