Property,ObtainedValue,Variance,CI,Problems
PDice1(obs1),0.16867355945025847,0.1402272100173901,0.010831017344579478,0
PDice1(obs2),0.16618333123187493,0.13857079966414132,0.010766857526344984,0
PDice1(obs3),0.16678224687933427,0.1389703096101076,0.010782367181979413,0
PDice1(obs4),0.16548984995586938,0.13810731291907088,0.010748836140900369,0
PDice1(obs5),0.16454419367040726,0.13747373542982927,0.010724152259087393,0
PDice1(obs6),0.1683268188122557,0.13999731385879502,0.010822135221478388,0
