Property,ObtainedValue,Variance,CI,Problems
PDice1(obs1),0.16666666666666666,0.13889445624724417,0.012155467416440968,0
PDice1(obs2),0.16766875100208434,0.13956153503660887,0.012184622438199377,0
PDice1(obs3),0.16602533269199937,0.13846647179980515,0.012136725254523485,0
PDice1(obs4),0.16410133076799743,0.13717758254843543,0.012080106972937814,0
PDice1(obs5),0.16630591630591632,0.13865381622025708,0.012144932942482372,0
PDice1(obs6),0.1692320025653359,0.14059816752191254,0.012229791069782905,0
