Property,ObtainedValue,Variance,CI,Problems
PDice1(obs1),0.16944444444444445,0.1407441948655537,0.01721777579174785,0
PDice1(obs2),0.16714285714285715,0.1392171714308392,0.01712411775069787,0
PDice1(obs3),0.1638888888888889,0.1370401971937808,0.016989703124028765,0
PDice1(obs4),0.16555555555555557,0.13815787849123828,0.017058845291182925,0
PDice1(obs5),0.16753968253968254,0.13948120725126836,0.017140348646208444,0
PDice1(obs6),0.16642857142857143,0.13874111324027982,0.01709481440596972,0
