Property,ObtainedValue,Variance,CI,Problems
PDice1(obs1),0.16927710843373495,0.1406264030274113,0.010347056440802202,0
PDice1(obs2),0.16589213998852553,0.13837590735380695,0.010263928657289454,0
PDice1(obs3),0.16606425702811245,0.13849089233954667,0.010268192234093027,0
PDice1(obs4),0.16471600688468158,0.1375885908508035,0.010234687700766434,0
PDice1(obs5),0.1663511187607573,0.13868240231522327,0.010275289386327506,0
PDice1(obs6),0.16769936890418818,0.13958029459784033,0.010308499143118634,0
