Property,ObtainedValue,Variance,CI,Problems
PDice1(obs1),0.17159383033419023,0.14216243973054804,0.018611684973152784,0
PDice1(obs2),0.16939037825927286,0.14071019668640541,0.018516378252192853,0
PDice1(obs3),0.1622291590157914,0.1359233381708839,0.018198696187952813,0
PDice1(obs4),0.16305545354388543,0.1364809029938536,0.0182359840018288,0
PDice1(obs5),0.16654425266250458,0.13882000970252656,0.01839159073642139,0
PDice1(obs6),0.1671869261843555,0.13924824234857117,0.01841993612785768,0
