Property,ObtainedValue,Variance,CI,Problems
PDice1(obs1),0.1746169055857637,0.1441436549755674,0.02174287170143573,0
PDice1(obs2),0.17189817103311913,0.1423667833509988,0.0216084429837698,0
PDice1(obs3),0.16374196737518537,0.13694745930390304,0.02119318005858323,0
PDice1(obs4),0.15954028670291645,0.13410375600871768,0.020971988413972527,0
PDice1(obs5),0.1615175481957489,0.1354463681260853,0.021076710017009132,0
PDice1(obs6),0.16868512110726644,0.14024778268305296,0.021447029052475565,0
