Property,ObtainedValue,Variance,CI,Problems
PDice1(obs1),0.1671447695544081,0.13921405142901214,0.013290744062248642,0
PDice1(obs2),0.16747944157582711,0.13943674473630782,0.013301370062370409,0
PDice1(obs3),0.16652323580034423,0.13879988380145356,0.013270959076169951,0
PDice1(obs4),0.16331994645247658,0.13665307496621276,0.013167928598919226,0
PDice1(obs5),0.16657104608911838,0.13883177028092333,0.013272483356493416,0
PDice1(obs6),0.1689615605278256,0.1404202651252529,0.013348198396022977,0
