Property,ObtainedValue,Variance,CI,Problems
PDice1(obs1),0.1700328407224959,0.14113326109399058,0.01753630617492207,0
PDice1(obs2),0.16789819376026272,0.13971986154530444,0.01744827527775097,0
PDice1(obs3),0.16272577996715928,0.1362572874706536,0.017230715057142295,0
PDice1(obs4),0.16461412151067323,0.13752760377462026,0.01731084904115685,0
PDice1(obs5),0.1680623973727422,0.13982890816799382,0.01745508284387328,0
PDice1(obs6),0.16666666666666666,0.1389002928538194,0.01739702597063291,0
