Property,ObtainedValue,Variance,CI,Problems
PDice1(obs1),0.1687809003382774,0.14029847146162308,0.011005083935217425,0
PDice1(obs2),0.16572339318240958,0.1382636473908084,0.01092498612810591,0
PDice1(obs3),0.16715456674473067,0.13921844587381937,0.010962643219616859,0
PDice1(obs4),0.16539812646370022,0.13804607640542838,0.01091638699206553,0
PDice1(obs5),0.16465001301066876,0.13754486010278746,0.010896551417067399,0
PDice1(obs6),0.16829300026021338,0.13997501924515032,0.01099239073635217,0
