Property,ObtainedValue,Variance,CI,Problems
PDice1(obs1),0.17019969278033795,0.1412426054841978,0.01696775728899594,0
PDice1(obs2),0.16697388632872504,0.13910429150636391,0.01683882747926676,0
PDice1(obs3),0.16351766513056837,0.13679014447630541,0.016698174193440496,0
PDice1(obs4),0.16536098310291858,0.13802732954753946,0.016773516720822702,0
PDice1(obs5),0.1674347158218126,0.13941103921256998,0.016857383439031766,0
PDice1(obs6),0.16651305683563747,0.13879711903989078,0.0168202253113208,0
