Property,ObtainedValue,Variance,CI,Problems
PDice1(obs1),0.16109422492401215,0.1352456458677638,0.05222527995594697,0
PDice1(obs2),0.17325227963525835,0.14334485189594,0.05376630368747289,0
PDice1(obs3),0.16869300911854104,0.14034232089405618,0.053200223617448354,0
PDice1(obs4),0.17477203647416414,0.14433644989425265,0.053951949262284665,0
PDice1(obs5),0.16033434650455927,0.13472962196770952,0.052125553093081534,0
PDice1(obs6),0.16185410334346503,0.1357605140591954,0.052324594032649746,0
