Property,ObtainedValue,Variance,CI,Problems
PDice1(obs1),0.15714285714285714,0.13258426966292136,0.05992113593019482,0
PDice1(obs2),0.16020408163265307,0.1346761585124346,0.06039199792757878,0
PDice1(obs3),0.1683673469387755,0.140162806695712,0.06160988953661721,0
PDice1(obs4),0.1826530612244898,0.14944341372912803,0.06361688897167386,0
PDice1(obs5),0.16224489795918368,0.13606032811490276,0.06070155189299493,0
PDice1(obs6),0.16938775510204082,0.14083925705113506,0.06175838067226937,0
