Property,ObtainedValue,Variance,CI,Problems
PDice1(obs1),0.16783523225241018,0.1396971755631501,0.028501523174024337,0
PDice1(obs2),0.17418930762489046,0.14387891747495335,0.028924964736792635,0
PDice1(obs3),0.16345311130587203,0.1367661580025903,0.028200939760730636,0
PDice1(obs4),0.16476774758983348,0.13764949678116267,0.028291864628222096,0
PDice1(obs5),0.16104294478527606,0.13513772421275963,0.028032546926019624,0
PDice1(obs6),0.1687116564417178,0.14027876934908554,0.028560790985655157,0
