Property,ObtainedValue,Variance,CI,Problems
PDice1(obs1),0.1667782738095238,0.13896845115189943,0.01171360437313195,0
PDice1(obs2),0.1667782738095238,0.13896845115189943,0.01171360437313195,0
PDice1(obs3),0.1671875,0.13924101994121807,0.01172508611204744,0
PDice1(obs4),0.16428571428571428,0.1373010262924322,0.011643118961278611,0
PDice1(obs5),0.16584821428571428,0.13834773096894548,0.011687414947264078,0
PDice1(obs6),0.16912202380952382,0.14052499273640778,0.011779021888366851,0
