Property,ObtainedValue,Variance,CI,Problems
PDice1(obs1),0.17377232142857144,0.1435915275740277,0.020623267657078934,0
PDice1(obs2),0.16975446428571428,0.14095361757131694,0.020432955240921192,0
PDice1(obs3),0.16261160714285713,0.13618427150271875,0.02008429290455269,0
PDice1(obs4),0.16238839285714285,0.13603358504217625,0.020073178299984673,0
PDice1(obs5),0.16372767857142856,0.13693620890006858,0.02013966398973805,0
PDice1(obs6),0.16774553571428572,0.1396225538365251,0.020336249389459587,0
