Property,ObtainedValue,Variance,CI,Problems
PDice1(obs1),0.16474654377880185,0.13764476432109635,0.03243672995840486,0
PDice1(obs2),0.17482718894009217,0.14430420521848575,0.03321212857823529,0
PDice1(obs3),0.16676267281105991,0.1389929162899442,0.03259519252701962,0
PDice1(obs4),0.16589861751152074,0.13841613261693,0.032527491524390884,0
PDice1(obs5),0.15841013824884792,0.1333547749821762,0.031927249229868886,0
PDice1(obs6),0.1693548387096774,0.14071430562912984,0.032796412712216894,0
