Property,ObtainedValue,Variance,CI,Problems
PDice1(obs1),0.17177326694752967,0.14228083492254445,0.019014584779144326,0
PDice1(obs2),0.1700497893527384,0.14114637308336075,0.018938627633189143,0
PDice1(obs3),0.16353887399463807,0.13680700978810287,0.01864523317425019,0
PDice1(obs4),0.1618153963998468,0.1356441616474441,0.018565822607095293,0
PDice1(obs5),0.16574109536576023,0.13828422521515552,0.018745626691355537,0
PDice1(obs6),0.16708157793948678,0.13917865043527677,0.018806152528500226,0
