Property,ObtainedValue,Variance,CI,Problems
PDice1(obs1),0.1672171758876961,0.1392613418248,0.012353081125745914,0
PDice1(obs2),0.1671758876961189,0.13923385898337728,0.012351862142370478,0
PDice1(obs3),0.16659785301403798,0.13884874119857785,0.012334767824352435,0
PDice1(obs4),0.1639554087530966,0.13707969246630552,0.012255938317750676,0
PDice1(obs5),0.16560693641618496,0.13818698451772088,0.01230533880685309,0
PDice1(obs6),0.1694467382328654,0.14074035204972626,0.012418505167414723,0
