Property,ObtainedValue,Variance,CI,Problems
PDice1(obs1),0.16788810900082576,0.13970890226685492,0.013833340038140077,0
PDice1(obs2),0.1657720891824938,0.13829884126688155,0.013763354087593015,0
PDice1(obs3),0.1657204789430223,0.13826433765749446,0.013761637099178868,0
PDice1(obs4),0.16381090008257637,0.13698395887163367,0.013697769978230532,0
PDice1(obs5),0.16773327828241122,0.13960603073972458,0.013828246164924238,0
PDice1(obs6),0.16907514450867053,0.14049599104978555,0.013872252284995874,0
