Property,ObtainedValue,Variance,CI,Problems
PDice1(obs1),0.16466498103666244,0.13759391238694244,0.03397257355952093,0
PDice1(obs2),0.179519595448799,0.14733887757985525,0.03515503352099135,0
PDice1(obs3),0.16624525916561314,0.1386515945870653,0.03410289690494924,0
PDice1(obs4),0.168141592920354,0.13991421832639003,0.03425782315091805,0
PDice1(obs5),0.15328697850821746,0.12983111458220503,0.033000326030804654,0
PDice1(obs6),0.168141592920354,0.13991421832639003,0.03425782315091805,0
