Property,ObtainedValue,Variance,CI,Problems
PDice1(obs1),0.16707768187422933,0.13916885872062246,0.012753478822280786,0
PDice1(obs2),0.1671657565615642,0.139227497603924,0.012756165382345579,0
PDice1(obs3),0.16654923375022018,0.13881669960614204,0.012737332614473096,0
PDice1(obs4),0.16373084375550467,0.13692908455176966,0.012650435737126708,0
PDice1(obs5),0.16654923375022018,0.13881669960614204,0.012737332614473096,0
PDice1(obs6),0.16892725030826142,0.14039701712324434,0.0128096296272095,0
