Property,ObtainedValue,Variance,CI,Problems
PDice1(obs1),0.1683430746228082,0.14000844151013042,0.011236830043252329,0
PDice1(obs2),0.1656585564768248,0.13822049604701395,0.011164850835129614,0
PDice1(obs3),0.16786733722984912,0.13969264125070666,0.011224150103747105,0
PDice1(obs4),0.1650468941144488,0.13781109985000586,0.011148303950874282,0
PDice1(obs5),0.16460513796384396,0.13751495944891223,0.011136319289505578,0
PDice1(obs6),0.1684789995922251,0.14009858701266686,0.011240446920505819,0
