Property,ObtainedValue,Variance,CI,Problems
PDice1(obs1),0.1682431492558075,0.13994225852548786,0.011364681714056732,0
PDice1(obs2),0.1659132007233273,0.13839082313855,0.011301510269850542,0
PDice1(obs3),0.16702601196272082,0.1391331616951157,0.011331780797070855,0
PDice1(obs4),0.16500904159132007,0.1377858493357394,0.011276781006878976,0
PDice1(obs5),0.16493949088885798,0.13773924516481123,0.011274873737448874,0
PDice1(obs6),0.16886910557796633,0.14035721173059973,0.011381518374135712,0
