Property,ObtainedValue,Variance,CI,Problems
PDice1(obs1),0.16671668667466988,0.13892744492282,0.011760982658829472,0
PDice1(obs2),0.16720438175270108,0.13925230052628818,0.011774725048888778,0
PDice1(obs3),0.16694177671068428,0.1390774373902628,0.011767329795374757,0
PDice1(obs4),0.1639780912364946,0.137094419928917,0.01168313713854978,0
PDice1(obs5),0.16574129651860744,0.13827630658340995,0.011733389043672982,0
PDice1(obs6),0.16941776710684273,0.1407206664320202,0.011836642393506205,0
