Property,ObtainedValue,Variance,CI,Problems
PDice1(obs1),0.15890269151138717,0.13372184034490117,0.04285926181064953,0
PDice1(obs2),0.17287784679089027,0.14306514716304644,0.04433129695279588,0
PDice1(obs3),0.16304347826086957,0.13653097066174316,0.04330710003465301,0
PDice1(obs4),0.17287784679089027,0.14306514716304644,0.04433129695279588,0
PDice1(obs5),0.15993788819875776,0.13442733948554317,0.042972173042297175,0
PDice1(obs6),0.17236024844720496,0.1427260679788093,0.04427873090992128,0
