Property,ObtainedValue,Variance,CI,Problems
PDice1(obs1),0.1679035250463822,0.13971691622834143,0.011502057029550417,0
PDice1(obs2),0.1661909519052376,0.1385764636252686,0.011455017525105577,0
PDice1(obs3),0.16683316683316685,0.13900482077597,0.01147270830922801,0
PDice1(obs4),0.16462109319252177,0.13752589560101705,0.011411513851850616,0
PDice1(obs5),0.16508491508491507,0.13783680372148635,0.011424405712496958,0
PDice1(obs6),0.1693663479377765,0.14068640761905932,0.011541894251942235,0
