Property,ObtainedValue,Variance,CI,Problems
PDice1(obs1),0.1732753938077132,0.14327048723364905,0.022723150988803526,0
PDice1(obs2),0.17409016838674635,0.1438023094021718,0.022765286259683146,0
PDice1(obs3),0.1648560564910375,0.13769723583048762,0.02227679951967087,0
PDice1(obs4),0.1584736556219446,0.13337786824517053,0.02192461981869012,0
PDice1(obs5),0.16118957088538838,0.13522585622151895,0.02207598322172878,0
PDice1(obs6),0.16811515480717001,0.13987144348074473,0.022451983467244706,0
