Property,ObtainedValue,Variance,CI,Problems
PDice1(obs1),0.16842456608811748,0.14006708189863673,0.01575285258762117,0
PDice1(obs2),0.16595460614152202,0.13842291535697818,0.015660122841941227,0
PDice1(obs3),0.16455273698264353,0.13748431159208116,0.01560693926381863,0
PDice1(obs4),0.1658878504672897,0.1383783090719531,0.015657599429593733,0
PDice1(obs5),0.16829105473965286,0.1399785199947483,0.015747871677073685,0
PDice1(obs6),0.16688918558077437,0.13904646745764498,0.015695355195660704,0
