Property,ObtainedValue,Variance,CI,Problems
PDice1(obs1),0.1678743961352657,0.1396974037338049,0.01131076689642912,0
PDice1(obs2),0.16594202898550725,0.13841004805578852,0.011258530129430663,0
PDice1(obs3),0.16735679779158041,0.13935330862731063,0.011296828272588088,0
PDice1(obs4),0.16490683229813666,0.13771732111001778,0.01123032094162857,0
PDice1(obs5),0.164975845410628,0.13776356958803918,0.011232206476611224,0
PDice1(obs6),0.168944099378882,0.14040683562031103,0.011339450525570272,0
