Property,ObtainedValue,Variance,CI,Problems
PDice1(obs1),0.16853680430879714,0.14013664261321065,0.010919463938767466,0
PDice1(obs2),0.16606822262118492,0.1384940081056158,0.010855278154731373,0
PDice1(obs3),0.1669017696845345,0.1390500268353792,0.010877046938051867,0
PDice1(obs4),0.16565144908951013,0.1382154776234972,0.010844356932898688,0
PDice1(obs5),0.16452936650423186,0.13746386108493738,0.01081483090074024,0
PDice1(obs6),0.16831238779174149,0.13998781584730716,0.010913664098791798,0
