Property,ObtainedValue,Variance,CI,Problems
PDice1(obs1),0.1686182669789227,0.1401936088896989,0.014072488657087857,0
PDice1(obs2),0.16569086651053863,0.13824476140696723,0.013974334709241408,0
PDice1(obs3),0.16590376836278475,0.1383870737218928,0.013981525608761286,0
PDice1(obs4),0.16382797530338514,0.13699566146889766,0.013911059440503288,0
PDice1(obs5),0.16744730679156908,0.13941612672772255,0.014033412980128331,0
PDice1(obs6),0.16851181605279966,0.140123042017184,0.01406894649665622,0
