Property,ObtainedValue,Variance,CI,Problems
PDice1(obs1),0.16874595992243052,0.1402752947168619,0.010969264671657151,0
PDice1(obs2),0.1660956690368455,0.13851237456994897,0.010900118211189717,0
PDice1(obs3),0.16687136393018745,0.13902980535985138,0.010920458629580415,0
PDice1(obs4),0.1656755009696186,0.13823159707908253,0.010889064829105156,0
PDice1(obs5),0.1645119586296057,0.13745221663839513,0.010858323954093408,0
PDice1(obs6),0.16809954751131223,0.13984660956700815,0.010952490659472321,0
