Property,ObtainedValue,Variance,CI,Problems
PDice1(obs1),0.16812953995157384,0.139869053288675,0.013683974253950694,0
PDice1(obs2),0.16661622276029056,0.13886226182831862,0.013634635999273816,0
PDice1(obs3),0.16545601291364004,0.13808728636650663,0.013596536042841252,0
PDice1(obs4),0.16353914447134787,0.1368009934734344,0.013533061529492135,0
PDice1(obs5),0.16747376916868442,0.1394333393714356,0.013662643771960928,0
PDice1(obs6),0.1687853107344633,0.1403039070918875,0.013705229528886385,0
