Property,ObtainedValue,Variance,CI,Problems
PDice1(obs1),0.1717687074829932,0.14228621710010741,0.02416259008386126,0
PDice1(obs2),0.17702535559678417,0.14570990688753396,0.024451562128071015,0
PDice1(obs3),0.16419294990723562,0.13725484570875457,0.02373153950733479,0
PDice1(obs4),0.15893630179344465,0.13369622417756902,0.023421874021145567,0
PDice1(obs5),0.1614100185528757,0.13537775485245057,0.023568705149299134,0
PDice1(obs6),0.16666666666666666,0.13891036544508015,0.023874231269303124,0
