Property,ObtainedValue,Variance,CI,Problems
PDice1(obs1),0.17308773903262092,0.1431485013712338,0.023112376531316595,0
PDice1(obs2),0.17379077615298089,0.14360773459076298,0.023149420132781567,0
PDice1(obs3),0.16493250843644544,0.1377491446497046,0.022672304026511898,0
PDice1(obs4),0.15874578177727783,0.1335643386828088,0.022325256656599103,0
PDice1(obs5),0.16183914510686165,0.13566631190859263,0.022500243115239547,0
PDice1(obs6),0.16760404949381327,0.13953255139971515,0.022818598612533717,0
