Property,ObtainedValue,Variance,CI,Problems
PDice1(obs1),0.16928818159388107,0.14063403051016832,0.010728993734991457,0
PDice1(obs2),0.16586479151245992,0.13835792959460846,0.010641817508790601,0
PDice1(obs3),0.16679003207500617,0.13897540346477397,0.010665537613384946,0
PDice1(obs4),0.1650012336540834,0.13778007587054417,0.010619571410873593,0
PDice1(obs5),0.16481618554157415,0.13765605602399,0.010614790842573217,0
PDice1(obs6),0.16823957562299532,0.13993933673554454,0.010702461777076745,0
