Property,ObtainedValue,Variance,CI,Problems
PDice1(obs1),0.16908307210031348,0.14049791926111924,0.010215924358405284,0
PDice1(obs2),0.16564039408866996,0.13820752226000646,0.010132312200272388,0
PDice1(obs3),0.16622816838334079,0.13860024373642732,0.010146697646913441,0
PDice1(obs4),0.16468875951634573,0.1375702224929555,0.01010892424975398,0
PDice1(obs5),0.16650806090461262,0.13878701110304417,0.01015353181243727,0
PDice1(obs6),0.16785154500671742,0.13968131342107415,0.010186192456146553,0
