Property,ObtainedValue,Variance,CI,Problems
PDice1(obs1),0.16995073891625614,0.141077705317863,0.016469248914471706,0
PDice1(obs2),0.16509707331208345,0.13785001593289586,0.0162797604544161,0
PDice1(obs3),0.162996232975949,0.1364383449832728,0.016196188448173898,0
PDice1(obs4),0.16669081425673718,0.13891505009021574,0.016342528456723366,0
PDice1(obs5),0.16835699797160245,0.14002306286415966,0.016407574561848128,0
PDice1(obs6),0.16690814256737177,0.13905988839562236,0.016351045919228244,0
