Property,ObtainedValue,Variance,CI,Problems
PDice1(obs1),0.1693508728792722,0.14067547842124514,0.010712089583442032,0
PDice1(obs2),0.16566265060240964,0.13822278510075342,0.010618295695304073,0
PDice1(obs3),0.16679985247110893,0.13898193332224656,0.01064741470993323,0
PDice1(obs4),0.16514015244652078,0.1378731200524003,0.010604856529083346,0
PDice1(obs5),0.16498647651831816,0.13777017347624615,0.01060089659280692,0
PDice1(obs6),0.1680599950823703,0.13982013053295217,0.01067947361662692,0
