Property,ObtainedValue,Variance,CI,Problems
PDice1(obs1),0.16811224489795917,0.13985765360789962,0.013761385420212748,0
PDice1(obs2),0.16612244897959183,0.138532848927111,0.013696052823873806,0
PDice1(obs3),0.16566326530612244,0.13822600018118375,0.013680876111512365,0
PDice1(obs4),0.16357142857142856,0.13682279708148376,0.013611258180069936,0
PDice1(obs5),0.16739795918367348,0.1393829938220505,0.013738013342621917,0
PDice1(obs6),0.1691326530612245,0.1405339688301465,0.01379461853160433,0
