Property,ObtainedValue,Variance,CI,Problems
PDice1(obs1),0.16887204522096608,0.1403632937055361,0.015468829018422269,0
PDice1(obs2),0.16578879753340184,0.13831175650840175,0.015355367403729286,0
PDice1(obs3),0.16463257965056527,0.13753752799868962,0.01531232967714797,0
PDice1(obs4),0.16533915724563206,0.1380109853696758,0.015338662515447962,0
PDice1(obs5),0.16790853031860226,0.1397242308567594,0.015433574674496246,0
PDice1(obs6),0.16745889003083247,0.13942536607500608,0.01541705992591649,0
