Property,ObtainedValue,Variance,CI,Problems
PDice1(obs1),0.16947903014416776,0.14075973185962787,0.010099582078282964,0
PDice1(obs2),0.1651273363209094,0.1378640663099534,0.009998982487105783,0
PDice1(obs3),0.16622979467016163,0.1386012344714539,0.010021846274040395,0
PDice1(obs4),0.16489827171297308,0.13771059757625106,0.00999724079076279,0
PDice1(obs5),0.16628440366972477,0.1386376861986013,0.010023164045816881,0
PDice1(obs6),0.16792267365661862,0.139728464544461,0.010062517088719115,0
