Property,ObtainedValue,Variance,CI,Problems
PDice1(obs1),0.16979202182066144,0.14097470740203244,0.01785795190639366,0
PDice1(obs2),0.16783157176951927,0.13967604084782342,0.017775507391617037,0
PDice1(obs3),0.16305830207978178,0.13648192550689434,0.017571086574589022,0
PDice1(obs4),0.16467780429594273,0.13757075118065284,0.017641036657849885,0
PDice1(obs5),0.16689396522332084,0.1390522219838665,0.017735768630678776,0
PDice1(obs6),0.16774633481077394,0.1396194027015938,0.01777190307314499,0
