Property,ObtainedValue,Variance,CI,Problems
PDice1(obs1),0.16870930677901189,0.14025095286987788,0.010899483708647371,0
PDice1(obs2),0.1659964253798034,0.13844603081930493,0.010829122610026418,0
PDice1(obs3),0.1669219966807098,0.13906348208993927,0.010853243983799358,0
PDice1(obs4),0.16558151410698327,0.13816868611959307,0.010818270347220965,0
PDice1(obs5),0.16459211030256607,0.1375059362027917,0.010792293309799205,0
PDice1(obs6),0.16819864675092558,0.1399123274591498,0.01088631776367188,0
