Property,ObtainedValue,Variance,CI,Problems
PDice1(obs1),0.16904948062102088,0.14047567630952332,0.010203128426930552,0
PDice1(obs2),0.1656428012956551,0.13820912297099142,0.010120480743758827,0
PDice1(obs3),0.16625712051826202,0.13861956115255836,0.010135496946368488,0
PDice1(obs4),0.16477716966379985,0.1376294971325547,0.010099236648969315,0
PDice1(obs5),0.16639673852339998,0.1387127372913088,0.010138902770978628,0
PDice1(obs6),0.16787668937786218,0.1396980074128143,0.010174847133548376,0
