Property,ObtainedValue,Variance,CI,Problems
PDice1(obs1),0.16879995004995005,0.14031090724860043,0.010782035656861689,0
PDice1(obs2),0.16595904095904096,0.13842095901663196,0.010709173983262656,0
PDice1(obs3),0.16667707292707293,0.138900162581323,0.010727695168599071,0
PDice1(obs4),0.16517857142857142,0.13789891600547682,0.010688960532198494,0
PDice1(obs5),0.1648976023976024,0.13771068228078623,0.010681662759342913,0
PDice1(obs6),0.16848776223776224,0.14010401009031243,0.010774083333190645,0
