Property,ObtainedValue,Variance,CI,Problems
PDice1(obs1),0.16691995947315097,0.13906355723574793,0.012482154253604242,0
PDice1(obs2),0.16713103681188787,0.13920412991352793,0.01248846146551476,0
PDice1(obs3),0.16679331306990883,0.13897917085577702,0.012478366476003432,0
PDice1(obs4),0.1636271529888551,0.13685908536392102,0.012382823841587393,0
PDice1(obs5),0.1663289429246876,0.13866947966719007,0.012464455775091142,0
PDice1(obs6),0.1691995947315096,0.1405770263991265,0.012549893903417556,0
