Property,ObtainedValue,Variance,CI,Problems
PDice1(obs1),0.16866481574962142,0.1402214196246261,0.010835576583469815,0
PDice1(obs2),0.1661723876829884,0.13856349689457959,0.010771328316488993,0
PDice1(obs3),0.16680338213023727,0.13898439875934487,0.010787675459182081,0
PDice1(obs4),0.16541519434628976,0.1380573634971574,0.01075163800613174,0
PDice1(obs5),0.16459490156486623,0.1375077582753145,0.010730215573264559,0
PDice1(obs6),0.16834931852599697,0.14001224282521788,0.010827491523588762,0
