Property,ObtainedValue,Variance,CI,Problems
PDice1(obs1),0.1710261569416499,0.14179998657043721,0.02511981014627181,0
PDice1(obs2),0.17806841046277666,0.14638459635896883,0.025522660738049114,0
PDice1(obs3),0.16213950368879945,0.13587306723678197,0.024589231037547208,0
PDice1(obs4),0.1597920858484239,0.13428109042201108,0.02444475492222263,0
PDice1(obs5),0.16012743125419182,0.1345091905336654,0.02446550797623391,0
PDice1(obs6),0.16884641180415827,0.14036083570572072,0.024992012563593093,0
