Property,ObtainedValue,Variance,CI,Problems
PDice1(obs1),0.17429496070272768,0.14393286316729703,0.02101206822072969,0
PDice1(obs2),0.17071197411003236,0.14158576051779936,0.020840042908971686,0
PDice1(obs3),0.16296809986130376,0.13642526635019786,0.020456730560939506,0
PDice1(obs4),0.16146555709662505,0.13541008169414112,0.02038047585345245,0
PDice1(obs5),0.1621590383726306,0.1358791895923245,0.020415747880585686,0
PDice1(obs6),0.16840036985668053,0.14005787320758484,0.02072729285092485,0
