Property,ObtainedValue,Variance,CI,Problems
PDice1(obs1),0.17463054187192117,0.1441524684844951,0.02170601518383519,0
PDice1(obs2),0.17192118226600986,0.14238182406166403,0.021572294315314933,0
PDice1(obs3),0.16366995073891627,0.13689895744155442,0.021152861752056957,0
PDice1(obs4),0.15960591133004925,0.1341483851356394,0.020939281968212393,0
PDice1(obs5),0.16145320197044336,0.13540274075831368,0.021036950654047593,0
PDice1(obs6),0.1687192118226601,0.1402703140538189,0.021411739217659428,0
