Property,ObtainedValue,Variance,CI,Problems
PDice1(obs1),0.16932325100641932,0.14065671361110466,0.010076644325287765,0
PDice1(obs2),0.1651273363209094,0.1378640663099534,0.009998982487105783,0
PDice1(obs3),0.16633119355891632,0.1386688994746682,0.01000518747939586,0
PDice1(obs4),0.16489827171297308,0.13771059757625106,0.00999724079076279,0
PDice1(obs5),0.16616799042541616,0.13855995828662332,0.01000125656490795,0
PDice1(obs6),0.1680992275051681,0.13984568109289397,0.010047551149342564,0
