Property,ObtainedValue,Variance,CI,Problems
PDice1(obs1),0.1689538807649044,0.14041636437269964,0.014477382839508855,0
PDice1(obs2),0.165748031496063,0.13828339902025436,0.014367004239906944,0
PDice1(obs3),0.1654105736782902,0.13805768056764434,0.014355273900595225,0
PDice1(obs4),0.1640607424071991,0.13715252907352496,0.014308137568128147,0
PDice1(obs5),0.1674915635545557,0.13944598254876728,0.014427271354934176,0
PDice1(obs6),0.16833520809898764,0.14000634018559707,0.014456229974170487,0
