Property,ObtainedValue,Variance,CI,Problems
PDice1(obs1),0.1693029193029193,0.14064334367511833,0.010177435941473753,0
PDice1(obs2),0.16566766566766566,0.13822572598762414,0.010089583199885196,0
PDice1(obs3),0.16633366633366634,0.1386706258913835,0.010105807561716154,0
PDice1(obs4),0.16455766455766455,0.13748225472937559,0.010062412320276869,0
PDice1(obs5),0.16627816627816627,0.1386335847831616,0.010104457761389383,0
PDice1(obs6),0.16785991785991786,0.13968684214972546,0.010142769029731291,0
