Property,ObtainedValue,Variance,CI,Problems
PDice1(obs1),0.16181657848324515,0.135691802248191,0.0398476170959309,0
PDice1(obs2),0.17680776014109348,0.1456109784664409,0.04127837672018118,0
PDice1(obs3),0.16358024691358025,0.136882103394381,0.040022008992496076,0
PDice1(obs4),0.17239858906525574,0.14274025217268857,0.040869448751066094,0
PDice1(obs5),0.15388007054673722,0.13025842760440615,0.03904167715136747,0
PDice1(obs6),0.1715167548500882,0.142161439066306,0.04078650157229391,0
