Property,ObtainedValue,Variance,CI,Problems
PDice1(obs1),0.1712047743379336,0.14190693223123696,0.01874003848098234,0
PDice1(obs2),0.16999254009697873,0.14110823458017419,0.018687226597153505,0
PDice1(obs3),0.1623461395001865,0.136002552562732,0.018346034350782848,0
PDice1(obs4),0.16299888101454682,0.13644296894400562,0.018375715276644878,0
PDice1(obs5),0.16616933979858262,0.13857001179510636,0.018518393129441306,0
PDice1(obs6),0.16728832525177173,0.13931593252805388,0.018568168379935437,0
