Property,ObtainedValue,Variance,CI,Problems
PDice1(obs1),0.16788715486194478,0.13970944401531546,0.014918407260989664,0
PDice1(obs2),0.16686674669867949,0.13903058071779045,0.014882118046878208,0
PDice1(obs3),0.16554621848739495,0.13814896028643764,0.014834857777933043,0
PDice1(obs4),0.164765906362545,0.13762636334922948,0.014806772163303165,0
PDice1(obs5),0.16710684273709484,0.13919050061948063,0.01489067466389251,0
PDice1(obs6),0.16782713085234094,0.13966956852973497,0.014916278123653835,0
