Property,ObtainedValue,Variance,CI,Problems
PDice1(obs1),0.16669172932330828,0.1389108189097504,0.011772651627831435,0
PDice1(obs2),0.16710526315789473,0.13918632675150036,0.011784320449732287,0
PDice1(obs3),0.1668796992481203,0.13903609214773466,0.011777958866850171,0
PDice1(obs4),0.16406015037593985,0.13714957343356513,0.011697781028612391,0
PDice1(obs5),0.16582706766917293,0.13833365181064244,0.011748168797989653,0
PDice1(obs6),0.1694360902255639,0.14073279226111446,0.011849605970578467,0
