Property,ObtainedValue,Variance,CI,Problems
PDice1(obs1),0.16854185418541853,0.14014000252373585,0.010934327828568149,0
PDice1(obs2),0.16603446058891602,0.13847146979966724,0.01086903985179997,0
PDice1(obs3),0.16687025845441686,0.13902904453541395,0.010890900721841758,0
PDice1(obs4),0.16555226951266555,0.13814915652456916,0.010856382815694968,0
PDice1(obs5),0.16468432557541468,0.1375678207502218,0.010833516743583389,0
PDice1(obs6),0.16831683168316833,0.13999077600883822,0.010928504629592899,0
