Property,ObtainedValue,Variance,CI,Problems
PDice1(obs1),0.16353383458646617,0.1368419638792355,0.03695012450291695,0
PDice1(obs2),0.17706766917293232,0.14576951027436963,0.03813639211286745,0
PDice1(obs3),0.16578947368421051,0.138355337384454,0.037153883569266105,0
PDice1(obs4),0.16766917293233083,0.13960870585640484,0.037321793668660425,0
PDice1(obs5),0.15413533834586465,0.1304266684009761,0.036073597677633365,0
PDice1(obs6),0.1718045112781955,0.14234123292435677,0.03768526890581696,0
