Property,ObtainedValue,Variance,CI,Problems
PDice1(obs1),0.16815476190476192,0.1400872010503158,0.07438094090299593,0
PDice1(obs2),0.17113095238095238,0.14205654318359237,0.07490193889034899,0
PDice1(obs3),0.15773809523809523,0.1330547867433113,0.072489931661839,0
PDice1(obs4),0.18154761904761904,0.1488095238095238,0.07666158641514585,0
PDice1(obs5),0.1636904761904762,0.13709992193598752,0.0735836018729942,0
PDice1(obs6),0.15773809523809523,0.1330547867433113,0.072489931661839,0
