Property,ObtainedValue,Variance,CI,Problems
PDice1(obs1),0.17006802721088435,0.1411558051902632,0.017017526816373085,0
PDice1(obs2),0.16705318491032778,0.13915717567907088,0.01689662146467345,0
PDice1(obs3),0.1636518243661101,0.13688048610877038,0.016757832346960478,0
PDice1(obs4),0.1652752009894867,0.13796997450981657,0.016824391425891996,0
PDice1(obs5),0.16736239950525664,0.1393630000054982,0.0169091125586626,0
PDice1(obs6),0.16658936301793445,0.13884808061046397,0.01687784569652801,0
