Property,ObtainedValue,Variance,CI,Problems
PDice1(obs1),0.16753246753246753,0.1394703712536246,0.011555571809820796,0
PDice1(obs2),0.16623376623376623,0.1386051013815363,0.011519670835899278,0
PDice1(obs3),0.16673881673881674,0.13894199606887656,0.01153366224199133,0
PDice1(obs4),0.16461038961038962,0.13751877023730266,0.011474438756008152,0
PDice1(obs5),0.16525974025974027,0.13795393520221255,0.011492579297054481,0
PDice1(obs6),0.16962481962481962,0.1408573216250261,0.011612886336885645,0
