Property,ObtainedValue,Variance,CI,Problems
PDice1(obs1),0.1709647495361781,0.14174895320575412,0.018680892660248805,0
PDice1(obs2),0.16985157699443415,0.1410150999650423,0.01863247317368221,0
PDice1(obs3),0.16224489795918368,0.13593410088778066,0.01829371480763702,0
PDice1(obs4),0.16335807050092765,0.13668489079208335,0.018344165075828818,0
PDice1(obs5),0.1663265306122449,0.13867487991578484,0.018477218479682603,0
PDice1(obs6),0.16725417439703155,0.13929313698507764,0.018518361355235245,0
