Property,ObtainedValue,Variance,CI,Problems
PDice1(obs1),0.16867670575692964,0.14022954651849626,0.011135005392472608,0
PDice1(obs2),0.1658115671641791,0.13832269965763386,0.011059039140996079,0
PDice1(obs3),0.16774386993603413,0.13961051523811654,0.011110400946761002,0
PDice1(obs4),0.16531183368869937,0.1379884284936423,0.011045668400062892,0
PDice1(obs5),0.16411247334754797,0.1371841398064294,0.011013430590584709,0
PDice1(obs6),0.1683435501066098,0.1400086637118541,0.011126232275103998,0
