Property,ObtainedValue,Variance,CI,Problems
PDice1(obs1),0.16633450255102042,0.13867286327000405,0.012111830826774611,0
PDice1(obs2),0.16768973214285715,0.13957544931139634,0.012151183294492123,0
PDice1(obs3),0.1664142219387755,0.1387260582535023,0.012114153656383285,0
PDice1(obs4),0.1638233418367347,0.1369907149141396,0.012038146405091718,0
PDice1(obs5),0.1664142219387755,0.1387260582535023,0.012114153656383285,0
PDice1(obs6),0.16932397959183673,0.1406589761507505,0.012198257044789712,0
