Property,ObtainedValue,Variance,CI,Problems
PDice1(obs1),0.16689234935680433,0.1390451768497636,0.012496108881631895,0
PDice1(obs2),0.16714624238320921,0.13921426696230899,0.012503704709514804,0
PDice1(obs3),0.16685003385240352,0.13901698262959558,0.01249484189807034,0
PDice1(obs4),0.16376100203114421,0.1369491313164687,0.012401564523112741,0
PDice1(obs5),0.16625761679079215,0.13862188750492904,0.012477073695990003,0
PDice1(obs6),0.16909275558564657,0.14050634119079836,0.012561595333276195,0
