Property,ObtainedValue,Variance,CI,Problems
PDice1(obs1),0.1686115040075436,0.14018992674217112,0.014807786765794416,0
PDice1(obs2),0.16643092880716642,0.13873985130244368,0.014731004420550463,0
PDice1(obs3),0.16560584629891562,0.13818869404727102,0.014701715144914747,0
PDice1(obs4),0.16436822253653938,0.1373594051597567,0.014657535280625236,0
PDice1(obs5),0.1676096181046676,0.13952485684625007,0.014772620469052457,0
PDice1(obs6),0.16737388024516736,0.1393680780399437,0.014764318418682313,0
