Property,ObtainedValue,Variance,CI,Problems
PDice1(obs1),0.15838509316770186,0.13340282905500297,0.05242901077652652,0
PDice1(obs2),0.17158385093167702,0.14225327812284336,0.0541402535490194,0
PDice1(obs3),0.16925465838509315,0.14071677115155376,0.05384706969714628,0
PDice1(obs4),0.17701863354037267,0.1457962327527545,0.054810314607466035,0
PDice1(obs5),0.15993788819875776,0.13446215620128663,0.052636763690005244,0
PDice1(obs6),0.1638198757763975,0.13708935991544688,0.05314850073959748,0
