Property,ObtainedValue,Variance,CI,Problems
PDice1(obs1),0.1743920972644377,0.14399773047078776,0.02199993152397235,0
PDice1(obs2),0.17261904761904762,0.14283980216532466,0.02191129900882028,0
PDice1(obs3),0.16451367781155016,0.13746633724164617,0.021495209684288894,0
PDice1(obs4),0.15932117527862208,0.1339549032931594,0.021218897406984655,0
PDice1(obs5),0.1614741641337386,0.13541740857878193,0.0213344157831362,0
PDice1(obs6),0.16767983789260385,0.13958098728691481,0.021659909531445497,0
