Property,ObtainedValue,Variance,CI,Problems
PDice1(obs1),0.16923251075390536,0.1405968469135884,0.01027604914669768,0
PDice1(obs2),0.16592143989132896,0.13839543223198356,0.010195282411019337,0
PDice1(obs3),0.16623273715191306,0.1386033366908069,0.010202937465729858,0
PDice1(obs4),0.1643649535884084,0.1373530026760584,0.010156813105295476,0
PDice1(obs5),0.16648743491057277,0.13877329617719258,0.010209191120156792,0
PDice1(obs6),0.1677609237038714,0.13962114742559645,0.010240330737412163,0
