Property,ObtainedValue,Variance,CI,Problems
PDice1(obs1),0.16943010870758757,0.1407274101368976,0.010125553179285568,0
PDice1(obs2),0.16536729987921378,0.13802474498387504,0.010027851361948755,0
PDice1(obs3),0.16627319644229713,0.13863022618247473,0.01004982217335918,0
PDice1(obs4),0.16479082024816075,0.13763858418344335,0.010013813750812494,0
PDice1(obs5),0.16610848797628197,0.13852026077512608,0.010045835481343647,0
PDice1(obs6),0.16803008674645878,0.1397998143965994,0.010092127037951294,0
