Property,ObtainedValue,Variance,CI,Problems
PDice1(obs1),0.17350088183421516,0.14341413427328248,0.020482904129162517,0
PDice1(obs2),0.16920194003527336,0.14058814045263537,0.02028009092300315,0
PDice1(obs3),0.16335978835978837,0.13668843497418076,0.01999684314381394,0
PDice1(obs4),0.1632495590828924,0.13661419942655015,0.019991412259293,0
PDice1(obs5),0.16380070546737213,0.13698513412804375,0.020018534190055653,0
PDice1(obs6),0.16688712522045857,0.13905114016274125,0.020168928742277447,0
