Property,ObtainedValue,Variance,CI,Problems
PDice1(obs1),0.17337420042643922,0.1433346881574307,0.022515226253667166,0
PDice1(obs2),0.1732409381663113,0.14324760500916903,0.0225083856392019,0
PDice1(obs3),0.16551172707889125,0.1381360035942979,0.02210314670366802,0
PDice1(obs4),0.15871535181236673,0.1335425850981569,0.02173254322315608,0
PDice1(obs5),0.1619136460554371,0.13571570305779607,0.021908654822752678,0
PDice1(obs6),0.16724413646055436,0.13929209765986994,0.022195447310128437,0
