Property,ObtainedValue,Variance,CI,Problems
PDice1(obs1),0.1672699982341515,0.13929689535520728,0.012775106145023288,0
PDice1(obs2),0.16704926717287658,0.13914995245321773,0.012768366201216573,0
PDice1(obs3),0.16647536641356173,0.13876744484810644,0.012750804721310155,0
PDice1(obs4),0.16365000882924244,0.13687472594013503,0.01266354885182266,0
PDice1(obs5),0.16674024368709164,0.13894406867660833,0.012758916781689495,0
PDice1(obs6),0.1688151156630761,0.1403227671053992,0.012822061891459591,0
