Property,ObtainedValue,Variance,CI,Problems
PDice1(obs1),0.16972369194591416,0.1409217026574647,0.010485010301921937,0
PDice1(obs2),0.16563786008230452,0.13820602188295406,0.010383491311142341,0
PDice1(obs3),0.16634332745443856,0.13867730121212654,0.010401179976762752,0
PDice1(obs4),0.16487360376249266,0.1376943459977124,0.010364252248030002,0
PDice1(obs5),0.16604938271604938,0.13848105579344006,0.010393817897516778,0
PDice1(obs6),0.16737213403880072,0.13936279928225606,0.010426855409430787,0
