Property,ObtainedValue,Variance,CI,Problems
PDice1(obs1),0.16867724867724868,0.1402326541730743,0.01403268414986098,0
PDice1(obs2),0.1655026455026455,0.1381188277087531,0.013926520248927073,0
PDice1(obs3),0.1658201058201058,0.13833111743265722,0.01393721872514263,0
PDice1(obs4),0.16375661375661377,0.13694763111398914,0.013867348672148713,0
PDice1(obs5),0.16767195767195767,0.1395654566981092,0.013999262068732385,0
PDice1(obs6),0.16857142857142857,0.1401625180470622,0.014029174549333513,0
