Property,ObtainedValue,Variance,CI,Problems
PDice1(obs1),0.16667921119975915,0.13890247915382434,0.011778499068845183,0
PDice1(obs2),0.16720608158964323,0.1392534484775588,0.011793370235518059,0
PDice1(obs3),0.16690501279542375,0.13905296256265462,0.011784877604705684,0
PDice1(obs4),0.16408249284961612,0.1371645903871015,0.01170458335417299,0
PDice1(obs5),0.16558783682071354,0.13817370509159838,0.011747559544029427,0
PDice1(obs6),0.16953936474484418,0.14080106739770715,0.011858723058755313,0
