Property,ObtainedValue,Variance,CI,Problems
PDice1(obs1),0.1668815540656696,0.1390380764844202,0.012593151356034176,0
PDice1(obs2),0.166838576585869,0.13900944022407946,0.01259185444751774,0
PDice1(obs3),0.1671394189444731,0.13920981646645222,0.012600926492879395,0
PDice1(obs4),0.16387313047962868,0.13702461655912562,0.012501635874832957,0
PDice1(obs5),0.16623689186866084,0.13860814467924612,0.01257366608860425,0
PDice1(obs6),0.16903042805569882,0.1404651792864115,0.012657615139076626,0
