Property,ObtainedValue,Variance,CI,Problems
PDice1(obs1),0.16710353866317168,0.13918646102946575,0.013149350048632602,0
PDice1(obs2),0.1672907695188167,0.1393110887862074,0.013155235704863278,0
PDice1(obs3),0.16691630780752667,0.13906176315865562,0.013143458443374813,0
PDice1(obs4),0.16359296011982774,0.13683670853256574,0.01303788362234719,0
PDice1(obs5),0.16612057667103539,0.1385310149976359,0.013118352565748765,0
PDice1(obs6),0.1689758472196218,0.14042958346380027,0.01320794021429954,0
