Property,ObtainedValue,Variance,CI,Problems
PDice1(obs1),0.1693727141748864,0.14068949594771327,0.010171205706284126,0
PDice1(obs2),0.16557685913775905,0.13816499098924254,0.010079537557266866,0
PDice1(obs3),0.16629724038568103,0.13864630969508027,0.01009707909247592,0
PDice1(obs4),0.1646071151501718,0.13751542292795516,0.010055815704217628,0
PDice1(obs5),0.16629724038568103,0.13864630969508027,0.01009707909247592,0
PDice1(obs6),0.1678488307658207,0.13967947087142663,0.01013462985075538,0
