Property,ObtainedValue,Variance,CI,Problems
PDice1(obs1),0.1696797825830084,0.14089271598603292,0.010509914420348558,0
PDice1(obs2),0.16560321399031078,0.13818287147707062,0.010408353067353448,0
PDice1(obs3),0.1663121824412147,0.13865653637576325,0.010426176744899537,0
PDice1(obs4),0.16489424553940682,0.13770820127615227,0.010390460889098,0
PDice1(obs5),0.16598723856788372,0.1384395647539825,0.010418016040024874,0
PDice1(obs6),0.16752333687817558,0.13946338827697458,0.010456468061023929,0
