Property,ObtainedValue,Variance,CI,Problems
PDice1(obs1),0.1692679642551108,0.1406206240154547,0.010687032791557373,0
PDice1(obs2),0.16562614763128902,0.1381983562056454,0.010594587941657475,0
PDice1(obs3),0.16660545966458562,0.13885232984195855,0.010619625879801121,0
PDice1(obs4),0.1651058881136002,0.13785015252110566,0.010581232496147931,0
PDice1(obs5),0.16513649161464072,0.13787065007643148,0.010582019152283507,0
PDice1(obs6),0.16825804872077366,0.13995156076918702,0.010661578394820626,0
