Property,ObtainedValue,Variance,CI,Problems
PDice1(obs1),0.17471378795420608,0.14420682535311696,0.021823279720742335,0
PDice1(obs2),0.1723494275759084,0.14266285535872641,0.02170613837286629,0
PDice1(obs3),0.16338974614235938,0.13671054926136678,0.021248492566425466,0
PDice1(obs4),0.1596565455450473,0.13418303074868754,0.02105115406387974,0
PDice1(obs5),0.16164758586361375,0.1355345097651731,0.021156901096168194,0
PDice1(obs6),0.16824290691886512,0.13995464714943304,0.021499124418358204,0
