Property,ObtainedValue,Variance,CI,Problems
PDice1(obs1),0.16721969961578764,0.13926335198321327,0.01270310330263168,0
PDice1(obs2),0.166914076143905,0.13905983875046285,0.012693818035671501,0
PDice1(obs3),0.16687041564792177,0.13903075018092143,0.012692490318324406,0
PDice1(obs4),0.16403248340901153,0.13713181503874355,0.012605512861618961,0
PDice1(obs5),0.16625916870415647,0.1386231098796914,0.012673869370510904,0
PDice1(obs6),0.1687041564792176,0.14024918741493705,0.012747986197490152,0
