Property,ObtainedValue,Variance,CI,Problems
PDice1(obs1),0.16864479930945186,0.1402112952445996,0.014168718289066816,0
PDice1(obs2),0.16567760034527407,0.13823599079253646,0.014068559435018597,0
PDice1(obs3),0.1658933966335779,0.13838024307265973,0.014075897945794533,0
PDice1(obs4),0.16389728096676737,0.1370423555663858,0.01400768839956778,0
PDice1(obs5),0.1672421234354769,0.1392797095953613,0.014121570260026532,0
PDice1(obs6),0.16864479930945186,0.1402112952445996,0.014168718289066816,0
