Property,ObtainedValue,Variance,CI,Problems
PDice1(obs1),0.16719773411223227,0.13924881436264602,0.012788719008721795,0
PDice1(obs2),0.16715347849176845,0.13921935435877808,0.012787366122371342,0
PDice1(obs3),0.16653389980527528,0.13880650298883598,0.012768391744300845,0
PDice1(obs4),0.16348026199327315,0.1367605183534786,0.012673940423801265,0
PDice1(obs5),0.16688794476898566,0.13904251207241225,0.012779242016196903,0
PDice1(obs6),0.16874668082846522,0.14027744660327782,0.012835867288747962,0
