Property,ObtainedValue,Variance,CI,Problems
PDice1(obs1),0.16917142857142858,0.14055647222573706,0.01032377372764755,0
PDice1(obs2),0.1658,0.13831431183748108,0.010241100150070884,0
PDice1(obs3),0.16605714285714285,0.13848612490969128,0.010247458887531428,0
PDice1(obs4),0.16485714285714287,0.13768319911181137,0.01021770893976131,0
PDice1(obs5),0.16637142857142856,0.13869593906764685,0.010255218683719038,0
PDice1(obs6),0.16774285714285714,0.13960917985411828,0.010288925935256514,0
