Property,ObtainedValue,Variance,CI,Problems
PDice1(obs1),0.16970954356846474,0.14091239080965562,0.010528078824055197,0
PDice1(obs2),0.16556016597510373,0.13815409208521504,0.01042452830001504,0
PDice1(obs3),0.16639004149377593,0.13870850668525866,0.010445424257162664,0
PDice1(obs4),0.16481920569057498,0.13765791508802017,0.010405791744419843,0
PDice1(obs5),0.16591582691167753,0.13839186700697795,0.010433495192601285,0
PDice1(obs6),0.16760521636040307,0.13951784289640834,0.010475853408541402,0
