Property,ObtainedValue,Variance,CI,Problems
PDice1(obs1),0.1670598763423365,0.1391565345101096,0.01225667312501886,0
PDice1(obs2),0.16746664497233973,0.13942723925675782,0.012268588941815605,0
PDice1(obs3),0.1664497233973316,0.13874985688720332,0.012238750280844991,0
PDice1(obs4),0.1642124959323137,0.13725233510642515,0.012172524927513651,0
PDice1(obs5),0.16543280182232345,0.13807040617453567,0.012208747248455719,0
PDice1(obs6),0.16937845753335504,0.14069511869304435,0.012324244813273558,0
