Property,ObtainedValue,Variance,CI,Problems
PDice1(obs1),0.1685309973045822,0.14013774349627603,0.01583097579458341,0
PDice1(obs2),0.16630727762803235,0.13865851060138934,0.01574720169974522,0
PDice1(obs3),0.1644878706199461,0.13744087255318496,0.015677906735520736,0
PDice1(obs4),0.1658355795148248,0.13834346241754944,0.015729301793910296,0
PDice1(obs5),0.16799191374663072,0.13978004980319764,0.015810759049019397,0
PDice1(obs6),0.16684636118598384,0.1390180207361348,0.01576760294928415,0
