Property,ObtainedValue,Variance,CI,Problems
PDice1(obs1),0.16724336793540945,0.13927876111976265,0.01233959649177497,0
PDice1(obs2),0.16716098203987478,0.13922392316713442,0.012337167030088431,0
PDice1(obs3),0.16654308782336463,0.1388122058055669,0.012318911594652008,0
PDice1(obs4),0.1639479321140221,0.1370746541786279,0.012241569153486176,0
PDice1(obs5),0.16567803592025046,0.13823451862116387,0.012293251398477928,0
PDice1(obs6),0.1694265941670786,0.14072702031682002,0.012403585850984672,0
