Property,ObtainedValue,Variance,CI,Problems
PDice1(obs1),0.16800047778308647,0.13978466559136224,0.014884944973450229,0
PDice1(obs2),0.1669254658385093,0.13906966033454976,0.01484682756478248,0
PDice1(obs3),0.1657907310081223,0.13831242493707535,0.014806351845323392,0
PDice1(obs4),0.164775441949355,0.13763271550270142,0.014769925573679408,0
PDice1(obs5),0.16698518872431917,0.13910944348843118,0.014848951002017982,0
PDice1(obs6),0.16752269469660774,0.13946717084011317,0.01486803117811838,0
