Property,ObtainedValue,Variance,CI,Problems
PDice1(obs1),0.16478696741854637,0.13767535416416316,0.03383325134355902,0
PDice1(obs2),0.17857142857142858,0.14672964140215786,0.03492806784763826,0
PDice1(obs3),0.16666666666666666,0.13893241408127024,0.03398735947318154,0
PDice1(obs4),0.16885964912280702,0.14039004986612566,0.034165186678758695,0
PDice1(obs5),0.15225563909774437,0.12911430880554567,0.032764445409680105,0
PDice1(obs6),0.16885964912280702,0.14039004986612566,0.034165186678758695,0
