Property,ObtainedValue,Variance,CI,Problems
PDice1(obs1),0.16872710622710624,0.1402628572027591,0.011033875544768004,0
PDice1(obs2),0.165783621140764,0.138303935386344,0.010956554652289272,0
PDice1(obs3),0.16728806907378335,0.1393073271197906,0.010996227596346872,0
PDice1(obs4),0.16542386185243327,0.13806332319706927,0.010947019752937777,0
PDice1(obs5),0.1646062271062271,0.13751551460259556,0.010925280337272409,0
PDice1(obs6),0.16817111459968603,0.13989416610722533,0.011019364331387749,0
