Property,ObtainedValue,Variance,CI,Problems
PDice1(obs1),0.17198435570193496,0.1424203954320192,0.019723746667746008,0
PDice1(obs2),0.169411280362289,0.14072558234932295,0.01960603842429777,0
PDice1(obs3),0.16375051461506793,0.13695037892407894,0.019341267936244855,0
PDice1(obs4),0.16210374639769454,0.1358401028742801,0.01926270719205351,0
PDice1(obs5),0.16550020584602718,0.1381241038599679,0.01942397269354307,0
PDice1(obs6),0.16724989707698643,0.1392917053268036,0.01950589804526275,0
