Property,ObtainedValue,Variance,CI,Problems
PDice1(obs1),0.17,0.14111060982028725,0.01678035286413873,0
PDice1(obs2),0.16654135338345866,0.13881576827247455,0.016643346513898916,0
PDice1(obs3),0.1631578947368421,0.13654766286345235,0.016506819043971166,0
PDice1(obs4),0.1661654135338346,0.13856488729154265,0.016628299997759898,0
PDice1(obs5),0.16706766917293234,0.13916652673868293,0.016664360378886977,0
PDice1(obs6),0.16706766917293234,0.13916652673868293,0.016664360378886977,0
