Property,ObtainedValue,Variance,CI,Problems
PDice1(obs1),0.1679920477137177,0.13977568183401456,0.011475850421671846,0
PDice1(obs2),0.16603947742118716,0.13847528540849602,0.011422343165293388,0
PDice1(obs3),0.16674950298210736,0.13894903910579906,0.011441865626719856,0
PDice1(obs4),0.16476143141153082,0.1376199878162064,0.011387013269534636,0
PDice1(obs5),0.16529395058222096,0.13797675883442254,0.011401763767667442,0
PDice1(obs6),0.16916358988923602,0.14055225952986794,0.011507685520844708,0
