Property,ObtainedValue,Variance,CI,Problems
PDice1(obs1),0.16938110749185667,0.1406952397977904,0.01042098037861339,0
PDice1(obs2),0.16568752908329457,0.13823919224071404,0.010329622965092076,0
PDice1(obs3),0.16647277803629595,0.13876362791263827,0.01034919807468581,0
PDice1(obs4),0.16501861330851558,0.13779147800039213,0.010312882163114946,0
PDice1(obs5),0.16580386226151697,0.13831696423369372,0.010332528228040826,0
PDice1(obs6),0.16763610981852023,0.13953830273699355,0.010378046069528676,0
