Property,ObtainedValue,Variance,CI,Problems
PDice1(obs1),0.16811249475304324,0.13985557596868767,0.011394494985243073,0
PDice1(obs2),0.16597873233524557,0.13843463515126664,0.01133646283926321,0
PDice1(obs3),0.1669231845529593,0.13906469945476188,0.011362231649818791,0
PDice1(obs4),0.16475444242339443,0.13761522986622635,0.011302862345440156,0
PDice1(obs5),0.16503428011753182,0.13780278680538305,0.01131056210527578,0
PDice1(obs6),0.16919686581782567,0.1405742036603763,0.011423731959826135,0
