Property,ObtainedValue,Variance,CI,Problems
PDice1(obs1),0.17149440421329823,0.14210746186168613,0.024914182076131167,0
PDice1(obs2),0.17676102699144175,0.14554051967262413,0.025213326821974556,0
PDice1(obs3),0.16359447004608296,0.13685384309040222,0.02444931474861602,0
PDice1(obs4),0.1586570111915734,0.13350693682490916,0.024148497164578696,0
PDice1(obs5),0.16063199473337722,0.13485155113419323,0.024269798230799614,0
PDice1(obs6),0.16886109282422646,0.14037012654524175,0.0247614195265872,0
