Property,ObtainedValue,Variance,CI,Problems
PDice1(obs1),0.16766766766766766,0.13956021016905504,0.011507106242585285,0
PDice1(obs2),0.16609466609466608,0.13851217980494732,0.011463818392246082,0
PDice1(obs3),0.1668811668811669,0.13903681359260353,0.011485508261796737,0
PDice1(obs4),0.16462891462891463,0.1375311518406152,0.011423149367291106,0
PDice1(obs5),0.1652009152009152,0.13791450326611746,0.011439058611274897,0
PDice1(obs6),0.16952666952666953,0.1407924111795979,0.011557793712801079,0
