Property,ObtainedValue,Variance,CI,Problems
PDice1(obs1),0.17474916387959866,0.14422912116164702,0.021382522811378347,0
PDice1(obs2),0.1712852365026278,0.1419635612059768,0.021213919085795816,0
PDice1(obs3),0.1635212613473483,0.1367983984249767,0.02082442275902378,0
PDice1(obs4),0.15946010511227904,0.13404859152730947,0.020614062714650605,0
PDice1(obs5),0.1618490205446727,0.13567012031560965,0.020738367702296413,0
PDice1(obs6),0.16913521261347347,0.14054528000708655,0.02110768468815785,0
