Property,ObtainedValue,Variance,CI,Problems
PDice1(obs1),0.1687192118226601,0.1402577077945257,0.011130932960948857,0
PDice1(obs2),0.16572360537877778,0.13826389404583647,0.011051534674986882,0
PDice1(obs3),0.167720676341366,0.1395950974242205,0.011104609262845169,0
PDice1(obs4),0.165290906670217,0.13797441525399268,0.011039959486860559,0
PDice1(obs5),0.16422580215683663,0.13726025670399655,0.011011350884907989,0
PDice1(obs6),0.16831979763014246,0.13999290295191458,0.01112042046386452,0
