Property,ObtainedValue,Variance,CI,Problems
PDice1(obs1),0.1671270718232044,0.13922308469819336,0.02700128284022708,0
PDice1(obs2),0.17679558011049723,0.14556762585770563,0.027609667187341334,0
PDice1(obs3),0.16318074191002369,0.13657973681476424,0.026743725618416706,0
PDice1(obs4),0.1633780584056827,0.13671264409711756,0.026756734764868013,0
PDice1(obs5),0.16101026045777428,0.13511261643308786,0.02659969912071435,0
PDice1(obs6),0.1685082872928177,0.14014089651705816,0.027090138030368464,0
