Property,ObtainedValue,Variance,CI,Problems
PDice1(obs1),0.16893115942028986,0.14040250681032823,0.015526942749346592,0
PDice1(obs2),0.16582556935817805,0.13833640024166868,0.015412275227279303,0
PDice1(obs3),0.1645315734989648,0.13746982909040004,0.015363926365958264,0
PDice1(obs4),0.1655667701863354,0.13816335393679505,0.015402632530741388,0
PDice1(obs5),0.16770186335403728,0.13958697963030317,0.01548178299599138,0
PDice1(obs6),0.16744306418219462,0.1394149045549324,0.015472237512214358,0
