Property,ObtainedValue,Variance,CI,Problems
PDice1(obs1),0.16818642350557245,0.13990683793310196,0.013714910303484188,0
PDice1(obs2),0.1662613981762918,0.13862556822460156,0.013651965142976829,0
PDice1(obs3),0.1656028368794326,0.13818553757744237,0.01363028062311319,0
PDice1(obs4),0.1635258358662614,0.13679206655979068,0.013561382216870865,0
PDice1(obs5),0.16757852077001012,0.13950302716919838,0.013695103443112247,0
PDice1(obs6),0.16884498480243162,0.14034346550754828,0.01373629468768872,0
