Property,ObtainedValue,Variance,CI,Problems
PDice1(obs1),0.1682430963252881,0.1399449642225188,0.014209016301617335,0
PDice1(obs2),0.1657425527288541,0.13827947576676944,0.014124212306849591,0
PDice1(obs3),0.16601435094585779,0.1384611129226067,0.0141334856998013,0
PDice1(obs4),0.16411176342683192,0.1371865499437018,0.01406828448609384,0
PDice1(obs5),0.16704718417047185,0.13914998657483774,0.01416860063509614,0
PDice1(obs6),0.16884105240269623,0.14034138033363552,0.014229126706414335,0
