Property,ObtainedValue,Variance,CI,Problems
PDice1(obs1),0.17156208277703605,0.14215225820484176,0.02509216036686289,0
PDice1(obs2),0.1777369826435247,0.146170941993765,0.025444369620714277,0
PDice1(obs3),0.1620493991989319,0.13581205698177884,0.02452620400866868,0
PDice1(obs4),0.15937917222963952,0.13399981480899587,0.02436201868650793,0
PDice1(obs5),0.16004672897196262,0.134454212471355,0.024403289920788596,0
PDice1(obs6),0.1692256341789052,0.14061178550201806,0.024955830910948447,0
