Property,ObtainedValue,Variance,CI,Problems
PDice1(obs1),0.16881930854533594,0.14032392638276986,0.01102114875097543,0
PDice1(obs2),0.1657860404435747,0.13830554018152288,0.010941598858378207,0
PDice1(obs3),0.1672211350293542,0.1392627691935321,0.010979397619045386,0
PDice1(obs4),0.16539465101108936,0.13804376283384212,0.010931239116679281,0
PDice1(obs5),0.16474233529028048,0.13760678640688845,0.0109139240281355,0
PDice1(obs6),0.1680365296803653,0.13980481421725294,0.011000744128637448,0
