Property,ObtainedValue,Variance,CI,Problems
PDice1(obs1),0.16447368421052633,0.13748669982431394,0.04140870103413677,0
PDice1(obs2),0.17387218045112782,0.1437081773545288,0.04233523784818771,0
PDice1(obs3),0.16024436090225563,0.13462937138332431,0.040976152027019694,0
PDice1(obs4),0.1762218045112782,0.14523593009321611,0.04255967457850959,0
PDice1(obs5),0.15554511278195488,0.13141258470577008,0.040483657512085984,0
PDice1(obs6),0.16964285714285715,0.14093038484787426,0.04192408399041847,0
