Property,ObtainedValue,Variance,CI,Problems
PDice1(obs1),0.1682900432900433,0.13997323856288243,0.011208786731693619,0
PDice1(obs2),0.1657535173160173,0.13828396562499407,0.01114094456344833,0
PDice1(obs3),0.16788419913419914,0.13970381964683043,0.011197994262538577,0
PDice1(obs4),0.16490800865800867,0.13771801500942096,0.011118123085408273,0
PDice1(obs5),0.16460362554112554,0.13751392276833435,0.01110988173816569,0
PDice1(obs6),0.16856060606060605,0.140152668156862,0.011215968618594797,0
