Property,ObtainedValue,Variance,CI,Problems
PDice1(obs1),0.16877370417193427,0.1402965312033463,0.014004792524596917,0
PDice1(obs2),0.16561314791403287,0.1381927125827467,0.013899391363594846,0
PDice1(obs3),0.16556047197640117,0.13815747967013492,0.013897619391506098,0
PDice1(obs4),0.16361146228402865,0.13684996039328912,0.013831699676559842,0
PDice1(obs5),0.16777286135693215,0.13963248362103836,0.013971609668604891,0
PDice1(obs6),0.16866835229667088,0.14022672580445977,0.01400130800593364,0
