Property,ObtainedValue,Variance,CI,Problems
PDice1(obs1),0.15756302521008403,0.132876494446359,0.060862905640593636,0
PDice1(obs2),0.16281512605042017,0.13644969028620912,0.06167581231527833,0
PDice1(obs3),0.16806722689075632,0.13996765898788538,0.06246582073394039,0
PDice1(obs4),0.18067226890756302,0.14818545714815895,0.06427341759924511,0
PDice1(obs5),0.16176470588235295,0.135739469289293,0.06151509152170851,0
PDice1(obs6),0.16911764705882354,0.14066462547163977,0.062621151332642,0
