Property,ObtainedValue,Variance,CI,Problems
PDice1(obs1),0.1738961038961039,0.14367490802482358,0.02225318490447367,0
PDice1(obs2),0.1735064935064935,0.14342061627163588,0.022233483108270228,0
PDice1(obs3),0.16428571428571428,0.13731375132206408,0.021754982016907447,0
PDice1(obs4),0.15987012987012986,0.13432911678527992,0.021517251313582376,0
PDice1(obs5),0.1616883116883117,0.1355628071110601,0.021615833640218306,0
PDice1(obs6),0.16675324675324676,0.13896464880748552,0.02188536931714875,0
