Property,ObtainedValue,Variance,CI,Problems
PDice1(obs1),0.16211484593837536,0.1358812001157731,0.03553429149787651,0
PDice1(obs2),0.1799719887955182,0.1476337645390906,0.037039133717212375,0
PDice1(obs3),0.1638655462184874,0.13706161974421993,0.0356883035035672,0
PDice1(obs4),0.16666666666666666,0.13893753648569762,0.035931700472647335,0
PDice1(obs5),0.15511204481792717,0.13109820110180676,0.03490328792893045,0
PDice1(obs6),0.1722689075630252,0.14264227582451544,0.03640760438294138,0
