Property,ObtainedValue,Variance,CI,Problems
PDice1(obs1),0.16953731847348869,0.14080630452632228,0.017762697760014618,0
PDice1(obs2),0.1677642688280986,0.13963120812619845,0.017688423339215057,0
PDice1(obs3),0.16278284363390746,0.13629609705934528,0.01747590139945793,0
PDice1(obs4),0.1641337386018237,0.13720543883796796,0.0175341024385082,0
PDice1(obs5),0.1675954069571091,0.13951896624082905,0.017681312532265552,0
PDice1(obs6),0.16818642350557245,0.13991156331815416,0.017706172074113898,0
