Property,ObtainedValue,Variance,CI,Problems
PDice1(obs1),0.16718020541549952,0.13923748468215585,0.013134556909917647,0
PDice1(obs2),0.16718020541549952,0.13923748468215585,0.013134556909917647,0
PDice1(obs3),0.16666666666666666,0.1388953732667258,0.013118410951008758,0
PDice1(obs4),0.1638655462184874,0.13702002580760583,0.013029548430654236,0
PDice1(obs5),0.16633986928104574,0.13867739136988813,0.013108112915629059,0
PDice1(obs6),0.16876750700280113,0.14029158514332482,0.013184180894109927,0
