Property,ObtainedValue,Variance,CI,Problems
PDice1(obs1),0.1688191881918819,0.14032389310746918,0.011076925404319734,0
PDice1(obs2),0.16559040590405905,0.13817477578749296,0.010991774313513383,0
PDice1(obs3),0.1676660516605166,0.1395587447892864,0.011046684381554275,0
PDice1(obs4),0.16519504480759092,0.1379101856721274,0.010981245226598867,0
PDice1(obs5),0.16450316288877173,0.13744640070166925,0.010962764990693914,0
PDice1(obs6),0.16822614654717977,0.13993072042865476,0.011061396333388374,0
