Property,ObtainedValue,Variance,CI,Problems
PDice1(obs1),0.16606356198867211,0.13849190265837338,0.012023677698441695,0
PDice1(obs2),0.16747954688483324,0.13943563266980216,0.012064574819926566,0
PDice1(obs3),0.16681088735053493,0.13899048211251155,0.012045301247771261,0
PDice1(obs4),0.16393958464443045,0.1370687885458842,0.011961741766310057,0
PDice1(obs5),0.16610289490245436,0.13851817153077667,0.012024817958172614,0
PDice1(obs6),0.1696035242290749,0.1408437085915993,0.012125338215583703,0
