Property,ObtainedValue,Variance,CI,Problems
PDice1(obs1),0.1748056365403304,0.14426615101670082,0.021566348401923747,0
PDice1(obs2),0.17128279883381925,0.14196224682837016,0.021393450004332983,0
PDice1(obs3),0.16375121477162294,0.1369533911417631,0.021012648203896752,0
PDice1(obs4),0.15937803692905733,0.13399295535768155,0.02078429880473254,0
PDice1(obs5),0.16132167152575316,0.13531342731306037,0.02088646013995241,0
PDice1(obs6),0.1694606413994169,0.1407608316423051,0.021302732130406395,0
