Property,ObtainedValue,Variance,CI,Problems
PDice1(obs1),0.16641337386018237,0.13875510853150752,0.030540981784459582,0
PDice1(obs2),0.17553191489361702,0.14475712768652735,0.031194532527931956,0
PDice1(obs3),0.16160081053698075,0.13552031489166613,0.030182881892144377,0
PDice1(obs4),0.16540020263424518,0.13807794975420268,0.0304663669178221,0
PDice1(obs5),0.16210739614994935,0.13586300138435073,0.0302210191098524,0
PDice1(obs6),0.16894630192502533,0.1404390211846993,0.030725743463043253,0
