Property,ObtainedValue,Variance,CI,Problems
PDice1(obs1),0.1683503684335631,0.14001684235025352,0.014860073694491206,0
PDice1(obs2),0.1666270501545044,0.1388707286721798,0.014799129848442725,0
PDice1(obs3),0.16585452816734014,0.138355025369047,0.014771625640676434,0
PDice1(obs4),0.16442833372949844,0.13739982174900325,0.014720545644122849,0
PDice1(obs5),0.16722129783693843,0.1392666112727673,0.014820208979392811,0
PDice1(obs6),0.16751842167815545,0.13946428770959055,0.014830723226979732,0
