Property,ObtainedValue,Variance,CI,Problems
PDice1(obs1),0.1625,0.1362153708668454,0.05681344474843195,0
PDice1(obs2),0.16517857142857142,0.13801784118473126,0.057188101452164575,0
PDice1(obs3),0.16517857142857142,0.13801784118473126,0.057188101452164575,0
PDice1(obs4),0.1732142857142857,0.1433390782586493,0.05828011064590886,0
PDice1(obs5),0.1625,0.1362153708668454,0.05681344474843195,0
PDice1(obs6),0.17142857142857143,0.14216775181922636,0.05804149787991016,0
