Property,ObtainedValue,Variance,CI,Problems
PDice1(obs1),0.16632986165086275,0.13866962776939518,0.011959168329262236,0
PDice1(obs2),0.16753458728431525,0.139472169531589,0.011993724870772875,0
PDice1(obs3),0.16687393129177677,0.1390324254414174,0.011974802337806435,0
PDice1(obs4),0.16392041038395772,0.13705583572346455,0.011889376224050004,0
PDice1(obs5),0.1662132752992383,0.13859180838463944,0.01195581220239893,0
PDice1(obs6),0.16912793408984922,0.1405291372601522,0.012039085365031838,0
