Property,ObtainedValue,Variance,CI,Problems
PDice1(obs1),0.16723502304147467,0.13927388826132486,0.013051248490421254,0
PDice1(obs2),0.16723502304147467,0.13927388826132486,0.013051248490421254,0
PDice1(obs3),0.16663594470046084,0.13887480639490915,0.013032536249353101,0
PDice1(obs4),0.16368663594470045,0.13689962989651247,0.01293952533749639,0
PDice1(obs5),0.16654377880184332,0.1388133454726088,0.013029652067691092,0
PDice1(obs6),0.16866359447004609,0.1402226482436809,0.013095626822857224,0
