Property,ObtainedValue,Variance,CI,Problems
PDice1(obs1),0.16926794045767607,0.14062021004000513,0.010180554810447993,0
PDice1(obs2),0.1657131748500333,0.138256158126749,0.010094616337805477,0
PDice1(obs3),0.1662686069762275,0.13862720721063476,0.01010815312514112,0
PDice1(obs4),0.16457453899133526,0.13749357852465763,0.010066738401352643,0
PDice1(obs5),0.1662686069762275,0.13862720721063476,0.01010815312514112,0
PDice1(obs6),0.16790713174850033,0.13971820705553273,0.010147850890914587,0
