Property,ObtainedValue,Variance,CI,Problems
PDice1(obs1),0.16704416761041901,0.13914604165226588,0.012221461272916309,0
PDice1(obs2),0.16744863290729656,0.1394152271068961,0.012233277096113574,0
PDice1(obs3),0.16627568354635172,0.13863368785911692,0.012198940018583938,0
PDice1(obs4),0.16429380359165183,0.13730690328077944,0.012140425102738243,0
PDice1(obs5),0.16562853907134767,0.13820131588006437,0.012179902081741273,0
PDice1(obs6),0.16930917327293318,0.1406492658932776,0.012287299455533576,0
