Property,ObtainedValue,Variance,CI,Problems
PDice1(obs1),0.16710963455149502,0.13918978489824263,0.012385755876178477,0
PDice1(obs2),0.16710963455149502,0.13918978489824263,0.012385755876178477,0
PDice1(obs3),0.1667358803986711,0.13894079655298539,0.012374672845721418,0
PDice1(obs4),0.16395348837209303,0.13707843464873862,0.012291458018476524,0
PDice1(obs5),0.1657392026578073,0.13827546169661079,0.012345008479330066,0
PDice1(obs6),0.16935215946843854,0.14067784765512303,0.0124517872421024,0
