Property,ObtainedValue,Variance,CI,Problems
PDice1(obs1),0.17320722755505363,0.14322670221515588,0.02316433276936357,0
PDice1(obs2),0.17377188029361942,0.14359548430870459,0.023194135519740443,0
PDice1(obs3),0.1647374364765669,0.13761844015697394,0.022706286560567505,0
PDice1(obs4),0.15923207227555053,0.13389612063718467,0.02239710036721642,0
PDice1(obs5),0.16149068322981366,0.135430560268967,0.02252506933909876,0
PDice1(obs6),0.1675607001693958,0.13950380472948287,0.022861294863584087,0
