Property,ObtainedValue,Variance,CI,Problems
PDice1(obs1),0.16889621702339472,0.1403746519547021,0.01076567987894041,0
PDice1(obs2),0.16594076655052264,0.13840873444356508,0.01069002853218,0
PDice1(obs3),0.16674962667994028,0.1389485113709212,0.010710853142435044,0
PDice1(obs4),0.16522523643603784,0.13793014868830547,0.01067153069086209,0
PDice1(obs5),0.164820806371329,0.1376591907365429,0.010661043652323494,0
PDice1(obs6),0.1683673469387755,0.14002413957525267,0.010752230646644519,0
