Property,ObtainedValue,Variance,CI,Problems
PDice1(obs1),0.16915457589285715,0.14055110941470678,0.016130588716289793,0
PDice1(obs2),0.16594587053571427,0.13841749382598784,0.016007686484705155,0
PDice1(obs3),0.16357421875,0.13682723802101499,0.01591546600535532,0
PDice1(obs4),0.16650390625,0.13879003667814788,0.0160292139006654,0
PDice1(obs5),0.16789899553571427,0.13971866883470777,0.016082749542740606,0
PDice1(obs6),0.16692243303571427,0.1390690350711919,0.016045316928646903,0
