Property,ObtainedValue,Variance,CI,Problems
PDice1(obs1),0.17169595110771582,0.14223003341689686,0.018985756847071242,0
PDice1(obs2),0.1702635599694423,0.14128737203461791,0.018922736075836454,0
PDice1(obs3),0.16348357524828114,0.13676975639145666,0.01861775432457449,0
PDice1(obs4),0.16205118411000763,0.1358035660935266,0.01855187654679094,0
PDice1(obs5),0.16539343009931246,0.13805162630770612,0.018704797983177018,0
PDice1(obs6),0.16711229946524064,0.13919907133376266,0.01878237154887215,0
