Property,ObtainedValue,Variance,CI,Problems
PDice1(obs1),0.16865605658709107,0.14021561883880213,0.010840141560275747,0
PDice1(obs2),0.16622458001768348,0.1385983456212118,0.010777444133112319,0
PDice1(obs3),0.1667298219022357,0.13893537563887315,0.01079053994846561,0
PDice1(obs4),0.16552987242642414,0.13813409570659313,0.01075937889428714,0
PDice1(obs5),0.16448781103953516,0.13743591095762342,0.010732153354922395,0
PDice1(obs6),0.16837185802703045,0.14002719717686785,0.010832855623979279,0
