Property,ObtainedValue,Variance,CI,Problems
PDice1(obs1),0.18452380952380953,0.15092395167022032,0.10918337643558301,0
PDice1(obs2),0.1488095238095238,0.12704335465529495,0.10017363033305798,0
PDice1(obs3),0.17857142857142858,0.14712153518123666,0.10779920563090843,0
PDice1(obs4),0.18154761904761904,0.1490316275764037,0.10849673240917597,0
PDice1(obs5),0.15773809523809523,0.13325337597725656,0.10259272062650851,0
PDice1(obs6),0.1488095238095238,0.12704335465529495,0.10017363033305798,0
