Property,ObtainedValue,Variance,CI,Problems
PDice1(obs1),0.16614906832298137,0.1385704518570235,0.02671741673823845,0
PDice1(obs2),0.1783773291925466,0.14658731012852838,0.02747940569524443,0
PDice1(obs3),0.1626552795031056,0.13622498073702147,0.026490339585512668,0
PDice1(obs4),0.1626552795031056,0.13622498073702147,0.026490339585512668,0
PDice1(obs5),0.1609083850931677,0.13504308847947272,0.026375173732080082,0
PDice1(obs6),0.16925465838509315,0.1406348161304987,0.02691569342279198,0
