Property,ObtainedValue,Variance,CI,Problems
PDice1(obs1),0.16714285714285715,0.13921180456345159,0.012280104559284131,0
PDice1(obs2),0.1673469387755102,0.13934762851628263,0.012286093727051155,0
PDice1(obs3),0.16657142857142856,0.1388310543287481,0.012263299755572346,0
PDice1(obs4),0.16424489795918368,0.13727411447864177,0.012194341649105463,0
PDice1(obs5),0.16555102040816327,0.1381495188058488,0.012233161840403023,0
PDice1(obs6),0.16914285714285715,0.1405392873178497,0.01233851537217551,0
