Property,ObtainedValue,Variance,CI,Problems
PDice1(obs1),0.17113850616388687,0.14186297709750537,0.018473725384186502,0
PDice1(obs2),0.16869108049311096,0.14024711261012787,0.01836821326187278,0
PDice1(obs3),0.1626178390137781,0.13618562204780002,0.018100291874145653,0
PDice1(obs4),0.1625271936185642,0.13612444400706322,0.01809622586201357,0
PDice1(obs5),0.16705946337926034,0.13916321357918804,0.018297096271445632,0
PDice1(obs6),0.16796591733139957,0.13976603709409088,0.018336682885702903,0
