Property,ObtainedValue,Variance,CI,Problems
PDice1(obs1),0.16830587656749446,0.13998761357092274,0.015112099291234991,0
PDice1(obs2),0.16683058765674944,0.13900668747154252,0.015059059196574973,0
PDice1(obs3),0.164740595033194,0.13760959029391037,0.014983191983798235,0
PDice1(obs4),0.1650479468895992,0.13781559369283986,0.014994402809172613,0
PDice1(obs5),0.16713793951315467,0.13921140606526908,0.015070144041693274,0
PDice1(obs6),0.1679370543398082,0.13974279016067154,0.015098878783208447,0
