Property,ObtainedValue,Variance,CI,Problems
PDice1(obs1),0.1652892561983471,0.13800945276909526,0.03287984725441996,0
PDice1(obs2),0.17621015348288074,0.14520299331878364,0.03372586980015112,0
PDice1(obs3),0.16587957497048406,0.13840439293374313,0.03292685959715758,0
PDice1(obs4),0.1679456906729634,0.13978119338856917,0.0330902269963329,0
PDice1(obs5),0.15643447461629278,0.13200169130598313,0.03215622970109024,0
PDice1(obs6),0.1682408500590319,0.13997718200955175,0.03311341694096431,0
