Property,ObtainedValue,Variance,CI,Problems
PDice1(obs1),0.16847041847041846,0.14011340955234156,0.02589854198145186,0
PDice1(obs2),0.1773088023088023,0.14589670707747562,0.026427629485221996,0
PDice1(obs3),0.1617965367965368,0.1356428840868675,0.02548202703313958,0
PDice1(obs4),0.16233766233766234,0.136008678314289,0.025516363160331373,0
PDice1(obs5),0.16017316017316016,0.13454198696847083,0.025378408464372268,0
PDice1(obs6),0.1699134199134199,0.1410682948658774,0.0259866425633506,0
