Property,ObtainedValue,Variance,CI,Problems
PDice1(obs1),0.15517241379310345,0.13117470839441647,0.04629980015879115,0
PDice1(obs2),0.16933497536945813,0.1407473085479969,0.04795944096889822,0
PDice1(obs3),0.16995073891625614,0.14115440299390838,0.048028749309195734,0
PDice1(obs4),0.17549261083743842,0.1447841071542391,0.048642345588323276,0
PDice1(obs5),0.1625615763546798,0.13621918905875818,0.04718165906282589,0
PDice1(obs6),0.16748768472906403,0.13952147242987958,0.04775013329345858,0
