Property,ObtainedValue,Variance,CI,Problems
PDice1(obs1),0.16685201026518393,0.13901836297341708,0.012562061258313934,0
PDice1(obs2),0.16672369546621044,0.1389328472164212,0.01255819695071469,0
PDice1(obs3),0.16710863986313088,0.13918929569505742,0.012569781848696128,0
PDice1(obs4),0.16372968349016254,0.13692813086956918,0.012467264166880833,0
PDice1(obs5),0.16625320786997433,0.1386190076996197,0.012544004890249115,0
PDice1(obs6),0.1693327630453379,0.14066519488017054,0.01263624820737265,0
