Property,ObtainedValue,Variance,CI,Problems
PDice1(obs1),0.16948595337716676,0.1407646719387336,0.010566494788753813,0
PDice1(obs2),0.16551105797967722,0.1381212756181759,0.010466811363680108,0
PDice1(obs3),0.1661685594739988,0.13856071040152326,0.010483448295401718,0
PDice1(obs4),0.16494321578003587,0.1377410679371763,0.010452395393084095,0
PDice1(obs5),0.165839808726838,0.13834110109013348,0.010475137224353327,0
PDice1(obs6),0.16805140466228333,0.13981430860408206,0.010530764885670412,0
