Property,ObtainedValue,Variance,CI,Problems
PDice1(obs1),0.17179802955665024,0.14229807025784333,0.019686927542026694,0
PDice1(obs2),0.1694376026272578,0.14074294550573718,0.01957905631337273,0
PDice1(obs3),0.16389573070607552,0.13704798502128682,0.019320340001267842,0
PDice1(obs4),0.16204844006568145,0.13580268019463093,0.019232361262152668,0
PDice1(obs5),0.16584564860426929,0.13835506844457568,0.01941225440917939,0
PDice1(obs6),0.16697454844006568,0.1391083249192254,0.01946502644718531,0
