Property,ObtainedValue,Variance,CI,Problems
PDice1(obs1),0.16826215022091312,0.13995858754797524,0.01509754534699639,0
PDice1(obs2),0.16672803141875306,0.13893832087359606,0.01504241583513263,0
PDice1(obs3),0.16494845360824742,0.1377489141884646,0.014977890779744898,0
PDice1(obs4),0.16500981836033382,0.13779003365627876,0.014980126140170365,0
PDice1(obs5),0.16709621993127147,0.13918361418393052,0.015055688547860373,0
PDice1(obs6),0.16795532646048109,0.1397549107994884,0.015086555887340975,0
