Property,ObtainedValue,Variance,CI,Problems
PDice1(obs1),0.16615737203972497,0.1385755656782119,0.026502728425247066,0
PDice1(obs2),0.1779984721161192,0.14634296542268901,0.027235363867047648,0
PDice1(obs3),0.16252864782276547,0.13613908704925054,0.026268705597306957,0
PDice1(obs4),0.163292589763178,0.13665421886389356,0.026318357279897668,0
PDice1(obs5),0.1610007639419404,0.1351053211073437,0.0261687804332205,0
PDice1(obs6),0.16902215431627196,0.1404804954021202,0.02668426662181018,0
