Property,ObtainedValue,Variance,CI,Problems
PDice1(obs1),0.17069034317637669,0.14156927295472607,0.019360253834752067,0
PDice1(obs2),0.16979249800478852,0.14097706957955203,0.019319718121396694,0
PDice1(obs3),0.1636073423782921,0.1368536324952211,0.019035080198527794,0
PDice1(obs4),0.16310853950518756,0.1365177629361487,0.01901170766778619,0
PDice1(obs5),0.1656025538707103,0.13819213414891957,0.01912794032347887,0
PDice1(obs6),0.16719872306464484,0.13925720244873344,0.01920150985013081,0
