Property,ObtainedValue,Variance,CI,Problems
PDice1(obs1),0.16821794603639406,0.13992798554624902,0.0139350970826356,0
PDice1(obs2),0.1657080108763857,0.138256095462675,0.013851597124903659,0
PDice1(obs3),0.16586488182388623,0.1383609577396137,0.013856849098403054,0
PDice1(obs4),0.16398243045387995,0.13709936192525402,0.013793530023011574,0
PDice1(obs5),0.16753817193055845,0.13947642614309944,0.01391259404676605,0
PDice1(obs6),0.16868855887889564,0.14024006217940085,0.013950627914827674,0
