Property,ObtainedValue,Variance,CI,Problems
PDice1(obs1),0.17400938477580813,0.14374885560217654,0.02229949233531351,0
PDice1(obs2),0.17322732012513034,0.14323828595407403,0.02225985524862351,0
PDice1(obs3),0.16449426485922836,0.13745381798300793,0.021805757695673004,0
PDice1(obs4),0.15980187695516163,0.13428274004079935,0.021552759132206355,0
PDice1(obs5),0.16149635036496351,0.1354329320685452,0.02164486685165864,0
PDice1(obs6),0.16697080291970803,0.13910968602005658,0.021936708453183195,0
