Property,ObtainedValue,Variance,CI,Problems
PDice1(obs1),0.1663031624863686,0.13865182068873247,0.011971434126879935,0
PDice1(obs2),0.16743262190372332,0.13940436839088194,0.01200387828747509,0
PDice1(obs3),0.1668484187568157,0.139015438132261,0.01198712152288037,0
PDice1(obs4),0.1638884561458171,0.13703436714852588,0.011901402442274663,0
PDice1(obs5),0.1663421093628291,0.13867781308320767,0.011972556188079235,0
PDice1(obs6),0.16918523134444619,0.14056706348742845,0.012053833212542494,0
