Property,ObtainedValue,Variance,CI,Problems
PDice1(obs1),0.16888328365053887,0.14036976703350987,0.01461372147500255,0
PDice1(obs2),0.16613162118780098,0.13853984760636087,0.014518153672413797,0
PDice1(obs3),0.1654437055721165,0.13808000147445232,0.014494039072768396,0
PDice1(obs4),0.16412520064205458,0.13719598409458222,0.014447567621162349,0
PDice1(obs5),0.1677940839257051,0.1396472347846965,0.014576061984946142,0
PDice1(obs6),0.16762210502178398,0.13953293383685741,0.014570095526824282,0
