Property,ObtainedValue,Variance,CI,Problems
PDice1(obs1),0.16991092048828768,0.1410528337700344,0.017571750139107972,0
PDice1(obs2),0.16801385681293302,0.13979673131007633,0.017493335276151146,0
PDice1(obs3),0.16257010887495876,0.13615229855707797,0.01726380811340793,0
PDice1(obs4),0.16463213460903992,0.13753973928238525,0.01735154735279077,0
PDice1(obs5),0.16817881887165953,0.1399062433655602,0.017500185779923547,0
PDice1(obs6),0.1666941603431211,0.13891867540596817,0.017438311380894456,0
