Property,ObtainedValue,Variance,CI,Problems
PDice1(obs1),0.1700531416067521,0.14114610112260315,0.017109779103691086,0
PDice1(obs2),0.16677086589559237,0.13896920454699538,0.016977324329426037,0
PDice1(obs3),0.1639574867145983,0.13708614246758677,0.016861908854311176,0
PDice1(obs4),0.1655204751484839,0.13813424256627674,0.016926245469991823,0
PDice1(obs5),0.16723976242575805,0.1392815090589197,0.016996390134357674,0
PDice1(obs6),0.16645826820881526,0.1387607572266685,0.016964586954234258,0
