Property,ObtainedValue,Variance,CI,Problems
PDice1(obs1),0.16939379302016663,0.14070378369603734,0.010617654162068222,0
PDice1(obs2),0.1655295254196353,0.13813367183299036,0.010520235587120277,0
PDice1(obs3),0.1662238860041058,0.13859768993332106,0.01053789054044424,0
PDice1(obs4),0.16495592319768143,0.1377496252044763,0.010505600946982068,0
PDice1(obs5),0.16574085255403936,0.13827499681424762,0.01052561585389951,0
PDice1(obs6),0.16815601980437145,0.13988379584245544,0.010586670385585991,0
