Property,ObtainedValue,Variance,CI,Problems
PDice1(obs1),0.16807348560079444,0.13982974824393812,0.011472369128400028,0
PDice1(obs2),0.16601645623492695,0.1384599031163081,0.011416036166961529,0
PDice1(obs3),0.16669031068236628,0.1389095775773321,0.011434558997574921,0
PDice1(obs4),0.16473967938714712,0.13760539773884384,0.01138075461055604,0
PDice1(obs5),0.16537806781103703,0.13803305798181004,0.01139842586708453,0
PDice1(obs6),0.16910200028372818,0.1405114971678377,0.011500302258842075,0
