Property,ObtainedValue,Variance,CI,Problems
PDice1(obs1),0.16823308270676693,0.1399355836418072,0.011369947540888659,0
PDice1(obs2),0.16590086326928433,0.13838258382910124,0.011306679891842055,0
PDice1(obs3),0.16704956836535784,0.1391488537408935,0.011337941079648067,0
PDice1(obs4),0.16499582289055972,0.13777699723252504,0.011281912752976513,0
PDice1(obs5),0.16496101364522417,0.13775367272375405,0.011280957745187618,0
PDice1(obs6),0.16885964912280702,0.1403509535317041,0.011386809708151622,0
