Property,ObtainedValue,Variance,CI,Problems
PDice1(obs1),0.16746031746031745,0.13944502720053426,0.027097755676441314,0
PDice1(obs2),0.1771825396825397,0.14581781942121294,0.0277100370682236,0
PDice1(obs3),0.1626984126984127,0.13625467386134185,0.02678597821527345,0
PDice1(obs4),0.1640873015873016,0.13718987925923826,0.026877745907585376,0
PDice1(obs5),0.1601190476190476,0.1345076262296941,0.026613700256363802,0
PDice1(obs6),0.16845238095238096,0.14010397471153574,0.02716170544244538,0
