Property,ObtainedValue,Variance,CI,Problems
PDice1(obs1),0.17008726567550098,0.1411689944042885,0.01739909203753572,0
PDice1(obs2),0.16750161603102778,0.13945609292668115,0.017293212243715297,0
PDice1(obs3),0.16313833225597932,0.13653524906466083,0.01711115472465889,0
PDice1(obs4),0.16548157724628312,0.1381085842262313,0.017209460725982808,0
PDice1(obs5),0.16750161603102778,0.13945609292668115,0.017293212243715297,0
PDice1(obs6),0.166289592760181,0.13864856711915535,0.017243071050760807,0
