Property,ObtainedValue,Variance,CI,Problems
PDice1(obs1),0.1662117903930131,0.1385908347001437,0.011975332426518277,0
PDice1(obs2),0.16742046163443544,0.13939628563737413,0.01201008064427943,0
PDice1(obs3),0.16679663131628197,0.13898093388033478,0.011992174393960558,0
PDice1(obs4),0.1639504054897068,0.13707601454032764,0.011909706451449315,0
PDice1(obs5),0.16636774797255147,0.13869492803841083,0.011979828821800693,0
PDice1(obs6),0.16925296319401123,0.14061188001617334,0.012062333458183435,0
