Property,ObtainedValue,Variance,CI,Problems
PDice1(obs1),0.16734052111410602,0.13934393094253808,0.012889276024629857,0
PDice1(obs2),0.16729559748427672,0.1393140390389754,0.01288789345397085,0
PDice1(obs3),0.1665318957771788,0.1388052591021159,0.012864338400534546,0
PDice1(obs4),0.16356693620844565,0.13681893999124173,0.012771961653362855,0
PDice1(obs5),0.16630727762803235,0.13865539593966594,0.012857391937922099,0
PDice1(obs6),0.16895777178796045,0.14041735119751475,0.01293882632343425,0
