Property,ObtainedValue,Variance,CI,Problems
PDice1(obs1),0.16717325227963525,0.13923257952144133,0.012851833916266762,0
PDice1(obs2),0.16753084212408367,0.13947049321527577,0.012862809516318722,0
PDice1(obs3),0.16650277132129448,0.13878580201279236,0.012831197496232367,0
PDice1(obs4),0.16341855891292686,0.1367190446834893,0.012735299928567817,0
PDice1(obs5),0.16659216878240657,0.13884542429699032,0.012833953337055726,0
PDice1(obs6),0.16878240657965313,0.14030117709334539,0.012901057986072531,0
