Property,ObtainedValue,Variance,CI,Problems
PDice1(obs1),0.16757688991089392,0.13949988809081926,0.011533517979535968,0
PDice1(obs2),0.1659959758551308,0.1384462862113936,0.011489880783576847,0
PDice1(obs3),0.1669301523426272,0.13906947332888342,0.011515711400867436,0
PDice1(obs4),0.1647025007185973,0.13758053022550212,0.011453899200393206,0
PDice1(obs5),0.1652055188272492,0.13791761073739026,0.011467921984872315,0
PDice1(obs6),0.16958896234550158,0.1408336063285269,0.011588521146114302,0
