Property,ObtainedValue,Variance,CI,Problems
PDice1(obs1),0.16719768820391226,0.13924778011691838,0.01170101895332883,0
PDice1(obs2),0.1666419679905157,0.13887756763286505,0.011685454086296034,0
PDice1(obs3),0.16719768820391226,0.13924778011691838,0.01170101895332883,0
PDice1(obs4),0.1642708950800237,0.13729105447057074,0.011618516068239963,0
PDice1(obs5),0.16560462359217545,0.13818485171142142,0.011656274358070004,0
PDice1(obs6),0.1690871369294606,0.1405018823701953,0.011753592079011175,0
