Property,ObtainedValue,Variance,CI,Problems
PDice1(obs1),0.16963541046109853,0.14086343383944605,0.010552554493456384,0
PDice1(obs2),0.16546526867627784,0.13809062680597173,0.010448178135857562,0
PDice1(obs3),0.16618015012510426,0.13856843532966082,0.010466238440629147,0
PDice1(obs4),0.16489932086262363,0.13771163682060455,0.010433830762709163,0
PDice1(obs5),0.16603121648993208,0.13846897617840154,0.01046248163249418,0
PDice1(obs6),0.16778863338496366,0.13963976730340175,0.010506620027049402,0
