Property,ObtainedValue,Variance,CI,Problems
PDice1(obs1),0.16818086883876357,0.13990336909144913,0.013923681977524893,0
PDice1(obs2),0.16567460317460317,0.13823374675614766,0.013840349222608423,0
PDice1(obs3),0.16572681704260653,0.13826865869702717,0.013842096852837995,0
PDice1(obs4),0.16410818713450293,0.13718385294951999,0.013787689892623009,0
PDice1(obs5),0.1677109440267335,0.13959127188063974,0.013908142793016495,0
PDice1(obs6),0.1685985797827903,0.1401804180398606,0.013937461608433241,0
