Property,ObtainedValue,Variance,CI,Problems
PDice1(obs1),0.17434961204929256,0.1439682520585052,0.020879940498379213,0
PDice1(obs2),0.1704701049748973,0.14142618545789154,0.020694779560197465,0
PDice1(obs3),0.1621405750798722,0.13586651178951292,0.020283930021064173,0
PDice1(obs4),0.16168416248288453,0.13555786166401376,0.020260877257340087,0
PDice1(obs5),0.16305340027384757,0.13648256202312814,0.020329864029517215,0
PDice1(obs6),0.16830214513920586,0.13999250666662916,0.020589617837363117,0
