Property,ObtainedValue,Variance,CI,Problems
PDice1(obs1),0.17227497935590422,0.14261103122277236,0.019765443807858066,0
PDice1(obs2),0.1694880264244426,0.1407763663271462,0.01963789283584789,0
PDice1(obs3),0.16360445912469035,0.1368521660253294,0.019362251099281996,0
PDice1(obs4),0.16215937241948802,0.13587773572096462,0.019293195307496333,0
PDice1(obs5),0.1656688687035508,0.1382369635316198,0.019459967159007757,0
PDice1(obs6),0.16680429397192403,0.13899496861168276,0.019513247366632045,0
