Property,ObtainedValue,Variance,CI,Problems
PDice1(obs1),0.1684676896477199,0.14009389656229587,0.014173494426828644,0
PDice1(obs2),0.16565809379727686,0.13822295803844759,0.014078533586540579,0
PDice1(obs3),0.16587421655500323,0.13836743692527909,0.014085889526680434,0
PDice1(obs4),0.16392911173546573,0.1370637637107363,0.014019375119744722,0
PDice1(obs5),0.16727901448022478,0.13930427250063349,0.014133494300629377,0
PDice1(obs6),0.1687918737843095,0.14030875810762508,0.014184359183352547,0
