Property,ObtainedValue,Variance,CI,Problems
PDice1(obs1),0.1662826420890937,0.13865934932799018,0.02658190896929124,0
PDice1(obs2),0.17780337941628263,0.14621741322460577,0.027296762157463753,0
PDice1(obs3),0.16244239631336405,0.13608099341634222,0.026333605367380195,0
PDice1(obs4),0.16282642089093702,0.1363401565362945,0.02635866931229692,0
PDice1(obs5),0.16129032258064516,0.1353017340181022,0.02625809823366271,0
PDice1(obs6),0.1693548387096774,0.14070079359670914,0.02677687313459509,0
