Property,ObtainedValue,Variance,CI,Problems
PDice1(obs1),0.16786212392906955,0.139691389407673,0.013589181531891264,0
PDice1(obs2),0.16681609882446702,0.13899541145887223,0.013555286885915667,0
PDice1(obs3),0.1658198844391313,0.13833054070745365,0.013522827838695321,0
PDice1(obs4),0.16313010559872484,0.1365254746781657,0.013434308880238431,0
PDice1(obs5),0.1676628810520024,0.1395589909030615,0.013582740140486512,0
PDice1(obs6),0.1687089061566049,0.1402531972526814,0.013616480451836032,0
