Property,ObtainedValue,Variance,CI,Problems
PDice1(obs1),0.1551948051948052,0.13119456891386716,0.047549356431360046,0
PDice1(obs2),0.16753246753246753,0.13955596060859218,0.04904117985207567,0
PDice1(obs3),0.16948051948051948,0.1408483329535961,0.04926773200659389,0
PDice1(obs4),0.17792207792207793,0.14636085162400952,0.0502225984464,0
PDice1(obs5),0.16428571428571428,0.13738512949039264,0.04865826043208957,0
PDice1(obs6),0.16558441558441558,0.1382559935191514,0.04881223557145473,0
