Property,ObtainedValue,Variance,CI,Problems
PDice1(obs1),0.1717325227963526,0.14225397537609905,0.0189367891262108,0
PDice1(obs2),0.17040273556231003,0.14137907213842651,0.01887846593700861,0
PDice1(obs3),0.16308890577507598,0.13650388038227365,0.018550116254628723,0
PDice1(obs4),0.1623290273556231,0.1359912313336411,0.018515250414918843,0
PDice1(obs5),0.16546352583586627,0.13809846470921638,0.01865814923069349,0
PDice1(obs6),0.16698328267477203,0.13911307961031164,0.018726564878994552,0
