Property,ObtainedValue,Variance,CI,Problems
PDice1(obs1),0.17007174048658766,0.1411583509318219,0.01709183173451447,0
PDice1(obs2),0.16679663131628197,0.1389863530854303,0.016959826313079508,0
PDice1(obs3),0.16383343730505304,0.1370027254325886,0.01683836517869959,0
PDice1(obs4),0.16523705552089832,0.13794452775101118,0.016896142316310165,0
PDice1(obs5),0.1675764192139738,0.13950544140288312,0.01699146770385403,0
PDice1(obs6),0.16648471615720525,0.13877837721316125,0.01694713242228251,0
