Property,ObtainedValue,Variance,CI,Problems
PDice1(obs1),0.17453306410903585,0.14408945757127392,0.021968021505027455,0
PDice1(obs2),0.17251388187783948,0.14277085996125125,0.02186727313284447,0
PDice1(obs3),0.164437152953054,0.137414917291704,0.02145318521372539,0
PDice1(obs4),0.1593891973750631,0.13400119193680363,0.02118503435024701,0
PDice1(obs5),0.16140837960625948,0.135372798495973,0.02129318097628142,0
PDice1(obs6),0.1677183240787481,0.13960650603298547,0.021623583657576637,0
