Property,ObtainedValue,Variance,CI,Problems
PDice1(obs1),0.16973723950468136,0.14093715061492684,0.016805453350903235,0
PDice1(obs2),0.1665659921473875,0.1388322450594928,0.016679485976750532,0
PDice1(obs3),0.16362126245847175,0.13685967864173462,0.01656056871953305,0
PDice1(obs4),0.1658864391422531,0.13837857684848373,0.016652211533422157,0
PDice1(obs5),0.16701902748414377,0.1391341773922128,0.016697613397244536,0
PDice1(obs6),0.1671700392630625,0.13923473027800193,0.016703646027041042,0
