Property,ObtainedValue,Variance,CI,Problems
PDice1(obs1),0.1687192118226601,0.14026089097948288,0.014435306743943997,0
PDice1(obs2),0.16580832960143305,0.13832367058839812,0.014335273153580332,0
PDice1(obs3),0.16569637259292433,0.1382488236648348,0.01433139422139131,0
PDice1(obs4),0.16401701746529332,0.13712311139375752,0.014272927170057577,0
PDice1(obs5),0.16748768472906403,0.13944336602421992,0.01439317643279561,0
PDice1(obs6),0.16827138378862516,0.13996396015962564,0.014420018952931508,0
