Property,ObtainedValue,Variance,CI,Problems
PDice1(obs1),0.16706258191349935,0.13915837511262896,0.012298849627863987,0
PDice1(obs2),0.16726736566186107,0.13929469910452424,0.012304872326307312,0
PDice1(obs3),0.16653014416775885,0.13880354019307362,0.012283159423060063,0
PDice1(obs4),0.16431847968545216,0.1373235412452167,0.012217499059331182,0
PDice1(obs5),0.16562909567496722,0.1382017586356925,0.012256503734163692,0
PDice1(obs6),0.16919233289646135,0.14057204475956248,0.012361162000857316,0
