Property,ObtainedValue,Variance,CI,Problems
PDice1(obs1),0.16627888940592522,0.13863559631703543,0.011944710321578577,0
PDice1(obs2),0.1675973320924461,0.13951387639882298,0.011982486472173284,0
PDice1(obs3),0.16697688847525982,0.13910100121090205,0.011964742943259912,0
PDice1(obs4),0.16375833721110594,0.13694685469257764,0.011871737235355048,0
PDice1(obs5),0.1662401116798511,0.1386097119179617,0.011943595181996716,0
PDice1(obs6),0.16914844113541183,0.14054269592303617,0.012026586645068251,0
