Property,ObtainedValue,Variance,CI,Problems
PDice1(obs1),0.16717135732098326,0.13923129479479088,0.01282771511734522,0
PDice1(obs2),0.16734948343427147,0.13934983928986897,0.012833174850632992,0
PDice1(obs3),0.16663697898111862,0.1388752805456537,0.012811304394210727,0
PDice1(obs4),0.16343070894193087,0.13672720098789196,0.012711837633239418,0
PDice1(obs5),0.16663697898111862,0.1388752805456537,0.012811304394210727,0
PDice1(obs6),0.16877449234057712,0.14029591066707695,0.01287666453849786,0
