Property,ObtainedValue,Variance,CI,Problems
PDice1(obs1),0.16973950279528963,0.14093219490422837,0.010546337461229986,0
PDice1(obs2),0.16542761984060902,0.13806542810321146,0.010438522407240103,0
PDice1(obs3),0.16623052218389436,0.1386020573049047,0.010458788825563656,0
PDice1(obs4),0.16483287736410135,0.1376670937273853,0.010423453371529504,0
PDice1(obs5),0.1660223623171167,0.13846305502077313,0.010453543015199988,0
PDice1(obs6),0.16774711549898894,0.13961217240521615,0.010496830836638636,0
