Property,ObtainedValue,Variance,CI,Problems
PDice1(obs1),0.17244601328903655,0.1427232033980802,0.019830612609685248,0
PDice1(obs2),0.16964285714285715,0.14087878428289602,0.019702059935332313,0
PDice1(obs3),0.1639327242524917,0.13707301717426182,0.019434117512266365,0
PDice1(obs4),0.1616486710963455,0.13553244928906552,0.01932459859683024,0
PDice1(obs5),0.16569767441860464,0.13825630896354552,0.019517820403262404,0
PDice1(obs6),0.16663205980066445,0.13888023507630917,0.01956181105329285,0
