Property,ObtainedValue,Variance,CI,Problems
PDice1(obs1),0.1690699754080036,0.1404892448587759,0.01020761242170942,0
PDice1(obs2),0.16571652135032416,0.13825841959569007,0.010126244907709856,0
PDice1(obs3),0.16621953945897608,0.13859447724612275,0.01013854411059026,0
PDice1(obs4),0.16476637603398167,0.1376222632787537,0.01010292154740882,0
PDice1(obs5),0.16641515761234071,0.13872502966264735,0.010143318109903769,0
PDice1(obs6),0.16781243013637379,0.1396553211589603,0.01017727187997151,0
