Property,ObtainedValue,Variance,CI,Problems
PDice1(obs1),0.1672715275486638,0.13929750832113744,0.012347549833224895,0
PDice1(obs2),0.16723028703398218,0.1392700617015384,0.012346333317571524,0
PDice1(obs3),0.16652919828439458,0.13880294870819546,0.012325611072883222,0
PDice1(obs4),0.1639310458594523,0.13706331062435256,0.012248128169099533,0
PDice1(obs5),0.16570438799076212,0.13825214538100045,0.012301131275694757,0
PDice1(obs6),0.16933355328274496,0.14066550213309065,0.012408032261259938,0
