Property,ObtainedValue,Variance,CI,Problems
PDice1(obs1),0.16919393455706305,0.14057135377445698,0.010311953304554772,0
PDice1(obs2),0.1657450689773116,0.13827758241589752,0.010227474680980314,0
PDice1(obs3),0.16620111731843576,0.1385822559335348,0.010238735819957758,0
PDice1(obs4),0.1646049481245012,0.13751407874414975,0.010199199948347818,0
PDice1(obs5),0.16642914148899784,0.13873443670284016,0.01024435598813831,0
PDice1(obs6),0.16782578953369057,0.139664274754885,0.010278628965680381,0
