Property,ObtainedValue,Variance,CI,Problems
PDice1(obs1),0.16695249528382783,0.13908532278715321,0.012580161319540368,0
PDice1(obs2),0.16686674669867949,0.1390281962804416,0.012577577529731803,0
PDice1(obs3),0.16708111816155033,0.13917098497296396,0.01258403476289376,0
PDice1(obs4),0.16377979763333905,0.13696184766284974,0.012483758596522477,0
PDice1(obs5),0.16626650660264106,0.13862789895789385,0.012559457464647268,0
PDice1(obs6),0.16905333561996227,0.14048032833042443,0.012643092509050099,0
