Property,ObtainedValue,Variance,CI,Problems
PDice1(obs1),0.1684997528423134,0.14011624383606325,0.015158226200520892,0
PDice1(obs2),0.16689322787938704,0.13904847009193447,0.015100358141891534,0
PDice1(obs3),0.16454522985664854,0.13747859191075482,0.015014873513923206,0
PDice1(obs4),0.16510133465150767,0.13785140170618373,0.015035218143855082,0
PDice1(obs5),0.1670785961443401,0.13917193820834853,0.015107060837300375,0
PDice1(obs6),0.16788185862580327,0.139706172533751,0.01513602853079659,0
