Property,ObtainedValue,Variance,CI,Problems
PDice1(obs1),0.16812439261418854,0.13986343556894487,0.011350434011567264,0
PDice1(obs2),0.16586838817159516,0.1383608681728488,0.011289299930782521,0
PDice1(obs3),0.16715257531584063,0.13921742380614738,0.011324190553236507,0
PDice1(obs4),0.1650006941552131,0.13778024712735126,0.011265587676119774,0
PDice1(obs5),0.16510481743717895,0.1378500011610614,0.01126843903095742,0
PDice1(obs6),0.16874913230598362,0.14027773137788718,0.011367232397950695,0
