Property,ObtainedValue,Variance,CI,Problems
PDice1(obs1),0.1733893557422969,0.1433455634670173,0.02308288550549568,0
PDice1(obs2),0.1733893557422969,0.1433455634670173,0.02308288550549568,0
PDice1(obs3),0.16526610644257703,0.1379725443896567,0.022646146162764908,0
PDice1(obs4),0.15868347338935573,0.13352172918474015,0.022277884263185086,0
PDice1(obs5),0.16148459383753502,0.13542628705775628,0.022436207877337182,0
PDice1(obs6),0.16778711484593836,0.13965415834354472,0.022783734191397096,0
