Property,ObtainedValue,Variance,CI,Problems
PDice1(obs1),0.16709779706275033,0.13918193026927378,0.012414310538758607,0
PDice1(obs2),0.16701435246995994,0.13912636321036218,0.01241183214379328,0
PDice1(obs3),0.16701435246995994,0.13912636321036218,0.01241183214379328,0
PDice1(obs4),0.16380173564753003,0.13697644201809975,0.012315558678966956,0
PDice1(obs5),0.16584612817089453,0.13834696209457564,0.01237701709473529,0
PDice1(obs6),0.1692256341789052,0.1405941848279034,0.01247713448752131,0
