Property,ObtainedValue,Variance,CI,Problems
PDice1(obs1),0.16720171214553237,0.13925150842530223,0.01283665164507971,0
PDice1(obs2),0.1673354735152488,0.13934052561186389,0.012840753934775757,0
PDice1(obs3),0.1664437310504726,0.1387464017473842,0.012813349316189961,0
PDice1(obs4),0.16345639379347243,0.13674449816529763,0.012720574693200268,0
PDice1(obs5),0.16671125378990548,0.1389248059071451,0.012821584558419504,0
PDice1(obs6),0.16885143570536829,0.14034688602950776,0.012887040461518024,0
