Property,ObtainedValue,Variance,CI,Problems
PDice1(obs1),0.16846804511278196,0.14009479214101753,0.014778394838198955,0
PDice1(obs2),0.16635338345864661,0.13868808189185883,0.014704011740528915,0
PDice1(obs3),0.16558975563909775,0.1381779051197429,0.01467694179791175,0
PDice1(obs4),0.1643562030075188,0.1373513096390156,0.014632976404875014,0
PDice1(obs5),0.16764567669172933,0.13954880095880892,0.014749568819030556,0
PDice1(obs6),0.16758693609022557,0.1395097498287368,0.014747504925869159,0
