Property,ObtainedValue,Variance,CI,Problems
PDice1(obs1),0.16965766406064914,0.14087811302740963,0.01052243298778614,0
PDice1(obs2),0.16551172707889125,0.13812168559114157,0.010418983266245145,0
PDice1(obs3),0.16637052831082683,0.1386954829256308,0.010440602567661808,0
PDice1(obs4),0.16486022269604358,0.13768540706166155,0.010402515273418164,0
PDice1(obs5),0.166015162283819,0.13845822845490896,0.01043166882366779,0
PDice1(obs6),0.1675846955697702,0.13950419663490005,0.01047099716254162,0
