Property,ObtainedValue,Variance,CI,Problems
PDice1(obs1),0.1647167487684729,0.13762751444683308,0.033534489411081454,0
PDice1(obs2),0.17826354679802955,0.14653076883398242,0.03460218144411772,0
PDice1(obs3),0.16748768472906403,0.13947850308204163,0.03375924332490516,0
PDice1(obs4),0.1687192118226601,0.14029623403793726,0.033858060110209864,0
PDice1(obs5),0.1520935960591133,0.1290008511077296,0.03246649103426832,0
PDice1(obs6),0.1687192118226601,0.14029623403793726,0.033858060110209864,0
