Property,ObtainedValue,Variance,CI,Problems
PDice1(obs1),0.16862284820031298,0.14019701900283135,0.014420722514468572,0
PDice1(obs2),0.16560473954840152,0.13818753321324054,0.014317001242373324,0
PDice1(obs3),0.16588419405320814,0.13837436208429257,0.014326676231275839,0
PDice1(obs4),0.1641515761234071,0.13721350516603617,0.014266454637789753,0
PDice1(obs5),0.16739324837916386,0.1393805388801299,0.014378669458767349,0
PDice1(obs6),0.16834339369550638,0.140011720875811,0.014411189443033106,0
