Property,ObtainedValue,Variance,CI,Problems
PDice1(obs1),0.1667295217981596,0.13893602806450447,0.01179235404289865,0
PDice1(obs2),0.16706893950822146,0.13916215719323324,0.01180194662533501,0
PDice1(obs3),0.16680494795595113,0.1389862988946192,0.01179448724701021,0
PDice1(obs4),0.16420274551214362,0.1372453798242552,0.011720386588090737,0
PDice1(obs5),0.1656735555890783,0.13823104168573183,0.011762397731656991,0
PDice1(obs6),0.16952028963644591,0.14078847060472094,0.011870707821794432,0
