Property,ObtainedValue,Variance,CI,Problems
PDice1(obs1),0.1694015444015444,0.14070890551238052,0.010613362573678323,0
PDice1(obs2),0.16548021235521235,0.1381006773557149,0.010514536010572942,0
PDice1(obs3),0.16617398648648649,0.1385643723702436,0.010532173332413486,0
PDice1(obs4),0.16502775096525096,0.13779774892066943,0.010502997687218983,0
PDice1(obs5),0.1657516891891892,0.13828223787835675,0.010521445453940292,0
PDice1(obs6),0.1681648166023166,0.1398896307032091,0.01058241941999784,0
