Property,ObtainedValue,Variance,CI,Problems
PDice1(obs1),0.16945288753799392,0.14074242598346584,0.010068218483102591,0
PDice1(obs2),0.1651273363209094,0.1378640663099534,0.009998982487105783,0
PDice1(obs3),0.16632265073329713,0.13866319256115833,0.009997370349579792,0
PDice1(obs4),0.16489827171297308,0.13771059757625106,0.00999724079076279,0
PDice1(obs5),0.1660958904109589,0.1385118103258577,0.009995713038112067,0
PDice1(obs6),0.16798740772904908,0.13977143176261803,0.010033427616055456,0
