Property,ObtainedValue,Variance,CI,Problems
PDice1(obs1),0.16739050083163926,0.1393773606009782,0.013072974998505089,0
PDice1(obs2),0.1673442986508963,0.1393466224777736,0.013071533369562885,0
PDice1(obs3),0.16660506375900944,0.138854231857183,0.013048418362698126,0
PDice1(obs4),0.1637405285529477,0.1369358945991015,0.012957969825778992,0
PDice1(obs5),0.16637405285529477,0.1387001356405343,0.013041175983252504,0
PDice1(obs6),0.16854555535021254,0.14014442610000577,0.013108899300724954,0
