Property,ObtainedValue,Variance,CI,Problems
PDice1(obs1),0.1686771482786663,0.14023467149674004,0.015881461009966073,0
PDice1(obs2),0.16616969368392517,0.13856671711874047,0.01578673125836207,0
PDice1(obs3),0.1643399295201952,0.13734162459596927,0.015716789701033525,0
PDice1(obs4),0.16589861751152074,0.13838564448199236,0.015776413197940976,0
PDice1(obs5),0.16786391976145296,0.13969509120643045,0.015850878051473425,0
PDice1(obs6),0.16705069124423963,0.13915418814523547,0.015820160780104172,0
