Property,ObtainedValue,Variance,CI,Problems
PDice1(obs1),0.16307277628032346,0.13652604525794523,0.034939998504035556,0
PDice1(obs2),0.1809299191374663,0.14824423101556475,0.03640860403935551,0
PDice1(obs3),0.16273584905660377,0.13629881526985518,0.03491090983559095,0
PDice1(obs4),0.16711590296495957,0.13923509003349513,0.03528494760901666,0
PDice1(obs5),0.15498652291105122,0.13100984140913935,0.034226862282510886,0
PDice1(obs6),0.1711590296495957,0.14191143004314305,0.035622452428687584,0
