Property,ObtainedValue,Variance,CI,Problems
PDice1(obs1),0.16815054633751517,0.13988301633905498,0.013704026927751639,0
PDice1(obs2),0.16643059490084985,0.1387384703180151,0.01364784746462315,0
PDice1(obs3),0.1655706191825172,0.13816397852054543,0.013619561474923854,0
PDice1(obs4),0.16349656009712668,0.1367723538101931,0.013550797944437943,0
PDice1(obs5),0.16754350465398624,0.13947973453665188,0.01368425836022543,0
PDice1(obs6),0.16880817482800486,0.14031907323311316,0.013725370067839922,0
