Property,ObtainedValue,Variance,CI,Problems
PDice1(obs1),0.16804668794892258,0.13981397257944228,0.01360463317342451,0
PDice1(obs2),0.16679968076616122,0.13898447984825446,0.013564216139726337,0
PDice1(obs3),0.16575219473264166,0.13828530238456785,0.013530054945347933,0
PDice1(obs4),0.163158419792498,0.13654456072523266,0.013444626777813095,0
PDice1(obs5),0.16754788507581803,0.13948254871204305,0.01358849896568143,0
PDice1(obs6),0.1686951316839585,0.14024407964507668,0.013625542941878947,0
