Property,ObtainedValue,Variance,CI,Problems
PDice1(obs1),0.17142857142857143,0.14206497703691104,0.02532222858923388,0
PDice1(obs2),0.1773809523809524,0.14594177014231446,0.025665410623886283,0
PDice1(obs3),0.1619047619047619,0.13571469070703635,0.02474980849346319,0
PDice1(obs4),0.16037414965986393,0.13467718606408374,0.024655023967497674,0
PDice1(obs5),0.16003401360544217,0.13444599305958138,0.02463385290807259,0
PDice1(obs6),0.16887755102040816,0.14038179823724015,0.025171773360828566,0
