Property,ObtainedValue,Variance,CI,Problems
PDice1(obs1),0.16678732303732305,0.1389749013137683,0.012179508528051306,0
PDice1(obs2),0.1677927927927928,0.139643987791838,0.01220879208765394,0
PDice1(obs3),0.1661036036036036,0.1385187675307532,0.012159504731679248,0
PDice1(obs4),0.16433397683397682,0.13733384429298034,0.01210738535093949,0
PDice1(obs5),0.16590250965250966,0.1383844325979728,0.0121536071825622,0
PDice1(obs6),0.1690797940797941,0.14049746795191834,0.012246044278753818,0
