Property,ObtainedValue,Variance,CI,Problems
PDice1(obs1),0.16731898238747553,0.1393295373508125,0.012824247305209124,0
PDice1(obs2),0.16723003024372887,0.13927034142612552,0.012821522743561528,0
PDice1(obs3),0.16660736523750222,0.13885552683451124,0.012802414149141251,0
PDice1(obs4),0.16344956413449563,0.13673988577172658,0.012704509236579493,0
PDice1(obs5),0.16669631738124888,0.13891483353889958,0.012805147882371058,0
PDice1(obs6),0.16869774061554885,0.14024505047570268,0.012866311405029618,0
