Property,ObtainedValue,Variance,CI,Problems
PDice1(obs1),0.17440288418206398,0.14400274200407492,0.02075027273541769,0
PDice1(obs2),0.16978368634520055,0.1409730686960882,0.020530829919029832,0
PDice1(obs3),0.16302388463271744,0.1364624719928403,0.020199705863852124,0
PDice1(obs4),0.16167192429022081,0.13554938463589106,0.020132013067593577,0
PDice1(obs5),0.16291122127084273,0.13638652101885762,0.020194083802187988,0
PDice1(obs6),0.16820639927895448,0.13992877136636855,0.020454644641069324,0
