Property,ObtainedValue,Variance,CI,Problems
PDice1(obs1),0.1672161172161172,0.13926126379077522,0.013008760684182769,0
PDice1(obs2),0.1673076923076923,0.13932220762432768,0.013011606834670378,0
PDice1(obs3),0.16639194139194138,0.13871201451447798,0.012983081930514546,0
PDice1(obs4),0.16364468864468865,0.13687137152726236,0.012896654574606927,0
PDice1(obs5),0.16648351648351647,0.13877310930289546,0.012985940771999127,0
PDice1(obs6),0.16895604395604397,0.14041632848583718,0.013062598094333881,0
