Property,ObtainedValue,Variance,CI,Problems
PDice1(obs1),0.168703007518797,0.14025171816752355,0.01580761458545025,0
PDice1(obs2),0.166219119226638,0.13859962811647158,0.01571423617125462,0
PDice1(obs3),0.16427228786251344,0.13729612028200266,0.015640166639502327,0
PDice1(obs4),0.16574919441460795,0.13828568237598743,0.01569642871227846,0
PDice1(obs5),0.16796455424274973,0.13976184526919372,0.015779983923415813,0
PDice1(obs6),0.16709183673469388,0.13918149837981517,0.0157471874504869,0
