Property,ObtainedValue,Variance,CI,Problems
PDice1(obs1),0.1672203765227021,0.13926414819259506,0.013059220138193009,0
PDice1(obs2),0.16735880398671096,0.13935626495963266,0.01306353845806506,0
PDice1(obs3),0.16666666666666666,0.1388952978635042,0.013041914566704758,0
PDice1(obs4),0.16371354743447766,0.13691773954605108,0.012948737877195972,0
PDice1(obs5),0.16657438169066077,0.13883376319028723,0.013039025272145913,0
PDice1(obs6),0.16846622369878184,0.1400918193565478,0.013097969263723704,0
