Property,ObtainedValue,Variance,CI,Problems
PDice1(obs1),0.16985049833887042,0.14101301859764184,0.01763045158772518,0
PDice1(obs2),0.16769102990033222,0.1395823416090397,0.01754078686818097,0
PDice1(obs3),0.16279069767441862,0.13630120712336072,0.017333396948857695,0
PDice1(obs4),0.16470099667774085,0.13758600578021762,0.01741489912864501,0
PDice1(obs5),0.16785714285714284,0.13969272483476322,0.017547721219516258,0
PDice1(obs6),0.16710963455149502,0.13919556568505623,0.01751646767324514,0
