Property,ObtainedValue,Variance,CI,Problems
PDice1(obs1),0.16801705756929639,0.1397922936782532,0.011482240631437646,0
PDice1(obs2),0.16609808102345416,0.13851443083607715,0.01142963968392843,0
PDice1(obs3),0.16673773987206822,0.1389412034727693,0.01144723390121359,0
PDice1(obs4),0.16467661691542287,0.1375631172825591,0.01139032282492451,0
PDice1(obs5),0.16528073916133618,0.13796791933475339,0.01140706946130212,0
PDice1(obs6),0.16918976545842218,0.14056958408800782,0.011514118867146492,0
