Property,ObtainedValue,Variance,CI,Problems
PDice1(obs1),0.1629251700680272,0.13642696275515992,0.035093243946805644,0
PDice1(obs2),0.18061224489795918,0.14804181625014753,0.03655658447715712,0
PDice1(obs3),0.1629251700680272,0.13642696275515992,0.035093243946805644,0
PDice1(obs4),0.16700680272108845,0.13916286487374807,0.03544337669029015,0
PDice1(obs5),0.154421768707483,0.13062011466716664,0.03433827231162323,0
PDice1(obs6),0.17210884353741496,0.14253587110243893,0.03587034032790443,0
