Property,ObtainedValue,Variance,CI,Problems
PDice1(obs1),0.16698328267477203,0.13912629574935878,0.026484619996093136,0
PDice1(obs2),0.17819148936170212,0.14646710677916083,0.02717435135431404,0
PDice1(obs3),0.16261398176291794,0.1361965479025161,0.0262042771971765,0
PDice1(obs4),0.1631838905775076,0.13658085464448433,0.026241221549178226,0
PDice1(obs5),0.1605243161094225,0.13478186450456736,0.02606782908650379,0
PDice1(obs6),0.16850303951367782,0.14013638684236515,0.026580588546761923,0
