Property,ObtainedValue,Variance,CI,Problems
PDice1(obs1),0.16964285714285715,0.14087613742665192,0.017830442947568446,0
PDice1(obs2),0.16768707482993198,0.13957998881158043,0.017748227786746753,0
PDice1(obs3),0.1630952380952381,0.13650678912605949,0.017551754676985783,0
PDice1(obs4),0.16454081632653061,0.13747882646552967,0.017614135078610205,0
PDice1(obs5),0.16717687074829932,0.13924060482259065,0.01772663754907974,0
PDice1(obs6),0.16785714285714284,0.1396930011055362,0.017755411345506886,0
