Property,ObtainedValue,Variance,CI,Problems
PDice1(obs1),0.17312348668280872,0.14317341172012513,0.023979672368735695,0
PDice1(obs2),0.1761501210653753,0.14514322068713534,0.024144067463946484,0
PDice1(obs3),0.1643462469733656,0.1373573446022287,0.023487565341728748,0
PDice1(obs4),0.15874697336561744,0.13356658467375015,0.023161195299746525,0
PDice1(obs5),0.1611682808716707,0.13521352820821414,0.02330355243576334,0
PDice1(obs6),0.16646489104116222,0.13877533220141086,0.023608489207671106,0
