Property,ObtainedValue,Variance,CI,Problems
PDice1(obs1),0.16709869431643626,0.13918340190506867,0.013316046879484978,0
PDice1(obs2),0.16705069124423963,0.13915143749556172,0.01331451773157581,0
PDice1(obs3),0.16657066052227343,0.13883153991588074,0.013299204441159078,0
PDice1(obs4),0.16330645161290322,0.13664401380696575,0.013194012679075365,0
PDice1(obs5),0.16690668202764977,0.13905551661417415,0.013309927910346329,0
PDice1(obs6),0.1690668202764977,0.14048997450848136,0.01337840252271865,0
