Property,ObtainedValue,Variance,CI,Problems
PDice1(obs1),0.1673085307368115,0.1393214480963915,0.011590449807029458,0
PDice1(obs2),0.16654556023833744,0.13881317995376452,0.01156928853146472,0
PDice1(obs3),0.16683621566632756,0.13900694319878734,0.011577360247568894,0
PDice1(obs4),0.1644383083854091,0.13740334324919662,0.011510387662364924,0
PDice1(obs5),0.1652739427408807,0.13796347907102183,0.01153382531258125,0
PDice1(obs6),0.1695974422322337,0.1408392667826884,0.011653414077093402,0
