Property,ObtainedValue,Variance,CI,Problems
PDice1(obs1),0.17485119047619047,0.14429614553250295,0.021792104902427528,0
PDice1(obs2),0.17212301587301587,0.1425143561910274,0.021657140963355113,0
PDice1(obs3),0.16319444444444445,0.13657895462124656,0.021201359385085786,0
PDice1(obs4),0.1597222222222222,0.1342276792481431,0.021018071079620303,0
PDice1(obs5),0.1613343253968254,0.13532234188995784,0.021103601050662227,0
PDice1(obs6),0.1687748015873016,0.14030726715114503,0.021488786872918077,0
