Property,ObtainedValue,Variance,CI,Problems
PDice1(obs1),0.1701086956521739,0.14118268870456455,0.017056105274816904,0
PDice1(obs2),0.16661490683229813,0.13886516111017067,0.01691553721311021,0
PDice1(obs3),0.16389751552795032,0.1370457601304835,0.0168043587963712,0
PDice1(obs4),0.1653726708074534,0.1380352675813436,0.0168649156912274,0
PDice1(obs5),0.16746894409937887,0.1394339224767171,0.016950142987614207,0
PDice1(obs6),0.16653726708074534,0.13881338319060496,0.016912383315556036,0
