Property,ObtainedValue,Variance,CI,Problems
PDice1(obs1),0.16886079249217936,0.1403559725381453,0.015580924719050579,0
PDice1(obs2),0.1661235662148071,0.13853555560962372,0.015479552652512866,0
PDice1(obs3),0.1644290928050052,0.13740112095763357,0.01541604318532282,0
PDice1(obs4),0.16566736183524505,0.13823069583619937,0.015462511207990965,0
PDice1(obs5),0.16768769551616267,0.13957762884943709,0.015537662669071728,0
PDice1(obs6),0.16723149113660063,0.13927419629430246,0.015520764553530486,0
