Property,ObtainedValue,Variance,CI,Problems
PDice1(obs1),0.16875081838418227,0.14027857174942027,0.01103954952188904,0
PDice1(obs2),0.16573916459342675,0.13827422037069043,0.010960397211074613,0
PDice1(obs3),0.1674086683252586,0.1393875689980891,0.011004433902118404,0
PDice1(obs4),0.16531360481864607,0.137989534018589,0.010949108471951196,0
PDice1(obs5),0.1645606913709572,0.13748497084748743,0.010929072255696561,0
PDice1(obs6),0.16822705250752915,0.13993129201439775,0.011025876059455077,0
