Property,ObtainedValue,Variance,CI,Problems
PDice1(obs1),0.16816064370412195,0.1398875783571505,0.0114463594340009,0
PDice1(obs2),0.16600790513833993,0.1384541667276954,0.011387563675691532,0
PDice1(obs3),0.16678430265386787,0.13897220348183592,0.011408847501626412,0
PDice1(obs4),0.164843308865048,0.13767485104257493,0.011355469913433607,0
PDice1(obs5),0.1653020892151327,0.13798217801716317,0.011368137066487531,0
PDice1(obs6),0.16890175042348957,0.14037890321062924,0.011466443244960723,0
