Property,ObtainedValue,Variance,CI,Problems
PDice1(obs1),0.16907849039129427,0.14049908709505235,0.014691367707447492,0
PDice1(obs2),0.16618430192174113,0.13857510096571235,0.014590429599026013,0
PDice1(obs3),0.16572123176661263,0.13826570844875183,0.014574132687872296,0
PDice1(obs4),0.16415836999305394,0.1372183422691577,0.014518828046514963,0
PDice1(obs5),0.1671683260013892,0.13923113600625112,0.014624925446854327,0
PDice1(obs6),0.16768927992590876,0.13957766460518914,0.014643113926867256,0
