Property,ObtainedValue,Variance,CI,Problems
PDice1(obs1),0.1694271911663216,0.14072566469153222,0.010363200865370589,0
PDice1(obs2),0.1658040027605245,0.13831701279893072,0.010274130131161454,0
PDice1(obs3),0.1661203128594433,0.13852833796149522,0.010281975708175932,0
PDice1(obs4),0.16482631700023004,0.13766256077511663,0.010249795099562285,0
PDice1(obs5),0.1661203128594433,0.13852833796149522,0.010281975708175932,0
PDice1(obs6),0.16770186335403728,0.13958196212564355,0.010321003162890455,0
