Property,ObtainedValue,Variance,CI,Problems
PDice1(obs1),0.16818117779656241,0.1399011967180238,0.01143562214009721,0
PDice1(obs2),0.1660326852634545,0.138470709790711,0.011377007418145192,0
PDice1(obs3),0.16673710904480135,0.13894073917022684,0.011396300297760752,0
PDice1(obs4),0.16487038602423218,0.13769299154734138,0.011345013052489531,0
PDice1(obs5),0.1652225979149056,0.13792894907474826,0.011354729579616378,0
PDice1(obs6),0.16895604395604397,0.1404148447445619,0.011456595881769184,0
