Property,ObtainedValue,Variance,CI,Problems
PDice1(obs1),0.16675231243576566,0.1389816883138494,0.030785020773192742,0
PDice1(obs2),0.17625899280575538,0.14522907502833507,0.031469326266345674,0
PDice1(obs3),0.16212744090441933,0.13587704569244702,0.03043923315945532,0
PDice1(obs4),0.1644398766700925,0.13743471573660776,0.030613210918442307,0
PDice1(obs5),0.16238437821171633,0.13605064841176953,0.030458672229625495,0
PDice1(obs6),0.16803699897225077,0.13983649516117913,0.030879547281859675,0
