Property,ObtainedValue,Variance,CI,Problems
PDice1(obs1),0.1694642857142857,0.14077127931008088,0.02582914857586653,0
PDice1(obs2),0.17714285714285713,0.14578929910953486,0.026285478407112896,0
PDice1(obs3),0.16196428571428573,0.13575609802770905,0.02536487550829675,0
PDice1(obs4),0.16125,0.13527259332023575,0.02531966584116777,0
PDice1(obs5),0.15982142857142856,0.13430252213405455,0.02522871588963393,0
PDice1(obs6),0.17035714285714285,0.14136082974000458,0.02588317833154376,0
