Property,ObtainedValue,Variance,CI,Problems
PDice1(obs1),0.15966386554621848,0.13426533893164835,0.04995338557943288,0
PDice1(obs2),0.1722689075630252,0.14269225559880575,0.05149714744661923,0
PDice1(obs3),0.16526610644257703,0.1380498940991954,0.050652514603507254,0
PDice1(obs4),0.17717086834733894,0.14588351107787192,0.05206981985261241,0
PDice1(obs5),0.16036414565826332,0.13474184347880708,0.050041948770313954,0
PDice1(obs6),0.16526610644257703,0.1380498940991954,0.050652514603507254,0
