Property,ObtainedValue,Variance,CI,Problems
PDice1(obs1),0.1746031746031746,0.1446910769619933,0.12344334441953446,0
PDice1(obs2),0.15079365079365079,0.1285651046607222,0.11636124483852359,0
PDice1(obs3),0.17857142857142858,0.14726807057484348,0.1245377752914327,0
PDice1(obs4),0.1865079365079365,0.15232719913994816,0.12665884786750034,0
PDice1(obs5),0.16666666666666666,0.1394422310756972,0.12118363246670208,0
PDice1(obs6),0.14285714285714285,0.12293682413204325,0.11378572988987683,0
