Property,ObtainedValue,Variance,CI,Problems
PDice1(obs1),0.1678451581975072,0.13968153124520777,0.0149043974548103,0
PDice1(obs2),0.16688638542665388,0.13904365174008324,0.014870326778052431,0
PDice1(obs3),0.16562799616490892,0.1382036446695147,0.014825340536384865,0
PDice1(obs4),0.16472914669223393,0.1376017004700095,0.01479301951437359,0
PDice1(obs5),0.16706615532118888,0.13916339419695123,0.014876728459274546,0
PDice1(obs6),0.1678451581975072,0.13968153124520777,0.0149043974548103,0
