Property,ObtainedValue,Variance,CI,Problems
PDice1(obs1),0.16964285714285715,0.1408743017621825,0.016407526319089635,0
PDice1(obs2),0.16546658986175114,0.13809734114622998,0.016245006139615607,0
PDice1(obs3),0.16309043778801843,0.13650177564701793,0.0161508867449429,0
PDice1(obs4),0.16683467741935484,0.13901087725350003,0.016298649234713185,0
PDice1(obs5),0.1681307603686636,0.13987287927840214,0.016349104839741665,0
PDice1(obs6),0.16683467741935484,0.13901087725350003,0.016298649234713185,0
