Property,ObtainedValue,Variance,CI,Problems
PDice1(obs1),0.1673621894409938,0.13935884935303597,0.013396656698364868,0
PDice1(obs2),0.16668284161490685,0.1389064123381761,0.01337489248725158,0
PDice1(obs3),0.16673136645962733,0.1389387598798816,0.013376449721724663,0
PDice1(obs4),0.16343167701863354,0.1367283986898259,0.013269620915208771,0
PDice1(obs5),0.1669254658385093,0.13906810295120725,0.013382674581563414,0
PDice1(obs6),0.16886645962732919,0.14035738926078004,0.013444566175724948,0
