Property,ObtainedValue,Variance,CI,Problems
PDice1(obs1),0.16745869279134376,0.13942137555557865,0.011630153836240924,0
PDice1(obs2),0.16661792659745578,0.13886146922203607,0.011606777407569789,0
PDice1(obs3),0.16691036701272116,0.13905637960957468,0.01161492037263883,0
PDice1(obs4),0.16427840327533266,0.13729602835608318,0.011541168052016947,0
PDice1(obs5),0.1653384997806697,0.1380067251139474,0.01157100024627571,0
PDice1(obs6),0.16939611054247697,0.14070621179843398,0.011683619721280304,0
