Property,ObtainedValue,Variance,CI,Problems
PDice1(obs1),0.1672136811193643,0.13925927992683315,0.012633607420550603,0
PDice1(obs2),0.16691138365866298,0.13905797893151664,0.012624473101258575,0
PDice1(obs3),0.1669977543617205,0.13911551215215837,0.012627084427450593,0
PDice1(obs4),0.16380203834859217,0.1369768459746832,0.012529648444083556,0
PDice1(obs5),0.16617723268267404,0.13856834414325503,0.012602227588443137,0
PDice1(obs6),0.168897909828986,0.14037746813469384,0.012684227049977797,0
