Property,ObtainedValue,Variance,CI,Problems
PDice1(obs1),0.15476190476190477,0.13089267054784295,0.04665393672371854,0
PDice1(obs2),0.16917293233082706,0.14064157258349635,0.04836013322930558,0
PDice1(obs3),0.16917293233082706,0.14064157258349635,0.04836013322930558,0
PDice1(obs4),0.17669172932330826,0.14556296697857496,0.049198977994375066,0
PDice1(obs5),0.16353383458646617,0.13687628161312373,0.04770838673126132,0
PDice1(obs6),0.16666666666666666,0.13897596656217345,0.04807291788525544,0
