Property,ObtainedValue,Variance,CI,Problems
PDice1(obs1),0.17857142857142858,0.14705882352941177,0.09978139822885236,0
PDice1(obs2),0.15051020408163265,0.1281838822485516,0.09315812783652486,0
PDice1(obs3),0.16581632653061223,0.1386750352314839,0.09689540541664404,0
PDice1(obs4),0.18877551020408162,0.15353097760843468,0.10195347886116768,0
PDice1(obs5),0.16071428571428573,0.135230179028133,0.09568433727570205,0
PDice1(obs6),0.1556122448979592,0.13173312803382223,0.09443903569820658,0
