Property,ObtainedValue,Variance,CI,Problems
PDice1(obs1),0.16798172757475083,0.1397687037325544,0.011330085302544651,0
PDice1(obs2),0.16593992248062014,0.13840865449750567,0.011274825636998331,0
PDice1(obs3),0.1671857696566999,0.1392395067239482,0.011308615784409008,0
PDice1(obs4),0.16500553709856036,0.1377834780797392,0.011249333254440235,0
PDice1(obs5),0.16497093023255813,0.1377602898626543,0.011248386613518119,0
PDice1(obs6),0.16891611295681064,0.14038831814008676,0.011355171464987782,0
