Property,ObtainedValue,Variance,CI,Problems
PDice1(obs1),0.16574446680080482,0.13830802424610555,0.030384183907996857,0
PDice1(obs2),0.17530181086519114,0.1446074560570973,0.031068424496257244,0
PDice1(obs3),0.1619718309859155,0.13577110461511208,0.030104232750640416,0
PDice1(obs4),0.16675050301810865,0.13897972742113057,0.030457876064550114,0
PDice1(obs5),0.1619718309859155,0.13577110461511208,0.030104232750640416,0
PDice1(obs6),0.1682595573440644,0.1399834858205839,0.03056766670448749,0
