Property,ObtainedValue,Variance,CI,Problems
PDice1(obs1),0.17034313725490197,0.14135109918595348,0.02562728335853377,0
PDice1(obs2),0.17682072829131654,0.14558064514546845,0.026007870598884795,0
PDice1(obs3),0.16193977591036415,0.13573904872752812,0.025113392046948412,0
PDice1(obs4),0.16106442577030813,0.13514633659452224,0.02505850254779803,0
PDice1(obs5),0.16001400560224088,0.1344330588127389,0.024992287955887035,0
PDice1(obs6),0.16981792717086835,0.14100448444129884,0.02559584304249907,0
