Property,ObtainedValue,Variance,CI,Problems
PDice1(obs1),0.16912424310383495,0.14052517286744312,0.01022493155802222,0
PDice1(obs2),0.16567616057411977,0.13823144546009228,0.0101411398132546,0
PDice1(obs3),0.1662087912087912,0.13858731397838797,0.01015418529881836,0
PDice1(obs4),0.16469499887867234,0.13757441287286032,0.010117010007684352,0
PDice1(obs5),0.16646108993047767,0.138755685234303,0.010160351642340599,0
PDice1(obs6),0.16783471630410407,0.13967013970697006,0.01019377701548532,0
