Property,ObtainedValue,Variance,CI,Problems
PDice1(obs1),0.16864035087719298,0.14020517532592092,0.010796864631299613,0
PDice1(obs2),0.16594611528822056,0.1384123383351075,0.01072761148930829,0
PDice1(obs3),0.16679197994987469,0.13897676928308741,0.010749462270967122,0
PDice1(obs4),0.16538220551378446,0.1380352560259636,0.010712988691079997,0
PDice1(obs5),0.16481829573934836,0.1376575377084272,0.010698321191739768,0
PDice1(obs6),0.16842105263157894,0.14005978950006678,0.010791265272300572,0
