Property,ObtainedValue,Variance,CI,Problems
PDice1(obs1),0.1681046676096181,0.13985043354375598,0.011456165558458114,0
PDice1(obs2),0.16612446958981614,0.1385320287799089,0.011402037628292588,0
PDice1(obs3),0.16683168316831684,0.13900378792785748,0.01142143546696791,0
PDice1(obs4),0.1647100424328147,0.13758550947162027,0.011363018685864581,0
PDice1(obs5),0.16527581329561528,0.13796459735691835,0.01137866211976344,0
PDice1(obs6),0.16895332390381895,0.14041306334692008,0.011479186975849567,0
