Property,ObtainedValue,Variance,CI,Problems
PDice1(obs1),0.16775510204081634,0.1396418261119512,0.027501526153282066,0
PDice1(obs2),0.17530612244897958,0.14460339677818465,0.027985835860301803,0
PDice1(obs3),0.16346938775510203,0.1367750602996863,0.02721776704672302,0
PDice1(obs4),0.1653061224489796,0.13800817326318157,0.02734018436999522,0
PDice1(obs5),0.16142857142857142,0.13539701979995916,0.02708030727313614,0
PDice1(obs6),0.16673469387755102,0.1389625954484672,0.02743455964707052,0
