Property,ObtainedValue,Variance,CI,Problems
PDice1(obs1),0.17101475350845627,0.14178146231042957,0.01839850485941713,0
PDice1(obs2),0.16876574307304787,0.14029648816868756,0.018301901187486397,0
PDice1(obs3),0.1624685138539043,0.13608473809985147,0.01802509312333553,0
PDice1(obs4),0.16300827635840232,0.13644885319285424,0.018049191432236145,0
PDice1(obs5),0.16660669305505577,0.13886139491336363,0.018208055478810638,0
PDice1(obs6),0.1681360201511335,0.1398788824415233,0.018274642220259322,0
