Property,ObtainedValue,Variance,CI,Problems
PDice1(obs1),0.1696948105925662,0.14090266492452844,0.010536463073573128,0
PDice1(obs2),0.1655088469302933,0.13811976897436734,0.010431894049245351,0
PDice1(obs3),0.16636978981118633,0.13869500038292645,0.010453594484495699,0
PDice1(obs4),0.16476665479159244,0.13762268995952445,0.010413105466084104,0
PDice1(obs5),0.1660135375846099,0.1384571533956851,0.010444627244075131,0
PDice1(obs6),0.1676463602897518,0.13954520094539594,0.010485585807698376,0
