Property,ObtainedValue,Variance,CI,Problems
PDice1(obs1),0.16929301533219762,0.14063716861903564,0.01065575111791933,0
PDice1(obs2),0.16552080798247748,0.1381278720990338,0.010560261481024012,0
PDice1(obs3),0.16652470187393525,0.13879844793106624,0.010585864142355376,0
PDice1(obs4),0.16500365052324167,0.1377816372961558,0.010547017867931855,0
PDice1(obs5),0.16536870284740812,0.13802609386150375,0.01055637014885471,0
PDice1(obs6),0.16828912144073985,0.13997215114203485,0.010630527851238136,0
