Property,ObtainedValue,Variance,CI,Problems
PDice1(obs1),0.17477456098718558,0.1442455288555685,0.02131257830215049,0
PDice1(obs2),0.17097769340294258,0.14176114202045326,0.021128244471585036,0
PDice1(obs3),0.16326530612244897,0.13662595689753296,0.020742037739399727,0
PDice1(obs4),0.16006169909824394,0.13445790529446647,0.020576806915263687,0
PDice1(obs5),0.16184148077835786,0.13566491280625606,0.020668957953964135,0
PDice1(obs6),0.16907925961082107,0.14050813516726948,0.021034662428080157,0
