Property,ObtainedValue,Variance,CI,Problems
PDice1(obs1),0.16768053375196232,0.1395706194198986,0.013480294272448337,0
PDice1(obs2),0.16650313971742542,0.13878665278904273,0.013442381626578322,0
PDice1(obs3),0.16660125588697017,0.13885208924141929,0.013445550224166002,0
PDice1(obs4),0.16302001569858712,0.136451184213982,0.013328799174369195,0
PDice1(obs5),0.16723901098901098,0.13927695685318459,0.013466105246410788,0
PDice1(obs6),0.16895604395604397,0.14041678774544397,0.013521095702312141,0
