Property,ObtainedValue,Variance,CI,Problems
PDice1(obs1),0.1687592319054653,0.1402869542144245,0.014014653619556785,0
PDice1(obs2),0.16554125342899345,0.13814463448904346,0.013907233167625498,0
PDice1(obs3),0.1656467609200253,0.1382152028863688,0.013910784828744955,0
PDice1(obs4),0.163589364844904,0.13683510311875247,0.013841159940565534,0
PDice1(obs5),0.16770415699514665,0.13958683645014133,0.013979639029234898,0
PDice1(obs6),0.1687592319054653,0.1402869542144245,0.014014653619556785,0
