Property,ObtainedValue,Variance,CI,Problems
PDice1(obs1),0.16254578754578755,0.13618701118701118,0.04068071735953453,0
PDice1(obs2),0.17673992673992675,0.14556957777296758,0.04205872174335426,0
PDice1(obs3),0.16071428571428573,0.13494699299784046,0.040495089585179715,0
PDice1(obs4),0.17536630036630035,0.1446792061198841,0.04192989904501794,0
PDice1(obs5),0.1543040293040293,0.13055407335068353,0.03983051956107723,0
PDice1(obs6),0.17032967032967034,0.14138220917881936,0.041449389659681445,0
