Property,ObtainedValue,Variance,CI,Problems
PDice1(obs1),0.16658676893576221,0.13886890328210147,0.02972195882522546,0
PDice1(obs2),0.17569511025886864,0.1448610607001317,0.03035643418002524,0
PDice1(obs3),0.16251198465963568,0.1361344700073764,0.029427880094869414,0
PDice1(obs4),0.16610738255033558,0.13854892924781048,0.029687697232390012,0
PDice1(obs5),0.1601150527325024,0.13451046386350715,0.029251824594037152,0
PDice1(obs6),0.1689837008628955,0.1404618774614382,0.029891943994395848,0
