Property,ObtainedValue,Variance,CI,Problems
PDice1(obs1),0.16930418719211823,0.14064460958251615,0.010720143796314906,0
PDice1(obs2),0.16588669950738916,0.13837256267293288,0.010633201822785708,0
PDice1(obs3),0.1666871921182266,0.1389068487906623,0.010653710580149195,0
PDice1(obs4),0.1650554187192118,0.13781637058549542,0.010611810090386628,0
PDice1(obs5),0.16493226600985222,0.13773385421303677,0.010608632749476004,0
PDice1(obs6),0.16813423645320197,0.13986942131004848,0.010690559967482088,0
