Property,ObtainedValue,Variance,CI,Problems
PDice1(obs1),0.16824229691876752,0.13994172636665578,0.011403589811537376,0
PDice1(obs2),0.16600140056022408,0.1384497832537546,0.01134263909633963,0
PDice1(obs3),0.16691176470588234,0.13905709645460482,0.011367489250084005,0
PDice1(obs4),0.16467086834733893,0.1375591899633203,0.011306098859391267,0
PDice1(obs5),0.16509103641456582,0.13784081246911034,0.01131766633043797,0
PDice1(obs6),0.1690826330532213,0.14049861567232727,0.011426257217556067,0
