Property,ObtainedValue,Variance,CI,Problems
PDice1(obs1),0.16958266452648474,0.1408356874432569,0.017319861430572646,0
PDice1(obs2),0.16741573033707866,0.13939889128476235,0.0172312869161582,0
PDice1(obs3),0.16340288924558588,0.13671335721133213,0.01706449844699237,0
PDice1(obs4),0.1651685393258427,0.13789896027509557,0.01713833193309623,0
PDice1(obs5),0.16773675762439808,0.13961234260895802,0.01724447437437297,0
PDice1(obs6),0.16669341894060996,0.13891787212941273,0.017201531508326665,0
