Property,ObtainedValue,Variance,CI,Problems
PDice1(obs1),0.16641337386018237,0.13872523357621494,0.011827197937520883,0
PDice1(obs2),0.16717325227963525,0.1392316459580381,0.011848765691308707,0
PDice1(obs3),0.16702127659574467,0.1391304558716177,0.011844459215069124,0
PDice1(obs4),0.16401975683890577,0.13712248602630966,0.011758677300749098,0
PDice1(obs5),0.16591945288753798,0.13839544622668495,0.011813131350531096,0
PDice1(obs6),0.16945288753799392,0.14074395385769015,0.011912941425780803,0
