Property,ObtainedValue,Variance,CI,Problems
PDice1(obs1),0.16725962415617587,0.13929019560367206,0.012985164407300227,0
PDice1(obs2),0.16721401204159825,0.13925983815424442,0.012983749311461583,0
PDice1(obs3),0.16652983032293378,0.138803977078455,0.012962481020207743,0
PDice1(obs4),0.1635650428753877,0.13681776017191352,0.012869403470614566,0
PDice1(obs5),0.16639299397920088,0.13871269251306279,0.012958217925299987,0
PDice1(obs6),0.16903849662470352,0.140470890457914,0.013040082717458797,0
