Property,ObtainedValue,Variance,CI,Problems
PDice1(obs1),0.1705133306804616,0.14145260682655347,0.01932530304906902,0
PDice1(obs2),0.16981695185037804,0.14099318109555314,0.019293894075445996,0
PDice1(obs3),0.16374850775964983,0.13694855797707853,0.019015141743725532,0
PDice1(obs4),0.16325109430959014,0.1366137652211683,0.018991884736409975,0
PDice1(obs5),0.16563867886987665,0.13821625705717394,0.019102948253490463,0
PDice1(obs6),0.16703143653004376,0.1391457783370865,0.019167075453251473,0
