Property,ObtainedValue,Variance,CI,Problems
PDice1(obs1),0.16846361185983827,0.1400881185295334,0.010922476742930306,0
PDice1(obs2),0.16615325375433193,0.13855079588165675,0.010862379953296326,0
PDice1(obs3),0.1668591965087922,0.13902166601913427,0.010880822402482513,0
PDice1(obs4),0.16560775253497625,0.13818625899839512,0.010848080698906703,0
PDice1(obs5),0.16454883840328585,0.13747692958534,0.010820202518766418,0
PDice1(obs6),0.1683673469387755,0.14002427656555033,0.010919987624515742,0
