Property,ObtainedValue,Variance,CI,Problems
PDice1(obs1),0.16952017448200654,0.14078692317322947,0.010092844232054097,0
PDice1(obs2),0.1651273363209094,0.1378640663099534,0.009998982487105783,0
PDice1(obs3),0.1662486368593239,0.1386138066041016,0.010014647257037913,0
PDice1(obs4),0.16489827171297308,0.13771059757625106,0.00999724079076279,0
PDice1(obs5),0.16619411123227917,0.13857740663398746,0.010013332248077024,0
PDice1(obs6),0.16791166848418757,0.13972114926268134,0.01005456963736173,0
