Property,ObtainedValue,Variance,CI,Problems
PDice1(obs1),0.16646424776074084,0.13875916838051355,0.011822357610216879,0
PDice1(obs2),0.16710945802337937,0.1391891697849114,0.011840661618897446,0
PDice1(obs3),0.16695764384393502,0.13908806789124112,0.011836360527161695,0
PDice1(obs4),0.16407317443449218,0.13715837351196306,0.011753965484142667,0
PDice1(obs5),0.16593289813268558,0.13840442438850337,0.011807235747301114,0
PDice1(obs6),0.16946257780476698,0.14075035450342413,0.0119068805429487,0
