Property,ObtainedValue,Variance,CI,Problems
PDice1(obs1),0.16862117981520966,0.14019638103809146,0.014844918070490343,0
PDice1(obs2),0.16672589433783463,0.13893659938630548,0.014778070563735425,0
PDice1(obs3),0.1656005685856432,0.13818520465761663,0.014738055123427568,0
PDice1(obs4),0.16453447050461975,0.1374710206087879,0.01469992036375778,0
PDice1(obs5),0.16731817104951432,0.13933105293994683,0.014799033833629084,0
PDice1(obs6),0.1671997157071784,0.1392522183592155,0.014794846537695782,0
