Property,ObtainedValue,Variance,CI,Problems
PDice1(obs1),0.16820097604259096,0.13991716708240373,0.01435028834472166,0
PDice1(obs2),0.16559449866903284,0.1381806237576545,0.014260957981817037,0
PDice1(obs3),0.1658717834960071,0.13836600829479467,0.01427052109889112,0
PDice1(obs4),0.1640971606033718,0.13717688989931912,0.014209068305953754,0
PDice1(obs5),0.16764640638864242,0.139548827768129,0.014331386951719134,0
PDice1(obs6),0.16858917480035493,0.14017463860057242,0.014363485768611043,0
