Property,ObtainedValue,Variance,CI,Problems
PDice1(obs1),0.16930301532377656,0.14064384947711261,0.01073864572321109,0
PDice1(obs2),0.16584280771131982,0.13834324491629235,0.010650454014753773,0
PDice1(obs3),0.16683143845773604,0.1390030040574729,0.010675819823863631,0
PDice1(obs4),0.16497775580820565,0.1377643520865135,0.010628147414960647,0
PDice1(obs5),0.16476149283242708,0.13761939502347043,0.010622554420509482,0
PDice1(obs6),0.16828348986653485,0.13996848119062577,0.010712831340335228,0
