Property,ObtainedValue,Variance,CI,Problems
PDice1(obs1),0.17399267399267399,0.14373802742244454,0.022339455133655067,0
PDice1(obs2),0.17320774463631605,0.14322555882526725,0.022299596191010254,0
PDice1(obs3),0.16470434327577185,0.13759482295117142,0.021856860625878324,0
PDice1(obs4),0.15920983778126635,0.13387957967031255,0.021559759210540513,0
PDice1(obs5),0.16169544740973313,0.1355677648831048,0.021695264736791137,0
PDice1(obs6),0.16718995290423863,0.13925569019866324,0.021988378853163622,0
