Property,ObtainedValue,Variance,CI,Problems
PDice1(obs1),0.16626984126984126,0.13862968233181336,0.012083003989626636,0
PDice1(obs2),0.16765873015873015,0.13955481824990534,0.012123254508708685,0
PDice1(obs3),0.16666666666666666,0.13889440057145125,0.012094534947471902,0
PDice1(obs4),0.16380952380952382,0.13698139948864185,0.012010956782727948,0
PDice1(obs5),0.16607142857142856,0.13849720510451097,0.012077229232581727,0
PDice1(obs6),0.16952380952380952,0.14079107447574452,0.012176833465761759,0
