Property,ObtainedValue,Variance,CI,Problems
PDice1(obs1),0.16666666666666666,0.1388941381004573,0.011803046385296835,0
PDice1(obs2),0.16708238851095994,0.1391711236400864,0.011814809462296554,0
PDice1(obs3),0.16681783824640967,0.13899490010886079,0.011807326922462268,0
PDice1(obs4),0.16424792139077854,0.1372757297568191,0.011734079758559281,0
PDice1(obs5),0.16579743008314438,0.138313869542509,0.011778365340037598,0
PDice1(obs6),0.16938775510204082,0.14070086101638962,0.011879564855317127,0
