Property,ObtainedValue,Variance,CI,Problems
PDice1(obs1),0.1689142857142857,0.14039027209718108,0.014591386415310957,0
PDice1(obs2),0.16611428571428571,0.13852824569567243,0.014494299068543355,0
PDice1(obs3),0.1657142857142857,0.13826096185088127,0.014480309277189083,0
PDice1(obs4),0.1641142857142857,0.13718862628884917,0.014424046194860303,0
PDice1(obs5),0.16765714285714287,0.13955619994611937,0.014547977427799326,0
PDice1(obs6),0.1674857142857143,0.1394422179226568,0.014542035210157542,0
