Property,ObtainedValue,Variance,CI,Problems
PDice1(obs1),0.16667925098157657,0.13890252225304262,0.011797162382768584,0
PDice1(obs2),0.16709453337360314,0.1391792047150841,0.011808906028809086,0
PDice1(obs3),0.1668302627604953,0.13900317396690343,0.011801435845793304,0
PDice1(obs4),0.1641875566294171,0.13723518390979217,0.0117261440693978,0
PDice1(obs5),0.16569767441860464,0.13824717434880296,0.01176929972707764,0
PDice1(obs6),0.16951072183630322,0.14078215195964053,0.011876713798165395,0
