Property,ObtainedValue,Variance,CI,Problems
PDice1(obs1),0.14285714285714285,0.12467532467532469,0.2517950796404008,0
PDice1(obs2),0.10714285714285714,0.0974025974025974,0.22255751035391774,0
PDice1(obs3),0.17857142857142858,0.14935064935064934,0.2755881522058458,0
PDice1(obs4),0.17857142857142858,0.14935064935064934,0.2755881522058458,0
PDice1(obs5),0.14285714285714285,0.12467532467532469,0.2517950796404008,0
PDice1(obs6),0.25,0.19090909090909092,0.3115805144954848,0
