Property,ObtainedValue,Variance,CI,Problems
PDice1(obs1),0.1689153439153439,0.14039223570607923,0.01569794216534333,0
PDice1(obs2),0.16554232804232805,0.13814720238838898,0.015571922259261866,0
PDice1(obs3),0.164021164021164,0.13712729103958682,0.015514333679879238,0
PDice1(obs4),0.16600529100529102,0.13845669155213436,0.015589355276213817,0
PDice1(obs5),0.16832010582010581,0.1399977069044137,0.01567586955041419,0
PDice1(obs6),0.1671957671957672,0.13925055232019976,0.01563398326973028,0
