Property,ObtainedValue,Variance,CI,Problems
PDice1(obs1),0.15692640692640691,0.13244384723257963,0.061677531457640974,0
PDice1(obs2),0.16125541125541126,0.1353986389197657,0.06236174211360985,0
PDice1(obs3),0.16883116883116883,0.14047923907078838,0.0635209760434303,0
PDice1(obs4),0.17965367965367965,0.1475379081012884,0.06509728866295798,0
PDice1(obs5),0.16233766233766234,0.1361314741596432,0.06253027855982891,0
PDice1(obs6),0.170995670995671,0.14190973345902924,0.06384357263663479,0
