Property,ObtainedValue,Variance,CI,Problems
PDice1(obs1),0.16846235700984305,0.14009210839335337,0.01572489493698399,0
PDice1(obs2),0.165536046820963,0.13814305151065,0.015615124070593013,0
PDice1(obs3),0.16420590582601755,0.13725145450718743,0.015564651264315884,0
PDice1(obs4),0.16620111731843576,0.1385875229678237,0.015640224512267636,0
PDice1(obs5),0.16832934291034848,0.14000388647116116,0.015719942841717502,0
PDice1(obs6),0.16726523011439212,0.13929683713084826,0.015680198074493595,0
