Property,ObtainedValue,Variance,CI,Problems
PDice1(obs1),0.16878188775510203,0.14029903594222537,0.010896484154348707,0
PDice1(obs2),0.16597576530612246,0.13843222493005622,0.010823747386287833,0
PDice1(obs3),0.1669642857142857,0.13909164833062276,0.010849496277802573,0
PDice1(obs4),0.16559311224489795,0.1381764395584121,0.010813743081588695,0
PDice1(obs5),0.16454081632653061,0.13747151974728472,0.010786124159126003,0
PDice1(obs6),0.16814413265306122,0.1398761436436241,0.010880049555012145,0
