Property,ObtainedValue,Variance,CI,Problems
PDice1(obs1),0.16761252446183952,0.13952539220087762,0.013459634154004294,0
PDice1(obs2),0.16648727984344422,0.13877605492894757,0.013423442233624487,0
PDice1(obs3),0.16663405088062622,0.13887393819172106,0.01342817539424208,0
PDice1(obs4),0.16316046966731898,0.13654581112869962,0.013315142551348028,0
PDice1(obs5),0.16712328767123288,0.13919990456064724,0.01344392553472213,0
PDice1(obs6),0.16898238747553815,0.14043421075686147,0.013503398627193517,0
