Property,ObtainedValue,Variance,CI,Problems
PDice1(obs1),0.17340613931523022,0.14335760683462798,0.023695765744897904,0
PDice1(obs2),0.17532467532467533,0.14460727464417503,0.023798821255765157,0
PDice1(obs3),0.16425619834710745,0.13729636180659327,0.023189420249356513,0
PDice1(obs4),0.15923848878394334,0.1339013535944096,0.02290091633988534,0
PDice1(obs5),0.16071428571428573,0.13490511333684765,0.02298659172255642,0
PDice1(obs6),0.16706021251475797,0.13917163681672234,0.023347250558946705,0
