Property,ObtainedValue,Variance,CI,Problems
PDice1(obs1),0.1687475358128532,0.14027641386775708,0.011059757762401248,0
PDice1(obs2),0.1658233670653174,0.13833052296439438,0.010982780322547915,0
PDice1(obs3),0.16753187015376528,0.13946952502335966,0.011027903279664469,0
PDice1(obs4),0.16506768300696545,0.1378248713840317,0.01096268878954423,0
PDice1(obs5),0.16464055723485346,0.13753856309170853,0.010951296286845262,0
PDice1(obs6),0.16818898672624524,0.13990604819938723,0.01104514781564618,0
