Property,ObtainedValue,Variance,CI,Problems
PDice1(obs1),0.16951261866172726,0.14078216527736573,0.0103988257273993,0
PDice1(obs2),0.16543181291965733,0.13806812414550199,0.01029810206699567,0
PDice1(obs3),0.1664158369993054,0.13872562117605838,0.010322593344988897,0
PDice1(obs4),0.16473720768696457,0.13760284257607008,0.010280735420199137,0
PDice1(obs5),0.16615536003704562,0.13855176631725047,0.010316123034684726,0
PDice1(obs6),0.16774716369529985,0.13961209340459152,0.010355522086931973,0
