Property,ObtainedValue,Variance,CI,Problems
PDice1(obs1),0.1700103770321688,0.14111905204140415,0.017996409176488867,0
PDice1(obs2),0.16854029747492216,0.1401465848154784,0.017934294343706216,0
PDice1(obs3),0.16265997924593567,0.13621348949566678,0.017680848103145456,0
PDice1(obs4),0.16438948460740227,0.13737746171074358,0.017756230643232458,0
PDice1(obs5),0.16663784157730888,0.1388816811623736,0.01785317722831831,0
PDice1(obs6),0.16776202006226218,0.1396299992285057,0.017901210586553425,0
