Property,ObtainedValue,Variance,CI,Problems
PDice1(obs1),0.16955410394774212,0.14081550804322884,0.016289558371078205,0
PDice1(obs2),0.16564896336268106,0.13821919821592454,0.01613868896716,0
PDice1(obs3),0.16330587901164442,0.1366467711619128,0.016046626869497104,0
PDice1(obs4),0.1665719965918773,0.1388356242274697,0.016174636363289984,0
PDice1(obs5),0.16827605793808578,0.13996916443135246,0.016240532018451947,0
PDice1(obs6),0.16664299914796932,0.13888297102887992,0.016177394128164557,0
