Property,ObtainedValue,Variance,CI,Problems
PDice1(obs1),0.16710595677385345,0.13918767036121169,0.01273864308944498,0
PDice1(obs2),0.16714988578457213,0.13921691712822137,0.012739981370904518,0
PDice1(obs3),0.16671059567738533,0.13892427577227617,0.012726584268007622,0
PDice1(obs4),0.16367949393779652,0.1368945308433761,0.012633271675335223,0
PDice1(obs5),0.16649095062379196,0.13877781035609668,0.0127198737920778,0
PDice1(obs6),0.1688631172026006,0.14035453048689553,0.012791927951284247,0
