Property,ObtainedValue,Variance,CI,Problems
PDice1(obs1),0.16852846401718583,0.1401341468346351,0.014132832891011948,0
PDice1(obs2),0.1657357679914071,0.138274849346287,0.014038762724946488,0
PDice1(obs3),0.1658968850698174,0.13838254052415996,0.014044228493488738,0
PDice1(obs4),0.16380236305048335,0.13697850543509457,0.013972800185791952,0
PDice1(obs5),0.16740064446831365,0.13938515447619454,0.014095013536281287,0
PDice1(obs6),0.1686358754027927,0.14020534675520868,0.014136422768350145,0
