Property,ObtainedValue,Variance,CI,Problems
PDice1(obs1),0.16763392857142856,0.13956394722993015,0.028753763093801052,0
PDice1(obs2),0.1747767857142857,0.14426206224284757,0.029233723591564894,0
PDice1(obs3),0.1640625,0.13717661587407903,0.02850677648764475,0
PDice1(obs4),0.16428571428571428,0.13732657161994066,0.02852235344037576,0
PDice1(obs5),0.15982142857142856,0.13430851912097727,0.028207191601420625,0
PDice1(obs6),0.16941964285714287,0.14074804444550762,0.02887548270610568,0
