Property,ObtainedValue,Variance,CI,Problems
PDice1(obs1),0.16710984779020724,0.13919052793566064,0.01301380130928834,0
PDice1(obs2),0.16738492572895652,0.1393736021348668,0.01302235687838494,0
PDice1(obs3),0.1665138455895837,0.13879334798123114,0.012995220613950708,0
PDice1(obs4),0.16357968090959105,0.13682764194739255,0.01290286793011635,0
PDice1(obs5),0.1665596919127086,0.13882392550919856,0.01299665202202714,0
PDice1(obs6),0.16885200806895287,0.14034744185420414,0.013067772985394806,0
