Property,ObtainedValue,Variance,CI,Problems
PDice1(obs1),0.16824938067712633,0.13997042220692588,0.027692562484621888,0
PDice1(obs2),0.1750619322873658,0.14444507153010816,0.028131725570813483,0
PDice1(obs3),0.1635012386457473,0.1367968240744514,0.02737682093656895,0
PDice1(obs4),0.16370767960363336,0.13693574438866793,0.027390718304158065,0
PDice1(obs5),0.162056151940545,0.1358219947814727,0.027279101408848636,0
PDice1(obs6),0.16742361684558216,0.13942173172377303,0.02763823112862927,0
