Property,ObtainedValue,Variance,CI,Problems
PDice1(obs1),0.17410714285714285,0.14381218905472637,0.022064134304903248,0
PDice1(obs2),0.17308673469387756,0.14314597538211613,0.02201296864411685,0
PDice1(obs3),0.16454081632653061,0.13748467239938456,0.021573280261055258,0
PDice1(obs4),0.15918367346938775,0.13386130571631635,0.02128710352975373,0
PDice1(obs5),0.16160714285714287,0.13550755836203598,0.021417600029293046,0
PDice1(obs6),0.16747448979591836,0.13944457136088265,0.021726503993796126,0
