Property,ObtainedValue,Variance,CI,Problems
PDice1(obs1),0.1661807580174927,0.1385983867596683,0.0298943062859391,0
PDice1(obs2),0.1761418853255588,0.14515118666803642,0.030592832405878023,0
PDice1(obs3),0.16277939747327502,0.13631538364347648,0.02964707331057173,0
PDice1(obs4),0.1664237123420797,0.1387605727936028,0.029911792136681135,0
PDice1(obs5),0.1598639455782313,0.13434010299137883,0.02943148873853826,0
PDice1(obs6),0.1686103012633625,0.14021493339568078,0.03006813747400888,0
