Property,ObtainedValue,Variance,CI,Problems
PDice1(obs1),0.16930693069306932,0.14065204101568654,0.01624783087567529,0
PDice1(obs2),0.16555869872701556,0.13815878677983284,0.016103179202450406,0
PDice1(obs3),0.16343705799151342,0.13673505615542914,0.016019992453968433,0
PDice1(obs4),0.16661951909476663,0.13886727583370323,0.016144415584803777,0
PDice1(obs5),0.16845827439886846,0.14008999153984691,0.016215334987058502,0
PDice1(obs6),0.16661951909476663,0.13886727583370323,0.016144415584803777,0
