Property,ObtainedValue,Variance,CI,Problems
PDice1(obs1),0.16887613771270282,0.140361616554208,0.011083527723957038,0
PDice1(obs2),0.16544651101437804,0.1380785164476096,0.010993016690965833,0
PDice1(obs3),0.16778789077958053,0.13963971941145317,0.011054989005606272,0
PDice1(obs4),0.16514971639625378,0.1378798344585813,0.010985104885685272,0
PDice1(obs5),0.1645231499802137,0.1374598161378727,0.010968360361329477,0
PDice1(obs6),0.16821659411687112,0.13992438589222178,0.011066251498174641,0
