Property,ObtainedValue,Variance,CI,Problems
PDice1(obs1),0.168724814766671,0.14026130973096243,0.010998619007345004,0
PDice1(obs2),0.16573508384245417,0.13827145924420667,0.010920323059940852,0
PDice1(obs3),0.16713245807877292,0.13920372324919147,0.010957075118664584,0
PDice1(obs4),0.16547510724034836,0.138097583891721,0.010913454786722234,0
PDice1(obs5),0.16469517743403095,0.13757514675390242,0.010892791873683612,0
PDice1(obs6),0.1682373586377226,0.13993809737520752,0.010985939317328157,0
