Property,ObtainedValue,Variance,CI,Problems
PDice1(obs1),0.1686822877299068,0.14023299004499445,0.010826463831652608,0
PDice1(obs2),0.16616276140085665,0.13855706185156624,0.010761575700396268,0
PDice1(obs3),0.16676114890400603,0.13895624441917695,0.01077706658819286,0
PDice1(obs4),0.16556437389770723,0.13815716312619297,0.010746034630094518,0
PDice1(obs5),0.16455656336608718,0.13748203068918127,0.010719746157779056,0
PDice1(obs6),0.16827286470143613,0.13996151566565546,0.010815979382282659,0
