Property,ObtainedValue,Variance,CI,Problems
PDice1(obs1),0.17076453697056712,0.14161671777304236,0.018364697783926447,0
PDice1(obs2),0.16834170854271358,0.14001534189839984,0.018260570265921414,0
PDice1(obs3),0.16250897343862167,0.13611202091920094,0.01800423880212209,0
PDice1(obs4),0.16349605168700646,0.13677736640278867,0.01804818949625651,0
PDice1(obs5),0.1666367552045944,0.13888140945751307,0.018186477147173252,0
PDice1(obs6),0.16825197415649676,0.1399558061973049,0.018256687579103092,0
