Property,ObtainedValue,Variance,CI,Problems
PDice1(obs1),0.1710371819960861,0.1417973388659205,0.01918914690071043,0
PDice1(obs2),0.16986301369863013,0.14102336903994306,0.019136705357516035,0
PDice1(obs3),0.1636986301369863,0.13691478537829746,0.01885587985593081,0
PDice1(obs4),0.16262230919765167,0.1361896195433509,0.018805878705748458,0
PDice1(obs5),0.16545988258317026,0.1380964222088129,0.018937072456937803,0
PDice1(obs6),0.16731898238747553,0.13933697427511663,0.019021940334669196,0
