Property,ObtainedValue,Variance,CI,Problems
PDice1(obs1),0.17251461988304093,0.14276823477318185,0.019891649650725995,0
PDice1(obs2),0.16969507101086048,0.14091336914959288,0.019762009599117347,0
PDice1(obs3),0.16374269005847952,0.13694532240086726,0.019481778798342928,0
PDice1(obs4),0.16186299081035924,0.13567753151372774,0.019391391443198028,0
PDice1(obs5),0.1653091060985798,0.13799641619278832,0.019556399948015744,0
PDice1(obs6),0.16687552213868004,0.13904260215377434,0.01963039099979982,0
