Property,ObtainedValue,Variance,CI,Problems
PDice1(obs1),0.17447306791569087,0.14404908406202374,0.021157940451109886,0
PDice1(obs2),0.1706088992974239,0.14151807398098765,0.02097123923281512,0
PDice1(obs3),0.16276346604215455,0.13628747888527992,0.020580035463536473,0
PDice1(obs4),0.16100702576112413,0.13509958303998762,0.020490150307663213,0
PDice1(obs5),0.1626463700234192,0.136208477812094,0.020574069836390253,0
PDice1(obs6),0.16850117096018735,0.14012493441717888,0.02086776085568707,0
