Property,ObtainedValue,Variance,CI,Problems
PDice1(obs1),0.17431409649952695,0.14394571516968624,0.021255139467654886,0
PDice1(obs2),0.17112109744560075,0.14185544316927448,0.021100249494327882,0
PDice1(obs3),0.1630794701986755,0.13650069906517165,0.020698173634397833,0
PDice1(obs4),0.16024124881740776,0.13457990631016115,0.02055202875560377,0
PDice1(obs5),0.1620151371807001,0.13578229001329875,0.020643634089566067,0
PDice1(obs6),0.16922894985808892,0.14060714047937017,0.02100720512569306,0
