Property,ObtainedValue,Variance,CI,Problems
PDice1(obs1),0.1695916695916696,0.14083445460869629,0.010455978600671894,0
PDice1(obs2),0.16564291564291564,0.1382093827687182,0.010358073569596463,0
PDice1(obs3),0.16637416637416638,0.13869786005393106,0.01037636183915403,0
PDice1(obs4),0.164999414999415,0.13777863807845966,0.010341919937829732,0
PDice1(obs5),0.1658769158769159,0.13836581186012256,0.010363933684836506,0
PDice1(obs6),0.1675149175149175,0.13945774906812727,0.010404747688258584,0
