Property,ObtainedValue,Variance,CI,Problems
PDice1(obs1),0.17125292740046838,0.14193921268782844,0.019172498516911964,0
PDice1(obs2),0.17008196721311475,0.14116786680467855,0.019120332614674242,0
PDice1(obs3),0.16354410616705697,0.13681078150327047,0.018822949572076562,0
PDice1(obs4),0.16227556596409057,0.1359554731923214,0.018764019031546075,0
PDice1(obs5),0.16559328649492583,0.13818563411907003,0.01891729188160175,0
PDice1(obs6),0.16725214676034347,0.13929245832465809,0.018992901610525574,0
