Property,ObtainedValue,Variance,CI,Problems
PDice1(obs1),0.17303517151541467,0.14310953605519802,0.020305065627079327,0
PDice1(obs2),0.16945288753799392,0.14075388584878856,0.020137256748004807,0
PDice1(obs3),0.1638080764220582,0.13698986132657845,0.019866178055204665,0
PDice1(obs4),0.16293964394268345,0.13640512370448726,0.019823733584082254,0
PDice1(obs5),0.1638080764220582,0.13698986132657845,0.019866178055204665,0
PDice1(obs6),0.16695614415979157,0.13909688961917713,0.020018374973542998,0
