Property,ObtainedValue,Variance,CI,Problems
PDice1(obs1),0.16890149561629705,0.1403828303452583,0.015497804365439339,0
PDice1(obs2),0.16567818463125322,0.138237835439216,0.015378948395835793,0
PDice1(obs3),0.16471119133574008,0.13759028471002413,0.015342886130410661,0
PDice1(obs4),0.1657426508509541,0.13828093898924615,0.015381345842252276,0
PDice1(obs5),0.16767663744198041,0.13957018026003537,0.015452882306747353,0
PDice1(obs6),0.16728984012377515,0.13931293049312124,0.015438634693801204,0
