Property,ObtainedValue,Variance,CI,Problems
PDice1(obs1),0.1649659863945578,0.13798688129425535,0.07891822555269605,0
PDice1(obs2),0.17517006802721088,0.14473165756933096,0.08082397026354696,0
PDice1(obs3),0.1564625850340136,0.13220688616161969,0.0772476809693229,0
PDice1(obs4),0.18197278911564627,0.14911228545932853,0.08203801159644221,0
PDice1(obs5),0.1683673469387755,0.1402583179779578,0.07956512060219308,0
PDice1(obs6),0.15306122448979592,0.12985432673921357,0.07655730285084031,0
