Property,ObtainedValue,Variance,CI,Problems
PDice1(obs1),0.16337386018237082,0.13673479290063875,0.037131598973610916,0
PDice1(obs2),0.17667173252279636,0.1455141179691751,0.038305108635664914,0
PDice1(obs3),0.16489361702127658,0.13775605101207372,0.037270007063180614,0
PDice1(obs4),0.1675531914893617,0.13953213323952546,0.03750949781574409,0
PDice1(obs5),0.15501519756838905,0.1310352715287333,0.03634948308416704,0
PDice1(obs6),0.17249240121580547,0.14279302540783897,0.03794526851435037,0
