Property,ObtainedValue,Variance,CI,Problems
PDice1(obs1),0.16715285880980163,0.1392185823427333,0.012408699062870008,0
PDice1(obs2),0.16694449074845807,0.13907982371584401,0.012402513669872292,0
PDice1(obs3),0.16694449074845807,0.13907982371584401,0.012402513669872292,0
PDice1(obs4),0.163777296216036,0.13696000107818207,0.012307632614561224,0
PDice1(obs5),0.1659026504417403,0.138384728009645,0.012371482093061296,0
PDice1(obs6),0.16927821303550591,0.14062896014377058,0.012471394905636013,0
