Property,ObtainedValue,Variance,CI,Problems
PDice1(obs1),0.16792283225003457,0.13972958558108017,0.01132301504357157,0
PDice1(obs2),0.16598672382796295,0.1384399176745825,0.011270639661643992,0
PDice1(obs3),0.16723136495643756,0.1392698505585766,0.011304372336525767,0
PDice1(obs4),0.16498409625224728,0.13776910737766748,0.011243300574513363,0
PDice1(obs5),0.16494952288756742,0.13774594012735247,0.011242355198169275,0
PDice1(obs6),0.16892545982575025,0.140394502758752,0.011349923917970963,0
