Property,ObtainedValue,Variance,CI,Problems
PDice1(obs1),0.17349012775842043,0.1434121239042671,0.023506796079573008,0
PDice1(obs2),0.1752322880371661,0.1445469185914245,0.023599615378693366,0
PDice1(obs3),0.16448896631823462,0.13745230160613334,0.023013173633858828,0
PDice1(obs4),0.15926248548199767,0.1339173883296426,0.02271532691884904,0
PDice1(obs5),0.16085946573751453,0.13500329780206677,0.022807238007368,0
PDice1(obs6),0.16666666666666666,0.1389090557088234,0.023134801925826707,0
