Property,ObtainedValue,Variance,CI,Problems
PDice1(obs1),0.1673179910261977,0.13932772243513158,0.011567200198168164,0
PDice1(obs2),0.16641337386018237,0.13872498258067745,0.011542152888381741,0
PDice1(obs3),0.16691995947315097,0.13906271854352648,0.011556194448590105,0
PDice1(obs4),0.16449558546822984,0.1374417611167515,0.011488645767482389,0
PDice1(obs5),0.1651469098277609,0.13787839708869548,0.011506880320779905,0
PDice1(obs6),0.1697061803444782,0.14091109152105652,0.01163274137523935,0
