Property,ObtainedValue,Variance,CI,Problems
PDice1(obs1),0.16712945231711987,0.1392038627835943,0.013299162395419575,0
PDice1(obs2),0.16736882420528534,0.1393631728145891,0.013306770245162245,0
PDice1(obs3),0.1665549597855228,0.13882105112779078,0.01328086340852522,0
PDice1(obs4),0.16334737648410572,0.1366715541454604,0.013177642228502533,0
PDice1(obs5),0.16660283416315588,0.1388529773118312,0.013282390492891618,0
PDice1(obs6),0.16899655304481043,0.14044344174614926,0.013358244178377441,0
