Property,ObtainedValue,Variance,CI,Problems
PDice1(obs1),0.1644345238095238,0.13744694472504299,0.03683833460397271,0
PDice1(obs2),0.17782738095238096,0.1462592154465061,0.038000915783021505,0
PDice1(obs3),0.16555059523809523,0.1381950074875503,0.03693844593215597,0
PDice1(obs4),0.16666666666666666,0.13894057809204813,0.03703795449809633,0
PDice1(obs5),0.15401785714285715,0.13034484821096284,0.03587396485887431,0
PDice1(obs6),0.1715029761904762,0.14214258577454056,0.03746230961500206,0
