Property,ObtainedValue,Variance,CI,Problems
PDice1(obs1),0.16883680555555555,0.14033964025995052,0.015196619772738408,0
PDice1(obs2),0.16641865079365079,0.13873208540149076,0.015109332383337542,0
PDice1(obs3),0.16455853174603174,0.13748754614906875,0.015041408227459297,0
PDice1(obs4),0.16517857142857142,0.13790316151263632,0.015064125641629294,0
PDice1(obs5),0.16747271825396826,0.1394342523715528,0.015147520678966889,0
PDice1(obs6),0.1675347222222222,0.13947548710581978,0.015149760293006648,0
