Property,ObtainedValue,Variance,CI,Problems
PDice1(obs1),0.16747431672804808,0.13943342676946285,0.013391146648297249,0
PDice1(obs2),0.16669897266912193,0.13891715696720236,0.01336633245509407,0
PDice1(obs3),0.16665051366543904,0.13888485018195082,0.01336477811741922,0
PDice1(obs4),0.16345221942236868,0.13674221777990553,0.01326128550874485,0
PDice1(obs5),0.16669897266912193,0.13891715696720236,0.01336633245509407,0
PDice1(obs6),0.16902500484590036,0.14046235924872788,0.013440465022083419,0
