Property,ObtainedValue,Variance,CI,Problems
PDice1(obs1),0.1699060576611597,0.14104941208608465,0.017411428549344504,0
PDice1(obs2),0.1673955296404276,0.13938555440457082,0.017308428893781393,0
PDice1(obs3),0.16326530612244897,0.1366208101447431,0.017135910807875326,0
PDice1(obs4),0.1655328798185941,0.13814293299188415,0.01723110389816583,0
PDice1(obs5),0.16763848396501457,0.13954712385133392,0.017318457563409276,0
PDice1(obs6),0.16626174279235503,0.13863000259555316,0.01726145420965653,0
