Property,ObtainedValue,Variance,CI,Problems
PDice1(obs1),0.16691817572099263,0.13906232757405187,0.012438070361775416,0
PDice1(obs2),0.16708584842387658,0.1391740016006048,0.012443063556823019,0
PDice1(obs3),0.16679242119382964,0.13897853515278777,0.012434322498876224,0
PDice1(obs4),0.16381623071763918,0.13698621548335638,0.012344874977582925,0
PDice1(obs5),0.1659959758551308,0.13844711530554107,0.012410526829433645,0
PDice1(obs6),0.16939134808853118,0.14070381732862064,0.01251126440369923,0
