Property,ObtainedValue,Variance,CI,Problems
PDice1(obs1),0.16948482932996206,0.14077084481131816,0.017181267543828378,0
PDice1(obs2),0.16671934260429835,0.1389349812014959,0.017068865077587904,0
PDice1(obs3),0.16419089759797725,0.13724309085668931,0.01696461809411674,0
PDice1(obs4),0.16561314791403287,0.13819635258571214,0.017023432482630146,0
PDice1(obs5),0.16766750948166878,0.1395661434120821,0.017107591879589712,0
PDice1(obs6),0.16632427307206069,0.13867146623337118,0.017052670321627366,0
