Property,ObtainedValue,Variance,CI,Problems
PDice1(obs1),0.16707339966209875,0.13916640996869237,0.013165669332499028,0
PDice1(obs2),0.16721419185282524,0.13926014147596488,0.013170102263956268,0
PDice1(obs3),0.16702646893185658,0.13913515732254764,0.013164190940162353,0
PDice1(obs4),0.16345973343345221,0.13674706661901187,0.013050728071383078,0
PDice1(obs5),0.1662286465177398,0.138603188343463,0.013139000873419083,0
PDice1(obs6),0.16899755960202742,0.1404439755889191,0.013225962546320432,0
