Property,ObtainedValue,Variance,CI,Problems
PDice1(obs1),0.1681374584717608,0.13987451445828616,0.013881715403335338,0
PDice1(obs2),0.16595722591362128,0.13842261063978367,0.013809481046924922,0
PDice1(obs3),0.16574958471760798,0.13828383823893878,0.013802557122517914,0
PDice1(obs4),0.16403654485049834,0.13713567555793102,0.013745136769365672,0
PDice1(obs5),0.16772217607973422,0.13959869434077657,0.013868021894574608,0
PDice1(obs6),0.16839700996677742,0.14004672686849265,0.013890258304471197,0
