Property,ObtainedValue,Variance,CI,Problems
PDice1(obs1),0.16792369121561668,0.13975632699129759,0.02868407574515576,0
PDice1(obs2),0.17457852706299912,0.14413283763066778,0.02912973877335291,0
PDice1(obs3),0.16437444543034604,0.13738596315422977,0.028439784610259058,0
PDice1(obs4),0.16415261756876665,0.13723697869960344,0.02842436005368941,0
PDice1(obs5),0.1601597160603372,0.13453842578310107,0.028143512051134505,0
PDice1(obs6),0.16881100266193433,0.1403449804691076,0.028744420914403726,0
