Property,ObtainedValue,Variance,CI,Problems
PDice1(obs1),0.16713961407491487,0.13920960680946715,0.01223812004103342,0
PDice1(obs2),0.16734230582130696,0.1393445073000221,0.012244048254869303,0
PDice1(obs3),0.16640992378790337,0.13872328466577438,0.012216724693481867,0
PDice1(obs4),0.16426139127614722,0.13728515192561122,0.012153234832481926,0
PDice1(obs5),0.165599156802335,0.1381816777258062,0.012192852948492844,0
PDice1(obs6),0.16924760823739257,0.14060855538204425,0.01229945813323259,0
