Property,ObtainedValue,Variance,CI,Problems
PDice1(obs1),0.1686384917120081,0.14020398597587186,0.010849288775616818,0
PDice1(obs2),0.16613944071871442,0.13854150951710834,0.010784773939689463,0
PDice1(obs3),0.16670884474250286,0.13892140040514409,0.010799550134253957,0
PDice1(obs4),0.16553840313804885,0.13813981007809276,0.010769127428635701,0
PDice1(obs5),0.16455776287485765,0.13748285462418117,0.010743489386436154,0
PDice1(obs6),0.16841705681386815,0.14005718229486463,0.010843607294245605,0
