Property,ObtainedValue,Variance,CI,Problems
PDice1(obs1),0.16170634920634921,0.13569202093283525,0.05977147380851451,0
PDice1(obs2),0.15873015873015872,0.1336675020885547,0.05932390425594093,0
PDice1(obs3),0.16964285714285715,0.14100404312668463,0.06093019836911379,0
PDice1(obs4),0.17956349206349206,0.14746674075124921,0.062310875027741165,0
PDice1(obs5),0.1626984126984127,0.13636291987831212,0.0599190549761086,0
PDice1(obs6),0.16765873015873015,0.1396878595860721,0.060645159216503604,0
