Property,ObtainedValue,Variance,CI,Problems
PDice1(obs1),0.1686769694685262,0.14022945418420024,0.010812035153013284,0
PDice1(obs2),0.16610126900364366,0.13851598836214016,0.010745775914699131,0
PDice1(obs3),0.1667923105917829,0.13897700112321762,0.01076364325538672,0
PDice1(obs4),0.16553587134062067,0.13813808569294578,0.010731107460299748,0
PDice1(obs5),0.16462495288352808,0.1375278976578429,0.010707380331174783,0
PDice1(obs6),0.1682686267118985,0.13995869221625132,0.010801591903293915,0
