Property,ObtainedValue,Variance,CI,Problems
PDice1(obs1),0.16805283757338552,0.1398159672937127,0.011387306165468422,0
PDice1(obs2),0.16592116298574225,0.1383961669803843,0.011329340842310071,0
PDice1(obs3),0.1670394185071289,0.13914211356057746,0.011359832026159719,0
PDice1(obs4),0.16476796197931226,0.13762429003206508,0.011297703100740832,0
PDice1(obs5),0.16497763488957226,0.1377648291345913,0.011303470120180322,0
PDice1(obs6),0.16924098406485882,0.14060338683116858,0.011419326822270724,0
