Property,ObtainedValue,Variance,CI,Problems
PDice1(obs1),0.16829593423683625,0.13998018770551499,0.014364676797061363,0
PDice1(obs2),0.16557431681848478,0.13816713667522618,0.014271346539032947,0
PDice1(obs3),0.16585203288158187,0.13835282063076135,0.014280933009491396,0
PDice1(obs4),0.16413019329037992,0.13719909341925943,0.014221263846361652,0
PDice1(obs5),0.1675183292601644,0.1394636848831497,0.014338150711621499,0
PDice1(obs6),0.16862919351255276,0.1402011758315775,0.014376011155064155,0
