Property,ObtainedValue,Variance,CI,Problems
PDice1(obs1),0.1671070576201841,0.1391882209040301,0.012547213622396204,0
PDice1(obs2),0.16680872826457552,0.13898949996046758,0.012538253508123971,0
PDice1(obs3),0.1670218206614388,0.1391314616557056,0.012544655061666195,0
PDice1(obs4),0.16378281622911695,0.13696384252787383,0.012446550802346112,0
PDice1(obs5),0.16612683259461303,0.13853461222120778,0.012517718963866796,0
PDice1(obs6),0.1691527446300716,0.14054608347454486,0.012608267785801895,0
