Property,ObtainedValue,Variance,CI,Problems
PDice1(obs1),0.16977480647431387,0.14097612383464492,0.02565622899915661,0
PDice1(obs2),0.17681210415200563,0.14557519537695482,0.02607136269644902,0
PDice1(obs3),0.16238564391273752,0.13604048049772008,0.02520310908816198,0
PDice1(obs4),0.16097818437719916,0.13508797488911892,0.025114722635431342,0
PDice1(obs5),0.16027445460943,0.13461023611663017,0.025070274180444916,0
PDice1(obs6),0.16977480647431387,0.14097612383464492,0.02565622899915661,0
