Property,ObtainedValue,Variance,CI,Problems
PDice1(obs1),0.16877774875946722,0.14029640034323249,0.011025103183434758,0
PDice1(obs2),0.165709062418386,0.13825408243819245,0.010944561870264793,0
PDice1(obs3),0.1672434055889266,0.13927759567653453,0.010984999186327475,0
PDice1(obs4),0.16548054322277356,0.1381012414352702,0.010938510546657015,0
PDice1(obs5),0.16466440323844345,0.13755452809458688,0.01091683746125102,0
PDice1(obs6),0.16812483677200313,0.13986344195828357,0.011008078159029728,0
