Property,ObtainedValue,Variance,CI,Problems
PDice1(obs1),0.16961309523809523,0.1408486850869995,0.010547604455752252,0
PDice1(obs2),0.16547619047619047,0.13809793091914582,0.010444100023136227,0
PDice1(obs3),0.1662202380952381,0.13859519539980641,0.010462886739032161,0
PDice1(obs4),0.16488095238095238,0.13769932211701313,0.010429016094515063,0
PDice1(obs5),0.16601190476190475,0.13845607295568602,0.010457634075529217,0
PDice1(obs6),0.16779761904761906,0.1396457342126112,0.010502465738115105,0
