Property,ObtainedValue,Variance,CI,Problems
PDice1(obs1),0.16940272441494936,0.14070953700785896,0.01042575572539163,0
PDice1(obs2),0.1656479217603912,0.13821271073385574,0.010332841571114455,0
PDice1(obs3),0.1664338106880894,0.13873763558391805,0.010352444779292862,0
PDice1(obs4),0.16509488881127024,0.13784257868323316,0.01031899668030895,0
PDice1(obs5),0.16585167074164628,0.1383489209755232,0.01033793188534441,0
PDice1(obs6),0.16756898358365352,0.13949367956655237,0.010380614026307368,0
