Property,ObtainedValue,Variance,CI,Problems
PDice1(obs1),0.17359050445103857,0.14347204596811858,0.020088002553826895,0
PDice1(obs2),0.16945739720220432,0.14075650470309226,0.01989698836733695,0
PDice1(obs3),0.16331072488342518,0.13665481430361864,0.019604942699963955,0
PDice1(obs4),0.1622509537939805,0.13593998831387555,0.019553599842759534,0
PDice1(obs5),0.16447647308181432,0.13743852822226013,0.019661079398985336,0
PDice1(obs6),0.16691394658753708,0.13906841909111067,0.019777316695519232,0
