Property,ObtainedValue,Variance,CI,Problems
PDice1(obs1),0.16830749895266026,0.1399874154682456,0.013948270784257425,0
PDice1(obs2),0.1656891495601173,0.13824349467356842,0.013861116834212723,0
PDice1(obs3),0.16574151654796815,0.13827850746926845,0.013862872018888936,0
PDice1(obs4),0.1639086719731881,0.13704979611018178,0.01380114342286185,0
PDice1(obs5),0.1676267281105991,0.13953531517768905,0.013925729054576693,0
PDice1(obs6),0.16872643485546712,0.14026517030089997,0.01396210159815124,0
