Property,ObtainedValue,Variance,CI,Problems
PDice1(obs1),0.16734818165999651,0.13934882956253505,0.012683763734435633,0
PDice1(obs2),0.16700017400382808,0.1391171676164486,0.01267321621983964,0
PDice1(obs3),0.16665216634765964,0.13888526344116744,0.012662648877136697,0
PDice1(obs4),0.16391160605533323,0.13705055328592267,0.012578732387163238,0
PDice1(obs5),0.1662171567774491,0.13859504258726094,0.012649411739769075,0
PDice1(obs6),0.16887071515573343,0.14035950249120993,0.012729677205137254,0
