Property,ObtainedValue,Variance,CI,Problems
PDice1(obs1),0.17152509652509654,0.14211795573654826,0.019080584458202668,0
PDice1(obs2),0.16988416988416988,0.14103715233167882,0.0190078923114788,0
PDice1(obs3),0.16361003861003862,0.13685500381851382,0.018723952818203268,0
PDice1(obs4),0.16196911196911196,0.13574822184726615,0.018648086383437075,0
PDice1(obs5),0.16554054054054054,0.13815020493995298,0.01881234628266426,0
PDice1(obs6),0.16747104247104247,0.13943795166644862,0.01889982116281838,0
