Property,ObtainedValue,Variance,CI,Problems
PDice1(obs1),0.16741071428571427,0.13941265693409494,0.027400773812885967,0
PDice1(obs2),0.1755275974025974,0.14474703232124078,0.02792007366753779,0
PDice1(obs3),0.16335227272727273,0.13669604636788016,0.02713249318099892,0
PDice1(obs4),0.16477272727272727,0.13765060796723066,0.027227062771875903,0
PDice1(obs5),0.1617288961038961,0.13560017653850107,0.027023515949935347,0
PDice1(obs6),0.1672077922077922,0.139277608934601,0.027387499134869108,0
