Property,ObtainedValue,Variance,CI,Problems
PDice1(obs1),0.17188519243313763,0.14236388960617727,0.024822523167412465,0
PDice1(obs2),0.1761252446183953,0.1451288102776273,0.0250624093815031,0
PDice1(obs3),0.1643835616438356,0.1373840107426217,0.024384513627182216,0
PDice1(obs4),0.15834964122635356,0.13329677024452954,0.02401904940649688,0
PDice1(obs5),0.16046966731898238,0.1347411266283023,0.024148829727828915,0
PDice1(obs6),0.1687866927592955,0.14032062844464674,0.024643748199558713,0
