Property,ObtainedValue,Variance,CI,Problems
PDice1(obs1),0.16975218658892127,0.1409466548169985,0.016511913544853464,0
PDice1(obs2),0.16501457725947521,0.1377948099048435,0.016326250266894188,0
PDice1(obs3),0.1631195335276968,0.13652150185618592,0.016250642944283786,0
PDice1(obs4),0.16639941690962098,0.13872076180445625,0.01638101289231738,0
PDice1(obs5),0.16851311953352768,0.14012666139211924,0.01646381233002244,0
PDice1(obs6),0.167201166180758,0.1392550859961616,0.016412530738234243,0
