Property,ObtainedValue,Variance,CI,Problems
PDice1(obs1),0.16848991848991848,0.14010857918725136,0.014120930303446482,0
PDice1(obs2),0.16575504075504074,0.13828772290589206,0.01402887216109124,0
PDice1(obs3),0.16586229086229087,0.13835941086303075,0.014032507953411344,0
PDice1(obs4),0.16377091377091377,0.13695734591857292,0.013961227711746014,0
PDice1(obs5),0.16747104247104247,0.13943196945154365,0.014086792772948746,0
PDice1(obs6),0.16865079365079366,0.14021522250057672,0.01412630333755669,0
