Property,ObtainedValue,Variance,CI,Problems
PDice1(obs1),0.1685585778539302,0.14015408818826386,0.01411263234855309,0
PDice1(obs2),0.1656136217605483,0.13819314955259032,0.01401355750742472,0
PDice1(obs3),0.16593488969800813,0.1384079130830454,0.014024442391046003,0
PDice1(obs4),0.16379310344827586,0.1369722568434658,0.013951517506323828,0
PDice1(obs5),0.16748768472906403,0.1394430266220877,0.014076787119641122,0
PDice1(obs6),0.1686121225101735,0.14018958105571425,0.014114419189335807,0
