Property,ObtainedValue,Variance,CI,Problems
PDice1(obs1),0.16326530612244897,0.13731030873888017,0.13770192933386738,0
PDice1(obs2),0.1377551020408163,0.11938775510204082,0.1284009823499821,0
PDice1(obs3),0.17346938775510204,0.14411302982731553,0.1410717577856909,0
PDice1(obs4),0.20918367346938777,0.16627420198848772,0.1515307907049071,0
PDice1(obs5),0.16326530612244897,0.13731030873888017,0.13770192933386738,0
PDice1(obs6),0.15306122448979592,0.130298273155416,0.13413983981030167,0
