Property,ObtainedValue,Variance,CI,Problems
PDice1(obs1),0.16956979191021745,0.14081999319996838,0.010451162877832449,0
PDice1(obs2),0.16568272153378535,0.13823599741706769,0.010354831396394296,0
PDice1(obs3),0.16635492167407062,0.13868501493003624,0.010371635019277202,0
PDice1(obs4),0.16501052139350011,0.13778607617162936,0.010337966557488221,0
PDice1(obs5),0.16588730418517653,0.1383727505902364,0.01035995200909312,0
PDice1(obs6),0.16749473930324993,0.13944432702186393,0.010399989048016388,0
