Property,ObtainedValue,Variance,CI,Problems
PDice1(obs1),0.16822200392927308,0.13992827039817338,0.011414237467270877,0
PDice1(obs2),0.16601178781925344,0.13845673157349375,0.011354060610755945,0
PDice1(obs3),0.16695902329497614,0.1390885874518194,0.0113799386001635,0
PDice1(obs4),0.16488913836654503,0.13770554151062128,0.011323218276874684,0
PDice1(obs5),0.1649242211619422,0.1377290543563032,0.011324184939933526,0
PDice1(obs6),0.1689938254280101,0.14043983941736923,0.011435083301613002,0
