Property,ObtainedValue,Variance,CI,Problems
PDice1(obs1),0.17338470657972732,0.1433436925006253,0.02374372382240184,0
PDice1(obs2),0.1754593953764078,0.1446948385763055,0.023855364572413804,0
PDice1(obs3),0.16434499110847658,0.13735607008458567,0.023242533554981588,0
PDice1(obs4),0.15901007705986958,0.13374569250255816,0.02293503673960125,0
PDice1(obs5),0.1610847658565501,0.13515649318421966,0.023055683184621055,0
PDice1(obs6),0.16671606401896857,0.13894240817825113,0.023376363357399687,0
