Property,ObtainedValue,Variance,CI,Problems
PDice1(obs1),0.17292110874200425,0.14303464778979305,0.020117142001874096,0
PDice1(obs2),0.16961620469083155,0.14086156502152541,0.01996374025418072,0
PDice1(obs3),0.1636460554371002,0.136880616793267,0.019679616581320274,0
PDice1(obs4),0.1624733475479744,0.1360902674418261,0.019622719229783973,0
PDice1(obs5),0.16471215351812366,0.13759672916243723,0.019731027924461002,0
PDice1(obs6),0.16663113006396588,0.13888000252799032,0.019822823492758705,0
