Property,ObtainedValue,Variance,CI,Problems
PDice1(obs1),0.1672077922077922,0.1392559954012468,0.013283857606528851,0
PDice1(obs2),0.16744652406417113,0.1394148421958149,0.013291431775236845,0
PDice1(obs3),0.16644385026737968,0.13874691963748814,0.013259554589486067,0
PDice1(obs4),0.16343582887700533,0.1367310871295426,0.01316287915150958,0
PDice1(obs5),0.16649159663865545,0.13877877107009542,0.013261076466782217,0
PDice1(obs6),0.16897440794499619,0.14042876236846005,0.01333967641257572,0
