Property,ObtainedValue,Variance,CI,Problems
PDice1(obs1),0.16864385614385613,0.14021186041557568,0.015242718214445086,0
PDice1(obs2),0.16633366633366634,0.13867543633388155,0.015158974265873258,0
PDice1(obs3),0.16433566433566432,0.1373380288147694,0.01508569941423665,0
PDice1(obs4),0.16552197802197802,0.13813307750632134,0.015129301895097137,0
PDice1(obs5),0.1680194805194805,0.139797663310776,0.015220187455372134,0
PDice1(obs6),0.16714535464535465,0.13921647740333348,0.015188516785395496,0
