Property,ObtainedValue,Variance,CI,Problems
PDice1(obs1),0.1710858585858586,0.14182827872847717,0.01842476183434487,0
PDice1(obs2),0.16892135642135642,0.14039959406717772,0.018331727492255492,0
PDice1(obs3),0.16233766233766234,0.13599641091297987,0.018041979712125865,0
PDice1(obs4),0.1627886002886003,0.13630076454217338,0.01806215698433975,0
PDice1(obs5),0.16684704184704185,0.13902164450103477,0.018241547456179973,0
PDice1(obs6),0.1680194805194805,0.1398015430497166,0.018292642592451818,0
