Property,ObtainedValue,Variance,CI,Problems
PDice1(obs1),0.1679006968641115,0.13974048414675888,0.028418899574762017,0
PDice1(obs2),0.17356271777003485,0.14346994422506693,0.028795631039712624,0
PDice1(obs3),0.16310975609756098,0.13653469672901913,0.028091029158902294,0
PDice1(obs4),0.16463414634146342,0.1375597005806695,0.028196275574787447,0
PDice1(obs5),0.16114982578397213,0.13521000412107614,0.02795442403212349,0
PDice1(obs6),0.16964285714285715,0.14089484083766374,0.028536038412960516,0
