Property,ObtainedValue,Variance,CI,Problems
PDice1(obs1),0.16764355255314922,0.1395461233983966,0.013563210515205282,0
PDice1(obs2),0.16679912576991854,0.13898408105233787,0.013535869053636605,0
PDice1(obs3),0.16605404331412676,0.13848697696094947,0.013511640511474785,0
PDice1(obs4),0.16327240214583746,0.1366213111194989,0.013420318990502418,0
PDice1(obs5),0.16749453606199086,0.13944704308772374,0.013558394595914267,0
PDice1(obs6),0.16873634015497715,0.140271355247804,0.013598409361596894,0
