Property,ObtainedValue,Variance,CI,Problems
PDice1(obs1),0.1666916504272223,0.13891074987444124,0.011754104219385908,0
PDice1(obs2),0.16717883375805725,0.13923528923304376,0.011767826857766001,0
PDice1(obs3),0.16710388247639035,0.13918539099942942,0.011765718030345118,0
PDice1(obs4),0.16395592864637984,0.1370795192509121,0.01167637126774566,0
PDice1(obs5),0.1657922350472193,0.13831035311438378,0.01172867505657061,0
PDice1(obs6),0.16927746964473092,0.14062787803525653,0.011826529544927468,0
