Property,ObtainedValue,Variance,CI,Problems
PDice1(obs1),0.17358030168589175,0.14346609294082965,0.020550138789451212,0
PDice1(obs2),0.16947648624667258,0.14076982019024784,0.020356115278703332,0
PDice1(obs3),0.16304347826086957,0.13647543948491644,0.020043214510094685,0
PDice1(obs4),0.16271073646850046,0.13625106484755517,0.02002673154823649,0
PDice1(obs5),0.16415261756876665,0.13722175551838328,0.020097942957544312,0
PDice1(obs6),0.16703637976929903,0.13915066134968782,0.020238706908513288,0
