Property,ObtainedValue,Variance,CI,Problems
PDice1(obs1),0.17014101778050275,0.1412038737278519,0.016947217639748016,0
PDice1(obs2),0.1669221336603311,0.13906979327721306,0.016818664440135505,0
PDice1(obs3),0.16377988963825874,0.13696653451698024,0.016690999148683428,0
PDice1(obs4),0.1651594114040466,0.13789234831181724,0.01674731484760515,0
PDice1(obs5),0.1672286940527284,0.1392739319059513,0.016831003856198675,0
PDice1(obs6),0.16676885346413242,0.13896765347298595,0.016812487071965455,0
