Property,ObtainedValue,Variance,CI,Problems
PDice1(obs1),0.16978267817193993,0.14096778337072535,0.01728917353401452,0
PDice1(obs2),0.16714605305209332,0.13921937331322579,0.017181621012137882,0
PDice1(obs3),0.16379034835410675,0.13697401405306284,0.017042503408400512,0
PDice1(obs4),0.16498881431767337,0.13777851365833035,0.017092478632775653,0
PDice1(obs5),0.16754554170661554,0.13948517771004612,0.01719801518386275,0
PDice1(obs6),0.1667465643975711,0.1389532497085313,0.017165191466450156,0
