Property,ObtainedValue,Variance,CI,Problems
PDice1(obs1),0.16966141966141965,0.14088688320142986,0.016662140878770222,0
PDice1(obs2),0.16594891594891595,0.1384201509507814,0.01651563136291694,0
PDice1(obs3),0.16312741312741313,0.13652699735346205,0.016402301506491874,0
PDice1(obs4),0.16617166617166618,0.13856893228690956,0.016524504918363412,0
PDice1(obs5),0.16787941787941787,0.13970629213444985,0.01659218206684325,0
PDice1(obs6),0.16721116721116722,0.13926193297991024,0.01656577395057477,0
