Property,ObtainedValue,Variance,CI,Problems
PDice1(obs1),0.16714864083285136,0.1392166825850326,0.013344570361882017,0
PDice1(obs2),0.16700404858299595,0.13912040158383954,0.013339955071559455,0
PDice1(obs3),0.16671486408328515,0.13892771413389488,0.013330713678656026,0
PDice1(obs4),0.16338924233661076,0.13669978640183592,0.013223392031201667,0
PDice1(obs5),0.16690765374975902,0.13905619101868147,0.013336876209998879,0
PDice1(obs6),0.16883555041449777,0.14033687120537977,0.013398150456614992,0
