Property,ObtainedValue,Variance,CI,Problems
PDice1(obs1),0.1642120765832106,0.1372970216736236,0.03662796163504773,0
PDice1(obs2),0.17783505154639176,0.14626359856467505,0.037805093768306895,0
PDice1(obs3),0.164580265095729,0.1375442436472225,0.03666092361857508,0
PDice1(obs4),0.16789396170839468,0.1397570362655514,0.03695464490958316,0
PDice1(obs5),0.15427098674521356,0.1305195051763372,0.035712471084474486,0
PDice1(obs6),0.17120765832106039,0.14194785962456977,0.03724316804524138,0
