Property,ObtainedValue,Variance,CI,Problems
PDice1(obs1),0.16679748822605966,0.13900336310262007,0.026905744856141934,0
PDice1(obs2),0.1770015698587127,0.1457006052968481,0.02754628545034849,0
PDice1(obs3),0.1630690737833595,0.13650433752424498,0.02666278995495993,0
PDice1(obs4),0.16346153846153846,0.13676870234770136,0.026688596073732487,0
PDice1(obs5),0.1609105180533752,0.13504482339474627,0.026519866664190265,0
PDice1(obs6),0.16875981161695447,0.1403074704630852,0.027031662911179706,0
