Property,ObtainedValue,Variance,CI,Problems
PDice1(obs1),0.16676597646357813,0.13896026060094957,0.011719364604743038,0
PDice1(obs2),0.16680321763741993,0.13898508019075625,0.011720411151554968,0
PDice1(obs3),0.16721287054967973,0.13925791260034778,0.011731909293109724,0
PDice1(obs4),0.16427081781617756,0.13729102910926375,0.011648763718514673,0
PDice1(obs5),0.16583494711753313,0.13833886933394007,0.011693132392186459,0
PDice1(obs6),0.1691121704156115,0.140518477305974,0.011784888380440579,0
