Property,ObtainedValue,Variance,CI,Problems
PDice1(obs1),0.169081815850218,0.14050216425796572,0.01546258033548297,0
PDice1(obs2),0.16574762759681969,0.1382842181893056,0.015340049864266713,0
PDice1(obs3),0.1645934855091049,0.1375112871239582,0.015297118660984446,0
PDice1(obs4),0.16549115157732752,0.1381126859749226,0.015330532765156443,0
PDice1(obs5),0.16773531674788408,0.13960913186197726,0.015413361887122142,0
PDice1(obs6),0.1673506027186458,0.13935331368415096,0.015399233778016079,0
