Property,ObtainedValue,Variance,CI,Problems
PDice1(obs1),0.1707142857142857,0.1415835597566109,0.018316583814651427,0
PDice1(obs2),0.16848214285714286,0.14010842007577207,0.018220914985406903,0
PDice1(obs3),0.16223214285714285,0.13592501084280484,0.017946830126343218,0
PDice1(obs4),0.16375,0.13694816501473345,0.01801424946468318,0
PDice1(obs5),0.16651785714285713,0.13880205343589352,0.018135770421192625,0
PDice1(obs6),0.16830357142857144,0.13998997837817154,0.01821321176389706,0
