Property,ObtainedValue,Variance,CI,Problems
PDice1(obs1),0.1731825866441251,0.14320550993239767,0.020039624221167476,0
PDice1(obs2),0.16959002535925613,0.14084413075117763,0.019873716319196957,0
PDice1(obs3),0.1632502113271344,0.1366140149529301,0.01957299733370262,0
PDice1(obs4),0.1621935756551141,0.13590117947473315,0.019521865775390394,0
PDice1(obs5),0.16462383770076078,0.13753736244977435,0.019639030981265515,0
PDice1(obs6),0.16715976331360946,0.13923208860169817,0.019759655946767186,0
