Property,ObtainedValue,Variance,CI,Problems
PDice1(obs1),0.16645067845708186,0.13875013863838093,0.011847179728393145,0
PDice1(obs2),0.16721298978502822,0.13925811373406066,0.011868846640645636,0
PDice1(obs3),0.16709864308583625,0.13918199156514938,0.011865602284445746,0
PDice1(obs4),0.16389693550846166,0.13703995339483951,0.011773941272613338,0
PDice1(obs5),0.16599329166031407,0.1384447956858903,0.011834136695541762,0
PDice1(obs6),0.16934746150327795,0.14067426066479652,0.01192904247066015,0
