Property,ObtainedValue,Variance,CI,Problems
PDice1(obs1),0.16791323859386686,0.1397445131368445,0.026334116858417717,0
PDice1(obs2),0.17894540014958862,0.1469514217424432,0.02700463253748873,0
PDice1(obs3),0.1619296933433059,0.13573384805773275,0.02595347150119203,0
PDice1(obs4),0.16361256544502617,0.1368690864476533,0.026061779149323876,0
PDice1(obs5),0.1593118922961855,0.13395666126120254,0.025783005025736327,0
PDice1(obs6),0.1682872101720269,0.13999280172903977,0.026357500814461244,0
