Property,ObtainedValue,Variance,CI,Problems
PDice1(obs1),0.16727941176470587,0.13933359987020813,0.031162086898347843,0
PDice1(obs2),0.17594537815126052,0.1450266867976505,0.031792345401780484,0
PDice1(obs3),0.16307773109243698,0.13651923535371596,0.030845763819554686,0
PDice1(obs4),0.164390756302521,0.13740251813885523,0.030945389356878156,0
PDice1(obs5),0.16097689075630253,0.13509880902715699,0.030684875507178928,0
PDice1(obs6),0.16832983193277312,0.14003167263753413,0.031240051673939836,0
