Property,ObtainedValue,Variance,CI,Problems
PDice1(obs1),0.16824644549763032,0.13994431652651673,0.011212939075706576,0
PDice1(obs2),0.16570751523358157,0.13825321483231043,0.011144983995933827,0
PDice1(obs3),0.16797562626946513,0.139764546614676,0.011205734793017974,0
PDice1(obs4),0.16492890995260664,0.13773202717461325,0.011123956952176679,0
PDice1(obs5),0.1646242383209208,0.13752775412320534,0.011115704812733962,0
PDice1(obs6),0.16851726472579553,0.14012393974728293,0.011220132859644624,0
