Property,ObtainedValue,Variance,CI,Problems
PDice1(obs1),0.16850117096018735,0.14011672990084786,0.014755303218158523,0
PDice1(obs2),0.16627634660421545,0.1386366400634714,0.014677164247083334,0
PDice1(obs3),0.16574941451990632,0.13828464239675303,0.01465851978536068,0
PDice1(obs4),0.16440281030444964,0.13738256974442914,0.014610630573995066,0
PDice1(obs5),0.16768149882903982,0.13957258547652848,0.01472662417911422,0
PDice1(obs6),0.1673887587822014,0.1393779225154685,0.014716350927676645,0
