Property,ObtainedValue,Variance,CI,Problems
PDice1(obs1),0.16825661817314572,0.1399546731569604,0.014881556260169062,0
PDice1(obs2),0.1667660386358216,0.13896341243429772,0.014828761612418525,0
PDice1(obs3),0.16575244455044122,0.13828681677596882,0.014792617861262554,0
PDice1(obs4),0.1645599809205819,0.13748819108336977,0.014749841293956378,0
PDice1(obs5),0.16706415454328644,0.13916202009240425,0.014839354523256949,0
PDice1(obs6),0.16760076317672312,0.13951906592989277,0.014858378879371163,0
