Property,ObtainedValue,Variance,CI,Problems
PDice1(obs1),0.16361003861003862,0.13690786910246108,0.04187611706251601,0
PDice1(obs2),0.1751930501930502,0.14457021862864453,0.04303200865289548,0
PDice1(obs3),0.16216216216216217,0.13593119918566565,0.04172648232385511,0
PDice1(obs4),0.17374517374517376,0.14362710644700022,0.042891418091580785,0
PDice1(obs5),0.15588803088803088,0.13165049059544473,0.04106420701333649,0
PDice1(obs6),0.1694015444015444,0.14077260160070396,0.04246305811858906,0
