Property,ObtainedValue,Variance,CI,Problems
PDice1(obs1),0.16629588431590656,0.13864707116338704,0.01209048057421269,0
PDice1(obs2),0.16764659145081837,0.13954675555510496,0.012129644861309075,0
PDice1(obs3),0.16653424439853806,0.13880610414688843,0.012097412686525907,0
PDice1(obs4),0.16387255680915302,0.13702378543412036,0.012019494257718621,0
PDice1(obs5),0.16613697759415225,0.1385409860435126,0.01208585420341452,0
PDice1(obs6),0.16951374543143174,0.14078442843923886,0.012183316449249835,0
