Property,ObtainedValue,Variance,CI,Problems
PDice1(obs1),0.16806418219461697,0.13982585022071944,0.013859170849606492,0
PDice1(obs2),0.16594202898550725,0.1384124362064529,0.013788945992305894,0
PDice1(obs3),0.16573498964803313,0.1382740598968372,0.013782051595233972,0
PDice1(obs4),0.16402691511387163,0.13712918401595015,0.013724876968892285,0
PDice1(obs5),0.1677536231884058,0.13961957178147819,0.01384894418806032,0
PDice1(obs6),0.16847826086956522,0.14010058806716522,0.013872779814670033,0
