Property,ObtainedValue,Variance,CI,Problems
PDice1(obs1),0.16942239858906524,0.1407223273754906,0.010144883483298794,0
PDice1(obs2),0.16531635802469136,0.13799066244687838,0.010045936035266989,0
PDice1(obs3),0.16650132275132276,0.13878245674584583,0.010074716739841852,0
PDice1(obs4),0.16476521164021163,0.1376214291510231,0.010032486651628396,0
PDice1(obs5),0.16614307760141092,0.1385433732505055,0.010066035034593208,0
PDice1(obs6),0.16785163139329806,0.13968131047436882,0.01010728959317273,0
