Property,ObtainedValue,Variance,CI,Problems
PDice1(obs1),0.16956906729634003,0.14082579022603575,0.01660681995388553,0
PDice1(obs2),0.16580578512396693,0.13832443368212283,0.016458673469384236,0
PDice1(obs3),0.16351829988193625,0.13679015921051063,0.016367140339120054,0
PDice1(obs4),0.16610094451003543,0.13852164223362928,0.016470401820676044,0
PDice1(obs5),0.1678719008264463,0.13970123427199727,0.01654038066583603,0
PDice1(obs6),0.1671340023612751,0.13921049993740034,0.016511304067259848,0
