Property,ObtainedValue,Variance,CI,Problems
PDice1(obs1),0.1683985998687377,0.1400481710334276,0.014257723549256673,0
PDice1(obs2),0.16549989061474513,0.1381172308154997,0.014159091885395811,0
PDice1(obs3),0.16582804637934806,0.13833667140938669,0.014170335400638896,0
PDice1(obs4),0.16413257492889957,0.13720057663613042,0.014112028252846834,0
PDice1(obs5),0.16746882520236273,0.13943064361594734,0.014226254868664384,0
PDice1(obs6),0.1686720630059068,0.14022946768526956,0.014266949094701227,0
