Property,ObtainedValue,Variance,CI,Problems
PDice1(obs1),0.15879120879120878,0.13364999486494814,0.044146456969728645,0
PDice1(obs2),0.1686813186813187,0.140305022080723,0.045232228957952154,0
PDice1(obs3),0.16538461538461538,0.13810842813041824,0.04487675774205762,0
PDice1(obs4),0.17252747252747253,0.14284022739217903,0.045639055455681136,0
PDice1(obs5),0.16153846153846155,0.13551824755782974,0.04445394110015236,0
PDice1(obs6),0.17307692307692307,0.14319998308453502,0.04569649230373884,0
