Property,ObtainedValue,Variance,CI,Problems
PDice1(obs1),0.16907775768535263,0.140498409098922,0.014515941982866215,0
PDice1(obs2),0.1658001808318264,0.1383182972274327,0.014402879836647578,0
PDice1(obs3),0.16563065099457505,0.13820494839982483,0.014396977204193345,0
PDice1(obs4),0.16404837251356238,0.13714425400356758,0.014341623882031541,0
PDice1(obs5),0.16749547920433996,0.13944862388461918,0.014461609718754775,0
PDice1(obs6),0.1679475587703436,0.13974907348598695,0.014477180496349367,0
