Property,ObtainedValue,Variance,CI,Problems
PDice1(obs1),0.16708848893888265,0.13917644888365988,0.013157502145154187,0
PDice1(obs2),0.1673228346456693,0.13933243404335413,0.013164873364747401,0
PDice1(obs3),0.166854143232096,0.13902035388299688,0.013150121598670359,0
PDice1(obs4),0.16362017247844018,0.13685502591412071,0.013047309047903388,0
PDice1(obs5),0.1661042369703787,0.1385201117495654,0.01312644098983682,0
PDice1(obs6),0.1690101237345332,0.14045228468775595,0.013217672225857383,0
