Property,ObtainedValue,Variance,CI,Problems
PDice1(obs1),0.15702947845804988,0.13244630429218388,0.04463933406202659,0
PDice1(obs2),0.16666666666666666,0.13896766874645491,0.045725100730067504,0
PDice1(obs3),0.1655328798185941,0.13821009591206496,0.04560029676261432,0
PDice1(obs4),0.17233560090702948,0.14271694686571926,0.04633781571005348,0
PDice1(obs5),0.16439909297052155,0.13744995067416263,0.04547472474672419,0
PDice1(obs6),0.17403628117913833,0.1438291898343758,0.04651802865970232,0
