Property,ObtainedValue,Variance,CI,Problems
PDice1(obs1),0.16755435575660294,0.13948498208784513,0.011620918065785059,0
PDice1(obs2),0.1666058660440683,0.13885341686829156,0.011594579408081826,0
PDice1(obs3),0.1668977090325405,0.1390479362728878,0.011602697974411902,0
PDice1(obs4),0.16434408288340874,0.13734011552333894,0.01153122424525839,0
PDice1(obs5),0.16521961184882533,0.1379271233423323,0.011555840874549778,0
PDice1(obs6),0.1693783744345542,0.1406944732954057,0.011671192512493052,0
