Property,ObtainedValue,Variance,CI,Problems
PDice1(obs1),0.1680218196788802,0.13979768199003945,0.013817781137329949,0
PDice1(obs2),0.16601482091395636,0.13846102556387097,0.013751564063052855,0
PDice1(obs3),0.16570605187319884,0.13825467103948844,0.013741312963420479,0
PDice1(obs4),0.16375051461506793,0.13694333088852112,0.013675989789250347,0
PDice1(obs5),0.167507204610951,0.13945571761573541,0.013800870692289595,0
PDice1(obs6),0.16899958830794565,0.14044595502015883,0.013849782147723665,0
