Property,ObtainedValue,Variance,CI,Problems
PDice1(obs1),0.1677775567051333,0.13963519381353953,0.013576983291282391,0
PDice1(obs2),0.16688221249502586,0.1390394556573242,0.01354798998303093,0
PDice1(obs3),0.16588738559490648,0.13837564388603626,0.013515610414898129,0
PDice1(obs4),0.16320135296458416,0.13657346470293982,0.013427309544843946,0
PDice1(obs5),0.16757859132510944,0.13950294611877362,0.013570552426586514,0
PDice1(obs6),0.16867290091524076,0.14022932860749235,0.013605837033460523,0
