Property,ObtainedValue,Variance,CI,Problems
PDice1(obs1),0.17105263157894737,0.14180765805877116,0.01929586717637264,0
PDice1(obs2),0.16966759002770082,0.14089443782551628,0.01923363556616201,0
PDice1(obs3),0.16383062920459043,0.13700370812676343,0.018966212823838383,0
PDice1(obs4),0.1632370399683419,0.1366042232168038,0.018938541138263848,0
PDice1(obs5),0.16561139691333598,0.13819793426012422,0.019048695272047726,0
PDice1(obs6),0.1666007123070835,0.13885865246609988,0.019094176460405742,0
