Property,ObtainedValue,Variance,CI,Problems
PDice1(obs1),0.1676706827309237,0.13956222926633202,0.011524506556704308,0
PDice1(obs2),0.16605708548479634,0.1384870956761182,0.011480030557647875,0
PDice1(obs3),0.16688181296615032,0.13903725902590944,0.011502811134165574,0
PDice1(obs4),0.164622776821572,0.13752704957909287,0.011440169348728888,0
PDice1(obs5),0.16523235800344235,0.13793557192670913,0.011457148187829416,0
PDice1(obs6),0.16953528399311532,0.14079812017357732,0.011575421620022067,0
