Property,ObtainedValue,Variance,CI,Problems
PDice1(obs1),0.1674927113702624,0.13944567879424197,0.013409942645691699,0
PDice1(obs2),0.16676384839650146,0.13896041947146154,0.013386589570753199,0
PDice1(obs3),0.16671525753158406,0.13892803107095267,0.013385029430488759,0
PDice1(obs4),0.16326530612244897,0.13661638424746447,0.01327320443503414,0
PDice1(obs5),0.16690962099125364,0.1390575563387455,0.013391267536672118,0
PDice1(obs6),0.16885325558794947,0.14034865332775526,0.01345329034014124,0
