Property,ObtainedValue,Variance,CI,Problems
PDice1(obs1),0.16861929957168054,0.14019566205018022,0.015308894073256822,0
PDice1(obs2),0.1657848324514991,0.13830893360552154,0.015205532945833525,0
PDice1(obs3),0.1647140337616528,0.1375919875094978,0.015166071605899912,0
PDice1(obs4),0.1656588561350466,0.13822470603872927,0.015200902297428402,0
PDice1(obs5),0.16792642983119174,0.13973594570519954,0.015283773725078293,0
PDice1(obs6),0.1672965482489292,0.13931718852603742,0.015260855527043473,0
