Property,ObtainedValue,Variance,CI,Problems
PDice1(obs1),0.16558441558441558,0.1382223136181723,0.03858475993663423,0
PDice1(obs2),0.17491883116883117,0.14438082978734623,0.03943496777139527,0
PDice1(obs3),0.16355519480519481,0.13686043706597908,0.03839420547594132,0
PDice1(obs4),0.1663961038961039,0.13876475737011668,0.038660397389648236,0
PDice1(obs5),0.1578733766233766,0.13300335221011228,0.03784931439065999,0
PDice1(obs6),0.17167207792207792,0.1422585103690463,0.03914405850724617,0
