Property,ObtainedValue,Variance,CI,Problems
PDice1(obs1),0.16483516483516483,0.13770656824091937,0.033400460642564446,0
PDice1(obs2),0.17765567765567766,0.14613874674943378,0.0344078723224766,0
PDice1(obs3),0.16697191697191696,0.1391347668446905,0.033573217268099774,0
PDice1(obs4),0.16880341880341881,0.14035166699288837,0.03371971663163372,0
PDice1(obs5),0.15354090354090355,0.13000577878440475,0.03245312012463341,0
PDice1(obs6),0.1681929181929182,0.13994677925975638,0.033671044034767283,0
