Property,ObtainedValue,Variance,CI,Problems
PDice1(obs1),0.16785714285714284,0.13993099923332483,0.08143479912485153,0
PDice1(obs2),0.1732142857142857,0.14346728852542806,0.08245737535214752,0
PDice1(obs3),0.15892857142857142,0.13390940454893943,0.0796633565649196,0
PDice1(obs4),0.17857142857142858,0.1469460771786353,0.08345109894020604,0
PDice1(obs5),0.17142857142857143,0.14229491438793765,0.08211977505949691,0
PDice1(obs6),0.15,0.12772808586762077,0.07780298574779498,0
