Property,ObtainedValue,Variance,CI,Problems
PDice1(obs1),0.16911576795297725,0.14052460304315822,0.015436126863484669,0
PDice1(obs2),0.16585739841553795,0.13835756141545355,0.015316643533051656,0
PDice1(obs3),0.16451571684129823,0.13745907795883056,0.015266829972217606,0
PDice1(obs4),0.16547406082289803,0.13810121924916582,0.015302447988387523,0
PDice1(obs5),0.1676463071811909,0.13954993865929047,0.015382502012959333,0
PDice1(obs6),0.1673907487860976,0.1393799909386253,0.015373132544284464,0
