Property,ObtainedValue,Variance,CI,Problems
PDice1(obs1),0.1676887926887927,0.13957765361018323,0.0149239155806051,0
PDice1(obs2),0.16690716690716692,0.1390575253842646,0.014896083063979762,0
PDice1(obs3),0.16558441558441558,0.13817452465158556,0.014848713461991148,0
PDice1(obs4),0.1648027898027898,0.1376511065570653,0.01482056261563423,0
PDice1(obs5),0.16714766714766716,0.1392176949870414,0.014904659417768494,0
PDice1(obs6),0.16786916786916786,0.13969750966924918,0.014930321827700124,0
