Property,ObtainedValue,Variance,CI,Problems
PDice1(obs1),0.17194700460829493,0.14239490300014823,0.019047755671690796,0
PDice1(obs2),0.16973886328725038,0.14094111279002797,0.018950271553026622,0
PDice1(obs3),0.1634984639016897,0.13677984790930603,0.01866842364710017,0
PDice1(obs4),0.16186635944700462,0.13567866711208354,0.01859312435118565,0
PDice1(obs5),0.16580261136712748,0.13832538551790408,0.018773598873755994,0
PDice1(obs6),0.16714669738863286,0.13922204511247144,0.018834348156228562,0
