Property,ObtainedValue,Variance,CI,Problems
PDice1(obs1),0.16799709724238027,0.13978131811919783,0.013867015927107313,0
PDice1(obs2),0.16592369894256687,0.1384001990402179,0.013798338854011622,0
PDice1(obs3),0.16576819407008087,0.1382962684860236,0.013793157003331911,0
PDice1(obs4),0.16400580551523947,0.13711500862318088,0.01373412343469263,0
PDice1(obs5),0.16768608749740826,0.13957469840577907,0.013856763275010718,0
PDice1(obs6),0.16861911673232427,0.14019397715358192,0.013887469777293814,0
