Property,ObtainedValue,Variance,CI,Problems
PDice1(obs1),0.1682273519163763,0.13993452837035975,0.01421931201573358,0
PDice1(obs2),0.16577743902439024,0.13830280928680416,0.014136166142776503,0
PDice1(obs3),0.16594076655052264,0.1384119640417056,0.014141743489403091,0
PDice1(obs4),0.16419860627177701,0.13724489592662495,0.01408199679022732,0
PDice1(obs5),0.16719294425087108,0.13924704460203488,0.01418434000966013,0
PDice1(obs6),0.1686628919860627,0.14022335496418453,0.014233978869250655,0
