Property,ObtainedValue,Variance,CI,Problems
PDice1(obs1),0.1744595864661654,0.14404036119113434,0.021192069453994246,0
PDice1(obs2),0.1707001879699248,0.14157826658203493,0.02101016984015662,0
PDice1(obs3),0.16271146616541354,0.13625245204569406,0.020611207292443083,0
PDice1(obs4),0.16083176691729323,0.13498076737048828,0.02051479654238874,0
PDice1(obs5),0.16247650375939848,0.13609387795802513,0.020599209875663754,0
PDice1(obs6),0.16882048872180452,0.14033661822427057,0.020917836841943246,0
