Property,ObtainedValue,Variance,CI,Problems
PDice1(obs1),0.16727908227280874,0.13930303320078893,0.012871204346356267,0
PDice1(obs2),0.16736870406882953,0.1393626659333597,0.012873958999087326,0
PDice1(obs3),0.1665621079046424,0.1388253930055319,0.012849119100452592,0
PDice1(obs4),0.1633357232478939,0.13666328876367587,0.012748668625787857,0
PDice1(obs5),0.1666069188026528,0.13885527563933395,0.012850501934141015,0
PDice1(obs6),0.1688474637031726,0.14034428665769416,0.012919219218775514,0
