Property,ObtainedValue,Variance,CI,Problems
PDice1(obs1),0.1694743935309973,0.14076468033153344,0.017739116277854662,0
PDice1(obs2),0.16762129380053908,0.13953614904699918,0.017661537094229286,0
PDice1(obs3),0.1628200808625337,0.1363211847100263,0.01745688725869292,0
PDice1(obs4),0.16425202156334232,0.13728485872727508,0.01751848121683596,0
PDice1(obs5),0.16753706199460916,0.13948014351720348,0.017657992338903736,0
PDice1(obs6),0.16829514824797845,0.1399836824025389,0.017689837285410855,0
