Property,ObtainedValue,Variance,CI,Problems
PDice1(obs1),0.16732637639438647,0.13933452745323566,0.012896954951929255,0
PDice1(obs2),0.16723641597697014,0.1392746617515013,0.012894184037128602,0
PDice1(obs3),0.1664267722202231,0.13873514204422538,0.01286918517321772,0
PDice1(obs4),0.1635930190716085,0.13683649811688903,0.012780821929172207,0
PDice1(obs5),0.16638179201151493,0.138705130284261,0.012867793140238643,0
PDice1(obs6),0.16903562432529687,0.14046890035470894,0.01294934792347295,0
