Property,ObtainedValue,Variance,CI,Problems
PDice1(obs1),0.16988636363636364,0.1410364348493458,0.01743040113800719,0
PDice1(obs2),0.16761363636363635,0.13953063080680989,0.01733710183466286,0
PDice1(obs3),0.16290584415584416,0.13637859978725714,0.017140158550128425,0
PDice1(obs4),0.1653409090909091,0.1380144953471725,0.01724265236013696,0
PDice1(obs5),0.16777597402597402,0.13963853086194591,0.01734380399289614,0
PDice1(obs6),0.16647727272727272,0.13877385450412888,0.01729002204147883,0
