Property,ObtainedValue,Variance,CI,Problems
PDice1(obs1),0.17342243645924627,0.14336280082009567,0.020416321595714066,0
PDice1(obs2),0.1691498685363716,0.1405535885811156,0.020215301767831595,0
PDice1(obs3),0.16323400525854515,0.13660363012652216,0.01992922359764467,0
PDice1(obs4),0.16301489921121823,0.13645599101278705,0.01991845108616871,0
PDice1(obs5),0.1635626643295355,0.13682490874942516,0.01994535833262753,0
PDice1(obs6),0.16761612620508326,0.1395362470588608,0.020142008670711396,0
