Property,ObtainedValue,Variance,CI,Problems
PDice1(obs1),0.16759352881698686,0.1395109758679847,0.011563095221850554,0
PDice1(obs2),0.16625740286003177,0.13862088466405742,0.011526149461341666,0
PDice1(obs3),0.1667629640329337,0.1389580958468785,0.011540160285303306,0
PDice1(obs4),0.16456016177957533,0.1374850797288099,0.011478831972119128,0
PDice1(obs5),0.16517405748952765,0.13789656787558774,0.011495997014091623,0
PDice1(obs6),0.16965188502094466,0.14087521014667587,0.01161949363079443,0
