Property,ObtainedValue,Variance,CI,Problems
PDice1(obs1),0.16725455614344503,0.13928558737589705,0.01165434894120323,0
PDice1(obs2),0.16674015285126395,0.13894297947312012,0.011640006716294197,0
PDice1(obs3),0.1669238683127572,0.13906540019309735,0.01164513351098471,0
PDice1(obs4),0.16413139329805995,0.13719732008589255,0.01156665391378102,0
PDice1(obs5),0.16552763080540858,0.1381333096903044,0.011606041949024561,0
PDice1(obs6),0.16942239858906524,0.14072362006635386,0.011714356224275151,0
