Property,ObtainedValue,Variance,CI,Problems
PDice1(obs1),0.17156527682843473,0.14215492429742804,0.025390769955503722,0
PDice1(obs2),0.17720437457279561,0.1458279035323895,0.02571669964815943,0
PDice1(obs3),0.1619958988380041,0.13577642931149755,0.024814590240741303,0
PDice1(obs4),0.16062884483937115,0.13485026249376023,0.024729811988822466,0
PDice1(obs5),0.1599453178400547,0.1343857772178617,0.024687184923462595,0
PDice1(obs6),0.1686602870813397,0.14023795875076359,0.025218991040975615,0
