Property,ObtainedValue,Variance,CI,Problems
PDice1(obs1),0.16843102295520393,0.14006981766347684,0.014391674452320645,0
PDice1(obs2),0.1654780476933363,0.13810275802924116,0.014290262969701737,0
PDice1(obs3),0.16581234677958548,0.13832631949540053,0.014301824868652753,0
PDice1(obs4),0.16425228437708936,0.1372811202795086,0.014247689832071081,0
PDice1(obs5),0.16753955872520615,0.1394778262056781,0.014361229744364566,0
PDice1(obs6),0.1684867394695788,0.14010676435303915,0.014393572397495617,0
