Property,ObtainedValue,Variance,CI,Problems
PDice1(obs1),0.16717404217404216,0.1392320507922884,0.01171251428496049,0
PDice1(obs2),0.16672854172854173,0.1389352930795292,0.011700025662671247,0
PDice1(obs3),0.1670997920997921,0.13918261873988624,0.011710434932489225,0
PDice1(obs4),0.16427828927828927,0.13729603007030147,0.011630798008634832,0
PDice1(obs5),0.16576329076329077,0.13829095625550053,0.01167286367195591,0
PDice1(obs6),0.16895604395604397,0.1404151120830163,0.01176216991917505,0
