Property,ObtainedValue,Variance,CI,Problems
PDice1(obs1),0.16857953011072105,0.14016993540703054,0.015847751774122815,0
PDice1(obs2),0.166351606805293,0.13868811294522707,0.015763761047100294,0
PDice1(obs3),0.1643262219821766,0.1373323864489489,0.01568652359289759,0
PDice1(obs4),0.1658115041857953,0.13832738813852452,0.015743247097165795,0
PDice1(obs5),0.1679719146637861,0.13976678659891298,0.015824945161705694,0
PDice1(obs6),0.16695922225222792,0.13909323093445686,0.01578676780022444,0
