Property,ObtainedValue,Variance,CI,Problems
PDice1(obs1),0.16915073115860518,0.14054271357690007,0.010241660288639955,0
PDice1(obs2),0.16571991001124858,0.13826070953355582,0.010158172646283152,0
PDice1(obs3),0.16625421822272216,0.13861765128004913,0.010171276653638562,0
PDice1(obs4),0.16448256467941508,0.13743191538541866,0.0101276806545283,0
PDice1(obs5),0.16656355455568053,0.13882404078761226,0.01017884590598073,0
PDice1(obs6),0.16782902137232847,0.13966636858319817,0.010209679752629501,0
