Property,ObtainedValue,Variance,CI,Problems
PDice1(obs1),0.16743782533256218,0.13940743928928795,0.011564651829358832,0
PDice1(obs2),0.1662810873337189,0.13863669877688223,0.011532638833216924,0
PDice1(obs3),0.16678716020821285,0.13897422704693294,0.011546669119926885,0
PDice1(obs4),0.1646182764603817,0.1375240707442946,0.011486268045197243,0
PDice1(obs5),0.16519664545980337,0.1379116990293424,0.011502444374782893,0
PDice1(obs6),0.169679005205321,0.14089313341164095,0.011626111966819635,0
