Property,ObtainedValue,Variance,CI,Problems
PDice1(obs1),0.167192776391132,0.1392444629276656,0.011646638795871135,0
PDice1(obs2),0.16667890177653796,0.13890214392808212,0.01163231392073982,0
PDice1(obs3),0.16693583908383497,0.139073369447077,0.011639481324710833,0
PDice1(obs4),0.1640728233739539,0.1371579664324203,0.011559050421336358,0
PDice1(obs5),0.16568785787696375,0.13824046579096963,0.011604574838696905,0
PDice1(obs6),0.16943180149757744,0.14072983167372105,0.011708593369380925,0
