Property,ObtainedValue,Variance,CI,Problems
PDice1(obs1),0.1557377049180328,0.13156049823772895,0.04521326779288271,0
PDice1(obs2),0.16920374707259953,0.14065619044875144,0.046750102503889265,0
PDice1(obs3),0.164519906323185,0.13753362994914178,0.04622826507140527,0
PDice1(obs4),0.1721311475409836,0.14258549655708894,0.047069633663954745,0
PDice1(obs5),0.16510538641686182,0.13792635092586114,0.04629421936866156,0
PDice1(obs6),0.17330210772833723,0.14335241717188763,0.04719604996376827,0
