Property,ObtainedValue,Variance,CI,Problems
PDice1(obs1),0.1689928845101259,0.14044389840985214,0.01596923993265606,0
PDice1(obs2),0.1659824849480022,0.13844177157140927,0.015855004956387645,0
PDice1(obs3),0.1637246852764094,0.13692828109021912,0.01576810075153839,0
PDice1(obs4),0.16584564860426929,0.13835033512030456,0.015849768224646104,0
PDice1(obs5),0.1684455391351943,0.14008122358187833,0.015948607547579326,0
PDice1(obs6),0.16700875752599892,0.139126351206229,0.015894157260173826,0
