Property,ObtainedValue,Variance,CI,Problems
PDice1(obs1),0.16703518554124208,0.1391411205232026,0.01332298076636741,0
PDice1(obs2),0.16708325322053452,0.13917312944312946,0.013324513130415095,0
PDice1(obs3),0.16669871178619497,0.1389169286893946,0.013312243079281513,0
PDice1(obs4),0.16338204191501635,0.13669492090231503,0.013205347728382664,0
PDice1(obs5),0.1667467794654874,0.13894896995790146,0.013313778228979618,0
PDice1(obs6),0.1690540280715247,0.14048151628478814,0.013386999456632681,0
