Property,ObtainedValue,Variance,CI,Problems
PDice1(obs1),0.16860160041978223,0.1401796980171821,0.011045787392216419,0
PDice1(obs2),0.1658139839958022,0.13832424311820618,0.010972441421439723,0
PDice1(obs3),0.16742096287550834,0.13939575561708473,0.011014857800740498,0
PDice1(obs4),0.16515807424898335,0.13788540677846317,0.010955022453524015,0
PDice1(obs5),0.16466614193886922,0.13755571484454227,0.010941917570987105,0
PDice1(obs6),0.1683392365210547,0.14000572952469337,0.011038931137068561,0
