Property,ObtainedValue,Variance,CI,Problems
PDice1(obs1),0.16589861751152074,0.1384081574998168,0.029092634723594572,0
PDice1(obs2),0.17557603686635945,0.14478245215667992,0.029755015062745537,0
PDice1(obs3),0.16474654377880185,0.13763683364788123,0.02901145744977397,0
PDice1(obs4),0.16451612903225807,0.137482250258347,0.028995161124024827,0
PDice1(obs5),0.1608294930875576,0.13499447195779785,0.028731625876085756,0
PDice1(obs6),0.1684331797235023,0.14009572381242677,0.029269455961728343,0
