Property,ObtainedValue,Variance,CI,Problems
PDice1(obs1),0.16468253968253968,0.13760120341492613,0.032173173654250105,0
PDice1(obs2),0.17687074829931973,0.14562876468988503,0.03309835195785955,0
PDice1(obs3),0.1655328798185941,0.1381709096075818,0.032239707677818585,0
PDice1(obs4),0.16524943310657597,0.13798116827299864,0.032217563701513185,0
PDice1(obs5),0.15816326530612246,0.13318539777691626,0.03165272415969661,0
PDice1(obs6),0.16950113378684808,0.14081041168002972,0.03254619117368558,0
