Property,ObtainedValue,Variance,CI,Problems
PDice1(obs1),0.1670737870619946,0.13916599784041897,0.01247201723688122,0
PDice1(obs2),0.1670737870619946,0.13916599784041897,0.01247201723688122,0
PDice1(obs3),0.16669474393530997,0.13891345674531622,0.012460695767710256,0
PDice1(obs4),0.16370451482479784,0.1369111127859163,0.01237056351949974,0
PDice1(obs5),0.16618935309973046,0.1385762882815341,0.01244556438227465,0
PDice1(obs6),0.16926381401617252,0.1406194975979869,0.012536979173933696,0
