Property,ObtainedValue,Variance,CI,Problems
PDice1(obs1),0.16731517509727625,0.13932726120112282,0.013087567078670934,0
PDice1(obs2),0.16731517509727625,0.13932726120112282,0.013087567078670934,0
PDice1(obs3),0.16666666666666666,0.13889532280230385,0.013067264480101135,0
PDice1(obs4),0.16360941263665,0.1368477117972554,0.01297058728406113,0
PDice1(obs5),0.16620344635908837,0.13858628037539217,0.013052719037253977,0
PDice1(obs6),0.16889012414304244,0.14037275246094721,0.013136578894617081,0
