Property,ObtainedValue,Variance,CI,Problems
PDice1(obs1),0.16873567608861725,0.1402684125753379,0.010885579957414435,0
PDice1(obs2),0.16596638655462184,0.13842595131320076,0.010813851204770937,0
PDice1(obs3),0.16692131398013751,0.13906301542219193,0.010838706401100486,0
PDice1(obs4),0.16555258467023173,0.1381493237985079,0.010803040714606643,0
PDice1(obs5),0.16459765724471606,0.1375096455319934,0.010778000822275086,0
PDice1(obs6),0.16822638146167557,0.13993072016473165,0.010872468691696757,0
