Property,ObtainedValue,Variance,CI,Problems
PDice1(obs1),0.16941603431210822,0.14071811048826782,0.010133010239394967,0
PDice1(obs2),0.16518200813812822,0.13790070372291457,0.010031057624105872,0
PDice1(obs3),0.1663917299021225,0.1387093357519,0.010060425052606181,0
PDice1(obs4),0.16485208402067525,0.1376796597347346,0.010023014901417538,0
PDice1(obs5),0.1661992741669416,0.13858088553135295,0.010055765801950866,0
PDice1(obs6),0.1679588694600242,0.1397525299405766,0.010098185014111197,0
