Property,ObtainedValue,Variance,CI,Problems
PDice1(obs1),0.16521264994547438,0.13795504066895078,0.03159375154648442,0
PDice1(obs2),0.17584514721919303,0.14496315245258262,0.032386291772056534,0
PDice1(obs3),0.1638495092693566,0.13704020859806837,0.03148882224054399,0
PDice1(obs4),0.1643947655398037,0.1374065875046355,0.03153088704653869,0
PDice1(obs5),0.16030534351145037,0.13464424816342163,0.03121233895495113,0
PDice1(obs6),0.17039258451472192,0.14139750059402748,0.03198550987505922,0
