Property,ObtainedValue,Variance,CI,Problems
PDice1(obs1),0.16622670807453416,0.13860077006191407,0.011949699041031506,0
PDice1(obs2),0.16754658385093169,0.13948014069254935,0.011987547313302158,0
PDice1(obs3),0.16704192546583851,0.1391443221678053,0.011973107743508635,0
PDice1(obs4),0.1638198757763975,0.13698824194353829,0.011879982255585265,0
PDice1(obs5),0.16626552795031055,0.1386266836363531,0.011950816080074377,0
PDice1(obs6),0.1690993788819876,0.14051023353352468,0.012031731279832739,0
