Property,ObtainedValue,Variance,CI,Problems
PDice1(obs1),0.16719086243999337,0.13924384040650692,0.012366609808016505,0
PDice1(obs2),0.1671494785631518,0.13921629168908786,0.012365386410664111,0
PDice1(obs3),0.16669425591789439,0.13891302972158762,0.012351910991331608,0
PDice1(obs4),0.16392153616950836,0.1370569380967834,0.012269113225303982,0
PDice1(obs5),0.16557689124317165,0.13816690221148326,0.012318694131463461,0
PDice1(obs6),0.1694669756662804,0.14075374476044292,0.01243347830122849,0
