Property,ObtainedValue,Variance,CI,Problems
PDice1(obs1),0.16708146673303467,0.13917102302233111,0.012377726826400762,0
PDice1(obs2),0.16712294673967149,0.1391986413732884,0.012378954939256934,0
PDice1(obs3),0.16674962667994028,0.1389499523269855,0.012367892019762558,0
PDice1(obs4),0.1639289862286378,0.13706195903365925,0.012283579792712359,0
PDice1(obs5),0.16571262651402024,0.13825768685761353,0.01233704438311462,0
PDice1(obs6),0.16940434710469554,0.14071235103598223,0.012446080152728158,0
