Property,ObtainedValue,Variance,CI,Problems
PDice1(obs1),0.1732607541157727,0.14326048544402029,0.022467519577623305,0
PDice1(obs2),0.1731279872543813,0.1431736960058806,0.022460712959557903,0
PDice1(obs3),0.1656930430164631,0.13825721448884,0.02207170185008479,0
PDice1(obs4),0.15878916622411046,0.13359290362448065,0.02169619693234131,0
PDice1(obs5),0.1615772703133298,0.13548804435382786,0.021849545458196732,0
PDice1(obs6),0.16755177907594265,0.13949670094358788,0.02217041833735823,0
