Property,ObtainedValue,Variance,CI,Problems
PDice1(obs1),0.1689732142857143,0.1404251852530962,0.010197308951809503,0
PDice1(obs2),0.1656529017857143,0.1382158743853962,0.010116773747975571,0
PDice1(obs3),0.16629464285714285,0.1386446030461628,0.010132452093909481,0
PDice1(obs4),0.16478794642857142,0.13763671945067824,0.01009555574327214,0
PDice1(obs5),0.16640625,0.1387190804709953,0.010135173215414246,0
PDice1(obs6),0.16788504464285714,0.1397035544067616,0.010171073732891295,0
