Property,ObtainedValue,Variance,CI,Problems
PDice1(obs1),0.16807805596465392,0.13985356930662327,0.026139903020504007,0
PDice1(obs2),0.17875552282768778,0.14682901626483433,0.02678385832868673,0
PDice1(obs3),0.16181885125184095,0.13565848457919938,0.02574486834540817,0
PDice1(obs4),0.16310751104565538,0.13652858501446313,0.025827298932396523,0
PDice1(obs5),0.15997790868924888,0.1344097214783728,0.02562610109967451,0
PDice1(obs6),0.16826215022091312,0.13997576775880785,0.02615132052760327,0
