Property,ObtainedValue,Variance,CI,Problems
PDice1(obs1),0.1687902187902188,0.14030910973120894,0.015479769961342782,0
PDice1(obs2),0.1657014157014157,0.13825335314813403,0.015365949610561714,0
PDice1(obs3),0.1648005148005148,0.13765016291884172,0.01533239265829434,0
PDice1(obs4),0.16557271557271558,0.1381672825041124,0.015361165773298843,0
PDice1(obs5),0.16788931788931788,0.13971148527104507,0.015446767966293141,0
PDice1(obs6),0.16724581724581725,0.13928361676929796,0.015423096850782324,0
