Property,ObtainedValue,Variance,CI,Problems
PDice1(obs1),0.17050691244239632,0.14144684042017455,0.01823946779100714,0
PDice1(obs2),0.16829138603332153,0.1399818007553596,0.01814476402578504,0
PDice1(obs3),0.1620879120879121,0.13582745801570584,0.01787348840928835,0
PDice1(obs4),0.1639489542715349,0.13708184300254014,0.017955830779608023,0
PDice1(obs5),0.16660758596242467,0.1388618043419872,0.018072029987319486,0
PDice1(obs6),0.1685572492024105,0.14015812390472526,0.018156188136168195,0
