Property,ObtainedValue,Variance,CI,Problems
PDice1(obs1),0.16428571428571428,0.13749233599019006,0.07220001712416808,0
PDice1(obs2),0.16857142857142857,0.14035561005518085,0.07294792506945831,0
PDice1(obs3),0.16285714285714287,0.13652973635806254,0.07194683289765065,0
PDice1(obs4),0.18142857142857144,0.14872470876762722,0.07509129927495689,0
PDice1(obs5),0.16285714285714287,0.13652973635806254,0.07194683289765065,0
PDice1(obs6),0.16,0.13459227467811158,0.0714345184981329,0
