Property,ObtainedValue,Variance,CI,Problems
PDice1(obs1),0.16731103808235068,0.13932478788646763,0.013367802965169177,0
PDice1(obs2),0.16677943166441137,0.13897076899744412,0.013350808628060337,0
PDice1(obs3),0.16658612023970618,0.13884189471430733,0.013344616768499053,0
PDice1(obs4),0.16344480958824667,0.13673721202322506,0.01324308604183579,0
PDice1(obs5),0.16687608737676396,0.13903517811067778,0.013353902135196417,0
PDice1(obs6),0.16900251304852118,0.1404474511560254,0.013421553021208201,0
