Property,ObtainedValue,Variance,CI,Problems
PDice1(obs1),0.16951810664385514,0.140791754644679,0.016320663379128134,0
PDice1(obs2),0.16552609067579127,0.13813705121913544,0.01616606375173763,0
PDice1(obs3),0.16310236669518108,0.1365097159051419,0.016070558795914496,0
PDice1(obs4),0.16680923866552608,0.13899382487507442,0.01621612000792324,0
PDice1(obs5),0.16830624465355004,0.1399892319364774,0.016274082452408183,0
PDice1(obs6),0.16673795266609637,0.13894631273358526,0.016213348199744664,0
