Property,ObtainedValue,Variance,CI,Problems
PDice1(obs1),0.16734972677595628,0.1393505946405694,0.013432811863824017,0
PDice1(obs2),0.16661787665886027,0.1388631349699923,0.013409296749235062,0
PDice1(obs3),0.16666666666666666,0.13889566560949823,0.013410867315297857,0
PDice1(obs4),0.16320257611241218,0.13657415871695444,0.01329832020772108,0
PDice1(obs5),0.16710577673692428,0.13918822711276088,0.013424983809140631,0
PDice1(obs6),0.16905737704918034,0.1404838345218146,0.013487321048764508,0
