Property,ObtainedValue,Variance,CI,Problems
PDice1(obs1),0.17334494773519163,0.14331208136835183,0.020350380762861574,0
PDice1(obs2),0.16953397212543553,0.14080753625184544,0.02017177370888633,0
PDice1(obs3),0.1635452961672474,0.13681312916876776,0.01988360036454295,0
PDice1(obs4),0.16256533101045295,0.1361526691496672,0.0198355486517027,0
PDice1(obs5),0.1638719512195122,0.13703285564789655,0.019899560823757472,0
PDice1(obs6),0.16713850174216027,0.13921838177347098,0.020057621350210757,0
