Property,ObtainedValue,Variance,CI,Problems
PDice1(obs1),0.16966366966366966,0.14088963793401393,0.01764326430040632,0
PDice1(obs2),0.16774891774891776,0.139620841789687,0.01756364051307793,0
PDice1(obs3),0.16292041292041293,0.1363887063454127,0.01735915650029933,0
PDice1(obs4),0.16466866466866467,0.13756434778830917,0.01743381207263824,0
PDice1(obs5),0.16758241758241757,0.13951016513251133,0.01755667783338647,0
PDice1(obs6),0.1674159174159174,0.13939943302610858,0.017549708900925682,0
