Property,ObtainedValue,Variance,CI,Problems
PDice1(obs1),0.16877256317689532,0.14029290717228432,0.01095509219451397,0
PDice1(obs2),0.16593604951005672,0.13840573823041705,0.01088116077884871,0
PDice1(obs3),0.16687080969571944,0.139029423917908,0.010905649633997662,0
PDice1(obs4),0.16571041774110365,0.13825493157956953,0.010875231116272885,0
PDice1(obs5),0.16471119133574008,0.13758584960430545,0.010848883969288731,0
PDice1(obs6),0.1679989685404848,0.13977982064813183,0.010935041077961014,0
