Property,ObtainedValue,Variance,CI,Problems
PDice1(obs1),0.17358803986710963,0.1434750931755011,0.02295865618259472,0
PDice1(obs2),0.17331118493909192,0.1432942539742845,0.02294418281986166,0
PDice1(obs3),0.16569767441860464,0.13826109424351796,0.022537627749835136,0
PDice1(obs4),0.1590531561461794,0.13377376762952234,0.022168876601771283,0
PDice1(obs5),0.16085271317829458,0.13499780524530275,0.022270068893724147,0
PDice1(obs6),0.16749723145071982,0.13946121416926888,0.022635230821539967,0
