Property,ObtainedValue,Variance,CI,Problems
PDice1(obs1),0.1672884440400364,0.13930935853609291,0.01296950429872351,0
PDice1(obs2),0.1672429481346679,0.13927908106178447,0.012968094827112612,0
PDice1(obs3),0.16660600545950865,0.13885476172743433,0.012948325847082075,0
PDice1(obs4),0.16342129208371248,0.13672099362279017,0.012848452822143837,0
PDice1(obs5),0.1662420382165605,0.13861192922137897,0.0129369987227028,0
PDice1(obs6),0.1691992720655141,0.14057727408837314,0.013028391185925395,0
