Property,ObtainedValue,Variance,CI,Problems
PDice1(obs1),0.16628349452988742,0.1386387894100417,0.012076693459428965,0
PDice1(obs2),0.16763120342476615,0.1395365140808128,0.01211573034006788,0
PDice1(obs3),0.1666798794989694,0.13890320318336835,0.012088204390103965,0
PDice1(obs4),0.1639448232123038,0.13707235149617122,0.01200827418770776,0
PDice1(obs5),0.16596638655462184,0.1384270321281087,0.012067466946933766,0
PDice1(obs6),0.1694942127794514,0.1407715045845747,0.012169228343885449,0
