Property,ObtainedValue,Variance,CI,Problems
PDice1(obs1),0.16816743733268436,0.13989566189306119,0.015029728402275379,0
PDice1(obs2),0.1667072280360185,0.13892438060123574,0.014977462590621682,0
PDice1(obs3),0.1653078607933804,0.13798956752201919,0.014926986350922317,0
PDice1(obs4),0.16500365052324167,0.13778582901009848,0.014915962599498907,0
PDice1(obs5),0.16682891214407397,0.13900548359604195,0.014981833817009479,0
PDice1(obs6),0.16798491117060113,0.1397744849563718,0.015023217653535334,0
