Property,ObtainedValue,Variance,CI,Problems
PDice1(obs1),0.17324308755760368,0.14325054957053188,0.023398626634142914,0
PDice1(obs2),0.17525921658986174,0.14456424217343197,0.023505671428413293,0
PDice1(obs3),0.16431451612903225,0.1373350334288887,0.022910411405035167,0
PDice1(obs4),0.15898617511520738,0.13372882942140443,0.02260761458456587,0
PDice1(obs5),0.16100230414746544,0.13510001785440495,0.022723222571718004,0
PDice1(obs6),0.1671947004608295,0.13926068742114028,0.023070472350718227,0
