Property,ObtainedValue,Variance,CI,Problems
PDice1(obs1),0.1702438186813187,0.14127298940112862,0.017941178282296886,0
PDice1(obs2),0.16792582417582416,0.1397387385517376,0.017843490069486437,0
PDice1(obs3),0.16268887362637363,0.13623289984356673,0.017618234849632576,0
PDice1(obs4),0.1645776098901099,0.13750362512584008,0.01770021200841098,0
PDice1(obs5),0.1667239010989011,0.13893897004086322,0.017792354861253214,0
PDice1(obs6),0.16783997252747251,0.13968170805433083,0.01783984853466742,0
