Property,ObtainedValue,Variance,CI,Problems
PDice1(obs1),0.1698707325157441,0.1410263527258411,0.017610819326765975,0
PDice1(obs2),0.16813059330460722,0.1398742874107029,0.01753873911116168,0
PDice1(obs3),0.16266158435531985,0.1362140805428447,0.01730774253359455,0
PDice1(obs4),0.16440172356645674,0.13738518110915304,0.017381984959077643,0
PDice1(obs5),0.16788200198873052,0.13970921222928914,0.01752838672507482,0
PDice1(obs6),0.16705336426914152,0.1391580689179921,0.017493778414567427,0
