Property,ObtainedValue,Variance,CI,Problems
PDice1(obs1),0.1681929181929182,0.13991260213557058,0.015056309840707069,0
PDice1(obs2),0.16666666666666666,0.1388973685817205,0.015001584602452147,0
PDice1(obs3),0.1652014652014652,0.13791836102111454,0.0149486223470616,0
PDice1(obs4),0.16514041514041514,0.13787747585598495,0.014946406463004014,0
PDice1(obs5),0.1669108669108669,0.1390601190466872,0.015010370946328769,0
PDice1(obs6),0.16788766788766787,0.1397099281585514,0.015045400787343373,0
