Property,ObtainedValue,Variance,CI,Problems
PDice1(obs1),0.17076830732292916,0.14162066027011105,0.01939086839971676,0
PDice1(obs2),0.16946778711484595,0.140762538131811,0.0193320315874682,0
PDice1(obs3),0.16376550620248098,0.13696006666798785,0.019069132257301252,0
PDice1(obs4),0.16326530612244897,0.1366234137476902,0.019045681520796845,0
PDice1(obs5),0.16556622649059624,0.13816787345253256,0.01915302996914626,0
PDice1(obs6),0.16716686674669867,0.1392360345839186,0.019226922448976308,0
