Property,ObtainedValue,Variance,CI,Problems
PDice1(obs1),0.1740424430641822,0.1437702748904717,0.022220205447374658,0
PDice1(obs2),0.1735248447204969,0.14343253309561455,0.022194090505595794,0
PDice1(obs3),0.1642080745341615,0.1372615443789503,0.02171140651841033,0
PDice1(obs4),0.15980848861283645,0.13428711227684056,0.021474877045114277,0
PDice1(obs5),0.16162008281573498,0.13551656743408141,0.021572958840448898,0
PDice1(obs6),0.166796066252588,0.1389931241879661,0.02184792402691256,0
