Property,ObtainedValue,Variance,CI,Problems
PDice1(obs1),0.16934599926927293,0.14067221484225875,0.010661620412163394,0
PDice1(obs2),0.16557057605650957,0.1381611669885425,0.01056603512160029,0
PDice1(obs3),0.16654487882109364,0.13881190856038175,0.010590888997792126,0
PDice1(obs4),0.165022530751431,0.1377942905132675,0.010551997144717553,0
PDice1(obs5),0.16532700036536355,0.13799818494096386,0.01055980116223931,0
PDice1(obs6),0.1681890147363293,0.13990572976270488,0.01063253458618687,0
