Property,ObtainedValue,Variance,CI,Problems
PDice1(obs1),0.16875484370963575,0.14028570647721514,0.015506443665889458,0
PDice1(obs2),0.16571945233789717,0.13826544502363597,0.015394384225246058,0
PDice1(obs3),0.1646861276156032,0.13757349186722287,0.015355815103714686,0
PDice1(obs4),0.16578403513304055,0.1383086211853959,0.01539678764043891,0
PDice1(obs5),0.1676569361921984,0.13955710092650347,0.015466123132831813,0
PDice1(obs6),0.1673986050116249,0.1393853139449634,0.01545660123565746,0
