Property,ObtainedValue,Variance,CI,Problems
PDice1(obs1),0.16844399731723675,0.1400753144463436,0.011165394149785162,0
PDice1(obs2),0.1658953722334004,0.13837873817235213,0.011097571166183625,0
PDice1(obs3),0.16780684104627766,0.13965238832302984,0.011148525700722046,0
PDice1(obs4),0.16512407780013413,0.1378627398944344,0.011076861063368854,0
PDice1(obs5),0.16438631790744468,0.13736806296715873,0.011056970294578607,0
PDice1(obs6),0.16834339369550638,0.1400085906183493,0.011162734557046222,0
