Property,ObtainedValue,Variance,CI,Problems
PDice1(obs1),0.16864710568242167,0.1402099132348928,0.011113511012498089,0
PDice1(obs2),0.1656930430164631,0.13824344704955077,0.011035301444891437,0
PDice1(obs3),0.16798327137546468,0.13976953110395238,0.011096044199311178,0
PDice1(obs4),0.16512878385554966,0.13786584460180704,0.01102022005673983,0
PDice1(obs5),0.16426579925650558,0.13728710324557883,0.010997065066677598,0
PDice1(obs6),0.16828199681359532,0.13996781213380263,0.011103911991787754,0
