Property,ObtainedValue,Variance,CI,Problems
PDice1(obs1),0.1638655462184874,0.1370712219313955,0.03909594714516085,0
PDice1(obs2),0.17605042016806724,0.14511764352651527,0.04022709818276132,0
PDice1(obs3),0.16302521008403362,0.1365053461485477,0.03901516311957998,0
PDice1(obs4),0.1684873949579832,0.14015828273301756,0.03953374717756477,0
PDice1(obs5),0.15630252100840336,0.13192747464685747,0.03835537395357921,0
PDice1(obs6),0.1722689075630252,0.1426522689782092,0.03988392938025561,0
