Property,ObtainedValue,Variance,CI,Problems
PDice1(obs1),0.16502463054187191,0.13784808974216323,0.03875331061841809,0
PDice1(obs2),0.17610837438423646,0.14515380180253085,0.039766982744390375,0
PDice1(obs3),0.16420361247947454,0.13729714784731425,0.03867578978174156,0
PDice1(obs4),0.16789819376026272,0.13976576540125363,0.03902193820675745,0
PDice1(obs5),0.1568144499178982,0.1322779795200669,0.03796227313776077,0
PDice1(obs6),0.16995073891625614,0.14112541851690757,0.039211283178003244,0
