Property,ObtainedValue,Variance,CI,Problems
PDice1(obs1),0.16980718667835232,0.14098300277356152,0.016530919390983938,0
PDice1(obs2),0.16513292433537832,0.13787411131967786,0.01634763728148639,0
PDice1(obs3),0.16323400525854515,0.13659864131525465,0.016271845793197116,0
PDice1(obs4),0.1663745252702308,0.13870417291902812,0.016396773350025838,0
PDice1(obs5),0.16834647969617295,0.14001616859983357,0.0164741389517419,0
PDice1(obs6),0.1671048787613205,0.13919100411906352,0.01642552327379815,0
