Property,ObtainedValue,Variance,CI,Problems
PDice1(obs1),0.16688078108941418,0.13903753998092386,0.01257045714545817,0
PDice1(obs2),0.16679513532031517,0.13898046969840147,0.012567877003529968,0
PDice1(obs3),0.1670948955121617,0.1391801515015008,0.01257690228448449,0
PDice1(obs4),0.16379753340184994,0.13697376706513312,0.012476814959474938,0
PDice1(obs5),0.16628126070572113,0.1386377399117676,0.012552371067240787,0
PDice1(obs6),0.16915039397053785,0.1405445567134759,0.01263839862643784,0
