Property,ObtainedValue,Variance,CI,Problems
PDice1(obs1),0.1696063543978507,0.14084415190425148,0.010447785329227662,0
PDice1(obs2),0.16563485574115172,0.13820398616465226,0.01034939864612158,0
PDice1(obs3),0.16636491064128023,0.13869167725014242,0.010367642926663471,0
PDice1(obs4),0.16508001401705408,0.13783262800460222,0.01033548472436141,0
PDice1(obs5),0.16581006891718258,0.13832112924358955,0.010353783843910776,0
PDice1(obs6),0.16750379628548068,0.13945034677179227,0.010395960730508113,0
