Property,ObtainedValue,Variance,CI,Problems
PDice1(obs1),0.16715669318574888,0.1392213527108529,0.012639531031890573,0
PDice1(obs2),0.16685402974749222,0.13901977339060093,0.012630377295914647,0
PDice1(obs3),0.16698374264960222,0.13910618696273774,0.012634302156525093,0
PDice1(obs4),0.16365444482877897,0.13687758577952486,0.012532687311014158,0
PDice1(obs5),0.16629194050501556,0.13864492570665068,0.012613337765021737,0
PDice1(obs6),0.16905914908336217,0.14048422740018393,0.012696728109342253,0
