Property,ObtainedValue,Variance,CI,Problems
PDice1(obs1),0.17452135493372606,0.14408133463658296,0.02166334052620866,0
PDice1(obs2),0.1718213058419244,0.1423162110987242,0.02153023407962367,0
PDice1(obs3),0.1635984290623466,0.1368507786988943,0.021112769269636126,0
PDice1(obs4),0.15954835542464407,0.13410913685380663,0.020900214761167907,0
PDice1(obs5),0.16138929798723614,0.13535940507509323,0.02099741266349533,0
PDice1(obs6),0.16912125675012274,0.14053650524098818,0.02139518962060711,0
