Property,ObtainedValue,Variance,CI,Problems
PDice1(obs1),0.17469733656174335,0.14419563425855483,0.02152450176169458,0
PDice1(obs2),0.17106537530266344,0.14181918206772448,0.021346394913810286,0
PDice1(obs3),0.1635593220338983,0.13682423488705697,0.020967109617426594,0
PDice1(obs4),0.15944309927360775,0.13403722463453913,0.02075246857906185,0
PDice1(obs5),0.16210653753026635,0.13584445408003068,0.02089190334778199,0
PDice1(obs6),0.16912832929782082,0.14054095216986853,0.021249978616780532,0
