Property,ObtainedValue,Variance,CI,Problems
PDice1(obs1),0.1682946682946683,0.13997632045320543,0.011224865878958235,0
PDice1(obs2),0.16571699905033238,0.1382595645843393,0.011155819181193617,0
PDice1(obs3),0.16788766788766787,0.13970613723013411,0.01121402749102801,0
PDice1(obs4),0.16500474833808168,0.13778285450378974,0.011136570301357828,0
PDice1(obs5),0.16463166463166462,0.1375327442891802,0.011126457885042147,0
PDice1(obs6),0.16846425179758512,0.14008879901371618,0.011229374867409143,0
