Property,ObtainedValue,Variance,CI,Problems
PDice1(obs1),0.1643462469733656,0.13737813741854754,0.03321894746917763,0
PDice1(obs2),0.17705811138014527,0.1457526505729988,0.034216476601734915,0
PDice1(obs3),0.16646489104116222,0.13879633966919794,0.033389972583618616,0
PDice1(obs4),0.16918886198547214,0.14060654742661854,0.033607006353314456,0
PDice1(obs5),0.15435835351089588,0.13057137139250471,0.0323855322270689,0
PDice1(obs6),0.16858353510895885,0.1402055618965516,0.03355905145726709,0
