Property,ObtainedValue,Variance,CI,Problems
PDice1(obs1),0.17343073593073594,0.14337191131603255,0.022688100308357426,0
PDice1(obs2),0.1737012987012987,0.14354857698113008,0.022702074364733014,0
PDice1(obs3),0.16477272727272727,0.1376412959250194,0.022230051694019037,0
PDice1(obs4),0.15854978354978355,0.13342980025431656,0.021887316300023267,0
PDice1(obs5),0.1617965367965368,0.13563676660686538,0.02206758511088828,0
PDice1(obs6),0.16774891774891776,0.13962810742678147,0.022389918970871107,0
