Property,ObtainedValue,Variance,CI,Problems
PDice1(obs1),0.17321974661424203,0.14323030932493852,0.02037565826571355,0
PDice1(obs2),0.16950633464394932,0.14078931388668384,0.02020128657048961,0
PDice1(obs3),0.16371778069025775,0.13692922411199385,0.019922427584427735,0
PDice1(obs4),0.16273481869812145,0.13626708029926807,0.019874200121106213,0
PDice1(obs5),0.1636085626911315,0.13685574801624084,0.01991708168901923,0
PDice1(obs6),0.16721275666229796,0.13926786122883908,0.02009183654200681,0
