Property,ObtainedValue,Variance,CI,Problems
PDice1(obs1),0.1737417386883579,0.14357379473916546,0.022006576669972334,0
PDice1(obs2),0.17297915607524147,0.14307555212680773,0.021968358890026157,0
PDice1(obs3),0.1644636502287748,0.1374328252960424,0.021530798520115427,0
PDice1(obs4),0.15950686324351804,0.13408146518741387,0.02126665928080608,0
PDice1(obs5),0.16166751398068124,0.13554835670733106,0.021382674654721528,0
PDice1(obs6),0.16764107778342655,0.13955528389521552,0.021696418128787396,0
