Property,ObtainedValue,Variance,CI,Problems
PDice1(obs1),0.16778975741239893,0.1396677266261375,0.02885476419223532,0
PDice1(obs2),0.17452830188679244,0.14410054132418834,0.02930908791101078,0
PDice1(obs3),0.1641958670260557,0.13726641680610047,0.028605638495403336,0
PDice1(obs4),0.16442048517520216,0.13741725563957582,0.028621351211314986,0
PDice1(obs5),0.1597035040431267,0.13422844498434888,0.028287318271812176,0
PDice1(obs6),0.1693620844564241,0.1407101748640432,0.02896224671692047,0
