Property,ObtainedValue,Variance,CI,Problems
PDice1(obs1),0.16878102592388305,0.14030366465823169,0.016022773262808248,0
PDice1(obs2),0.16629895201323772,0.13865317022299323,0.01592825066624201,0
PDice1(obs3),0.1635410921125207,0.13680483551741715,0.015821727627996954,0
PDice1(obs4),0.16629895201323772,0.13865317022299323,0.01592825066624201,0
PDice1(obs5),0.16822945394373967,0.1399379530012601,0.016001877378153555,0
PDice1(obs6),0.16685052399338113,0.13902101164834985,0.015949365183833577,0
