Property,ObtainedValue,Variance,CI,Problems
PDice1(obs1),0.16794950738916256,0.1397496414181388,0.013795542734927817,0
PDice1(obs2),0.1659995894909688,0.1384508301943201,0.013731286285081575,0
PDice1(obs3),0.1654351395730706,0.13807343921673015,0.013712559060038335,0
PDice1(obs4),0.16363916256157635,0.13686841025253416,0.013652590096111946,0
PDice1(obs5),0.16774425287356323,0.13961328256562436,0.0137888106837488,0
PDice1(obs6),0.16923234811165846,0.14059997515922154,0.013837449908444705,0
