Property,ObtainedValue,Variance,CI,Problems
PDice1(obs1),0.16892971246006389,0.1404004747763879,0.014580257066929583,0
PDice1(obs2),0.16613418530351437,0.13854152178902074,0.014483411496768584,0
PDice1(obs3),0.16562072113190324,0.13819838229897213,0.014465464127974535,0
PDice1(obs4),0.16402327704244637,0.1371274649685038,0.014409307739330907,0
PDice1(obs5),0.16773162939297126,0.1396056946188546,0.014538930479143642,0
PDice1(obs6),0.16756047466910087,0.13949192023146292,0.014533004878928741,0
