Property,ObtainedValue,Variance,CI,Problems
PDice1(obs1),0.16779811097992917,0.1396487747059311,0.013502628343505328,0
PDice1(obs2),0.16646989374262103,0.1387644944937753,0.013459809962642707,0
PDice1(obs3),0.16637150728059819,0.13869885189044212,0.013456626001631469,0
PDice1(obs4),0.16312475403384494,0.1365217846029306,0.013350598261974761,0
PDice1(obs5),0.16740456513183785,0.13938713360832175,0.01348997338533407,0
PDice1(obs6),0.16883116883116883,0.14033410875050073,0.013535720238838728,0
