Property,ObtainedValue,Variance,CI,Problems
PDice1(obs1),0.16909882232462878,0.1405134040464911,0.015449336678840816,0
PDice1(obs2),0.16589861751152074,0.1383851234340484,0.015331888874597207,0
PDice1(obs3),0.1644905273937532,0.13744219065467927,0.01527956514471812,0
PDice1(obs4),0.16538658474142345,0.13804269762709862,0.015312908199366685,0
PDice1(obs5),0.16769073220686123,0.1395794841975308,0.015397909212266084,0
PDice1(obs6),0.1674347158218126,0.13940925452282776,0.015388516783391828,0
