Property,ObtainedValue,Variance,CI,Problems
PDice1(obs1),0.16881613756613756,0.1403218895375134,0.011097340045114165,0
PDice1(obs2),0.16541005291005292,0.13805413258850874,0.011007302140210232,0
PDice1(obs3),0.16782407407407407,0.13966377274625727,0.011071285916097151,0
PDice1(obs4),0.1652116402116402,0.1379213150402674,0.011002005976118676,0
PDice1(obs5),0.16438492063492063,0.13736706106431462,0.010979877256592047,0
PDice1(obs6),0.16835317460317462,0.1400150133303098,0.011085198769122456,0
