Property,ObtainedValue,Variance,CI,Problems
PDice1(obs1),0.16665421398684996,0.13888577544755343,0.011734592086715118,0
PDice1(obs2),0.1669157202630006,0.1390600576032022,0.011741952411458234,0
PDice1(obs3),0.16717722653915124,0.13923420298267639,0.011749302354406011,0
PDice1(obs4),0.1640017931858936,0.1371103271907172,0.011659346175240694,0
PDice1(obs5),0.16590705319784818,0.13838707276677836,0.011713505206928944,0
PDice1(obs6),0.16934399282725643,0.1406718601454794,0.011809805050403561,0
