Property,ObtainedValue,Variance,CI,Problems
PDice1(obs1),0.16606005459508644,0.13851562233119155,0.02891795730319186,0
PDice1(obs2),0.17470427661510465,0.14421549842084178,0.02950694186281531,0
PDice1(obs3),0.16492265696087352,0.13775451051271143,0.028838399067229962,0
PDice1(obs4),0.1651501364877161,0.13790693991124417,0.0288543499223221,0
PDice1(obs5),0.16037306642402183,0.13468418388420128,0.028515207281074137,0
PDice1(obs6),0.16878980891719744,0.14033173191887133,0.029106914886299906,0
