Property,ObtainedValue,Variance,CI,Problems
PDice1(obs1),0.16662934766383042,0.1388691906206754,0.011727759269721284,0
PDice1(obs2),0.16685326168084788,0.13901843877682138,0.011734059718366503,0
PDice1(obs3),0.1671891327063741,0.13924212298844724,0.011743496124633919,0
PDice1(obs4),0.16409165547096582,0.13717070314962357,0.011655818418860762,0
PDice1(obs5),0.1659202866099418,0.1383959098985706,0.011707757498208224,0
PDice1(obs6),0.16931631586804,0.14065355009914918,0.01180286500190668,0
