Property,ObtainedValue,Variance,CI,Problems
PDice1(obs1),0.1681938617796423,0.13991240977959865,0.014316736690190535,0
PDice1(obs2),0.165820269375138,0.13833154351626195,0.014235624722381884,0
PDice1(obs3),0.1659858688452197,0.1384422021740229,0.014241317495591009,0
PDice1(obs4),0.1640538750275999,0.13714777164879785,0.01417458318808797,0
PDice1(obs5),0.16753146389931553,0.13947237135333024,0.014294205180793534,0
PDice1(obs6),0.16841466107308456,0.14005889423494447,0.014324229344861193,0
