Property,ObtainedValue,Variance,CI,Problems
PDice1(obs1),0.16877880184331798,0.14030059972343328,0.014645424980627575,0
PDice1(obs2),0.16618663594470046,0.13857662050230654,0.014555167169266397,0
PDice1(obs3),0.16555299539170507,0.13815315923983176,0.01453291137575198,0
PDice1(obs4),0.16399769585253457,0.137110349669211,0.014477958720283712,0
PDice1(obs5),0.16785714285714284,0.13968916906010057,0.014613477721102093,0
PDice1(obs6),0.1676267281105991,0.1395360459241982,0.014605466093926276,0
