Property,ObtainedValue,Variance,CI,Problems
PDice1(obs1),0.16336633663366337,0.13672612397426512,0.03582062208247858,0
PDice1(obs2),0.17963224893917965,0.14741663160201512,0.037194661826501996,0
PDice1(obs3),0.1637199434229137,0.13696415500360487,0.03585178917602116,0
PDice1(obs4),0.1661951909476662,0.13862336761747326,0.03606829351674046,0
PDice1(obs5),0.15523338048090524,0.1311823650402839,0.03508690822228852,0
PDice1(obs6),0.17185289957567185,0.1423698234192513,0.03655243772536564,0
