Property,ObtainedValue,Variance,CI,Problems
PDice1(obs1),0.16709821428571428,0.13918261457781916,0.012841494241489868,0
PDice1(obs2),0.16745535714285714,0.13942028462686473,0.012852453716426756,0
PDice1(obs3),0.1665625,0.13882563116656993,0.012825015374271621,0
PDice1(obs4),0.16339285714285715,0.13670173413353914,0.012726532121883937,0
PDice1(obs5),0.1666517857142857,0.13888516826325153,0.012827765163072938,0
PDice1(obs6),0.16883928571428572,0.14033884644084876,0.012894723001799897,0
