Property,ObtainedValue,Variance,CI,Problems
PDice1(obs1),0.17010467980295566,0.14117994439500176,0.01698226339665918,0
PDice1(obs2),0.16702586206896552,0.13913893305444883,0.01685906184017223,0
PDice1(obs3),0.16363916256157635,0.13687192213025084,0.016721154219583985,0
PDice1(obs4),0.1654094827586207,0.13805981229710754,0.01679355761550772,0
PDice1(obs5),0.16733374384236452,0.1393438873748518,0.016871474131893598,0
PDice1(obs6),0.16648706896551724,0.1387798067760439,0.016837290636978225,0
