Property,ObtainedValue,Variance,CI,Problems
PDice1(obs1),0.17084670947030497,0.1416723240465607,0.019421625240862554,0
PDice1(obs2),0.1694422150882825,0.140745670584518,0.019358004339556825,0
PDice1(obs3),0.16382423756019263,0.13699960068869324,0.019098651815875868,0
PDice1(obs4),0.1632223113964687,0.13659449175859792,0.019070393476234817,0
PDice1(obs5),0.16573033707865167,0.13827766460781252,0.01918753029918529,0
PDice1(obs6),0.16693418940609953,0.13908111857411964,0.01924319354865259,0
