Property,ObtainedValue,Variance,CI,Problems
PDice1(obs1),0.1701007326007326,0.14117724696885958,0.016909372342956096,0
PDice1(obs2),0.16689560439560439,0.13905207305096642,0.01678161938979547,0
PDice1(obs3),0.16361416361416362,0.13685501283761226,0.016648514469409955,0
PDice1(obs4),0.16514041514041514,0.1378795803736657,0.016710717967376054,0
PDice1(obs5),0.16727716727716727,0.13930614739589783,0.016796943983507968,0
PDice1(obs6),0.16697191697191696,0.13910291121616772,0.016784686833364235,0
