Property,ObtainedValue,Variance,CI,Problems
PDice1(obs1),0.16957515946563967,0.14082366183997758,0.01060426364364491,0
PDice1(obs2),0.16554338668913227,0.13814293023729185,0.010502846832445609,0
PDice1(obs3),0.16599470453724877,0.13844462810494956,0.010514309446956966,0
PDice1(obs4),0.16497171741485137,0.1377601947770233,0.010488287274197521,0
PDice1(obs5),0.16584426525454327,0.13834410741438113,0.010510491683935537,0
PDice1(obs6),0.16807076663858467,0.13982719114057066,0.010566679060616466,0
