Property,ObtainedValue,Variance,CI,Problems
PDice1(obs1),0.16839700996677742,0.14006854100040364,0.027782680116333155,0
PDice1(obs2),0.1746262458471761,0.1441618540482918,0.028185712366013988,0
PDice1(obs3),0.16382890365448505,0.13701744444789435,0.02747842065514233,0
PDice1(obs4),0.16424418604651161,0.13729654181458137,0.027506392470819367,0
PDice1(obs5),0.16154485049833886,0.13547624222477514,0.027323441967361285,0
PDice1(obs6),0.16735880398671096,0.13937877549049035,0.02771418798638126,0
