Property,ObtainedValue,Variance,CI,Problems
PDice1(obs1),0.17133204633204632,0.14200022054004355,0.024622723135308732,0
PDice1(obs2),0.17567567567567569,0.14483703333260856,0.024867457402873598,0
PDice1(obs3),0.16393178893178892,0.1370802103102988,0.02419239993424702,0
PDice1(obs4),0.15990990990990991,0.13436034586477064,0.023951191818041832,0
PDice1(obs5),0.16103603603603603,0.13512516941720482,0.02401926413795491,0
PDice1(obs6),0.1681145431145431,0.1398745458479972,0.0244377330877081,0
