Property,ObtainedValue,Variance,CI,Problems
PDice1(obs1),0.16837686567164178,0.1400354274970188,0.015736372433211826,0
PDice1(obs2),0.1657782515991471,0.1383050383168736,0.015638844643678384,0
PDice1(obs3),0.16431236673773988,0.13732296285898138,0.015583221626032925,0
PDice1(obs4),0.166044776119403,0.13848313573068888,0.015648910588307037,0
PDice1(obs5),0.1683102345415778,0.1399912272638085,0.015733888753767977,0
PDice1(obs6),0.16717750533049042,0.13923846465821282,0.015691529500093008,0
