Property,ObtainedValue,Variance,CI,Problems
PDice1(obs1),0.17017814319972593,0.1412296384978282,0.0179169035502974,0
PDice1(obs2),0.16795135320315177,0.13975566564185177,0.017823161551220677,0
PDice1(obs3),0.16289825282631037,0.13637409191643318,0.017606213661106703,0
PDice1(obs4),0.1645255224391915,0.13746864851343152,0.017676727361864115,0
PDice1(obs5),0.1668379582048647,0.1390149599500577,0.017775867382695366,0
PDice1(obs6),0.16760877012675574,0.13952802028796052,0.017808639730275785,0
