Property,ObtainedValue,Variance,CI,Problems
PDice1(obs1),0.1723137973137973,0.142643523558651,0.024037326356611013,0
PDice1(obs2),0.17673992673992675,0.14552513583195922,0.024278907333889734,0
PDice1(obs3),0.16407203907203907,0.13717334116891436,0.023571921675950885,0
PDice1(obs4),0.15873015873015872,0.13355527933454966,0.02325897976581927,0
PDice1(obs5),0.16193528693528694,0.13573296604513213,0.023447837765662834,0
PDice1(obs6),0.1662087912087912,0.13860458347941176,0.023694575194736906,0
