Property,ObtainedValue,Variance,CI,Problems
PDice1(obs1),0.16887417218543047,0.1403639858221519,0.014841487693706362,0
PDice1(obs2),0.1665089877010407,0.1387919514300674,0.014758143581933688,0
PDice1(obs3),0.165503784295175,0.13812044868770654,0.014722398894780248,0
PDice1(obs4),0.16449858088930935,0.13744692495807115,0.014686459238474362,0
PDice1(obs5),0.16727767265846735,0.1393040898852342,0.014785347080453455,0
PDice1(obs6),0.1673368022705771,0.13934343619976744,0.014787434987005143,0
