Property,ObtainedValue,Variance,CI,Problems
PDice1(obs1),0.16980820105820105,0.14098503142012858,0.017587847402249134,0
PDice1(obs2),0.16807208994708994,0.13983542299607823,0.017515993945397053,0
PDice1(obs3),0.16253306878306878,0.1361273242474152,0.017282192575309475,0
PDice1(obs4),0.16459986772486773,0.13751812016203294,0.017370253225091527,0
PDice1(obs5),0.16823743386243387,0.13994516925092576,0.017522866087205997,0
PDice1(obs6),0.16674933862433863,0.1389554844146101,0.01746079576182488,0
