Property,ObtainedValue,Variance,CI,Problems
PDice1(obs1),0.16864374524232428,0.14020747951110354,0.010863867380871636,0
PDice1(obs2),0.16601116467901547,0.13845584940114924,0.010795792247167306,0
PDice1(obs3),0.16686754630804365,0.13902717793869962,0.010818043363381769,0
PDice1(obs4),0.16566226845978177,0.13822266539266534,0.010786697409520355,0
PDice1(obs5),0.1645521441258564,0.1374790965291673,0.010757644763929116,0
PDice1(obs6),0.16826313118497843,0.1399550889416592,0.010854084833065823,0
