Property,ObtainedValue,Variance,CI,Problems
PDice1(obs1),0.1696871310507674,0.1408975673304743,0.01050575144989319,0
PDice1(obs2),0.16558441558441558,0.13817029512593135,0.010403577746542377,0
PDice1(obs3),0.16638134592680048,0.1387026875943985,0.010423601808975991,0
PDice1(obs4),0.16487603305785123,0.13769599100737456,0.010385705953823125,0
PDice1(obs5),0.16593860684769776,0.138407070819748,0.010412487982728535,0
PDice1(obs6),0.16753246753246753,0.13946945642686365,0.01045237370098252,0
