Property,ObtainedValue,Variance,CI,Problems
PDice1(obs1),0.15884861407249468,0.13368699360341152,0.043488580945147466,0
PDice1(obs2),0.17164179104477612,0.14225671641791043,0.0448608035311663,0
PDice1(obs3),0.1631130063965885,0.13657995735607678,0.04395660524455575,0
PDice1(obs4),0.17270788912579957,0.14295607675906183,0.04497094033950421,0
PDice1(obs5),0.1615138592750533,0.13549936034115137,0.04378237140175121,0
PDice1(obs6),0.17217484008528786,0.14260668088130776,0.044915950464205885,0
