Property,ObtainedValue,Variance,CI,Problems
PDice1(obs1),0.16713622804110043,0.139207476945606,0.012372165127448731,0
PDice1(obs2),0.16721909181305933,0.13926263705997483,0.012374616082194896,0
PDice1(obs3),0.16663904540934704,0.1388762278584465,0.012357436359306943,0
PDice1(obs4),0.1640288365926417,0.1371290588742379,0.012279457331695937,0
PDice1(obs5),0.16560324825986078,0.13818453767165262,0.012326624077125481,0
PDice1(obs6),0.16937354988399073,0.14069197961774377,0.01243795831262224,0
