Property,ObtainedValue,Variance,CI,Problems
PDice1(obs1),0.1695769365990859,0.14082472505828986,0.01046419111217553,0
PDice1(obs2),0.16553380991444977,0.13813641481302508,0.010363830388703638,0
PDice1(obs3),0.16641275049806634,0.13872361129679714,0.010385834547561743,0
PDice1(obs4),0.1651529356615493,0.13788148315829735,0.01035426271406606,0
PDice1(obs5),0.16582679010898863,0.1383323186541011,0.010371176731269206,0
PDice1(obs6),0.16749677721786008,0.13944569232209703,0.010412829521090327,0
