Property,ObtainedValue,Variance,CI,Problems
PDice1(obs1),0.17060508413891873,0.14151165604075022,0.018334865076163977,0
PDice1(obs2),0.16854636591478697,0.14015103329893977,0.018246508079477322,0
PDice1(obs3),0.1624597207303974,0.13607874020896327,0.01797946446525771,0
PDice1(obs4),0.16353383458646617,0.1368027646773365,0.018027232039661625,0
PDice1(obs5),0.1667561761546724,0.13896099219620853,0.018168876166451933,0
PDice1(obs6),0.16809881847475833,0.1398541239731809,0.018227170260143265,0
