Property,ObtainedValue,Variance,CI,Problems
PDice1(obs1),0.1683094788009722,0.1399861235762196,0.01119870280759241,0
PDice1(obs2),0.1658452605995139,0.1383452801767069,0.011132876704737862,0
PDice1(obs3),0.1678706454226303,0.13969480742373355,0.01118704428754285,0
PDice1(obs4),0.16493383742911152,0.13773531615033457,0.011108307179010754,0
PDice1(obs5),0.16452876046448825,0.13746368772562145,0.011097348402580887,0
PDice1(obs6),0.16851201728328383,0.14012044727819084,0.011204074377651948,0
