Property,ObtainedValue,Variance,CI,Problems
PDice1(obs1),0.1660839160839161,0.13853464796507514,0.03030255467921905,0
PDice1(obs2),0.17482517482517482,0.1442973713770616,0.03092639159664077,0
PDice1(obs3),0.16183816183816183,0.13568045743913842,0.029988772555883884,0
PDice1(obs4),0.16633366633366634,0.13870141849157588,0.030320788576267122,0
PDice1(obs5),0.1620879120879121,0.13584934925179742,0.030007431407270305,0
PDice1(obs6),0.16883116883116883,0.1403622607719535,0.03050178237708918,0
