Property,ObtainedValue,Variance,CI,Problems
PDice1(obs1),0.16799314930485593,0.13977849211970708,0.013669893074915111,0
PDice1(obs2),0.1665827120693129,0.13883990585798106,0.013623920391103876,0
PDice1(obs3),0.16552488414265565,0.1381333550303377,0.01358921037742573,0
PDice1(obs4),0.16345960104775337,0.13674744821923532,0.013520867517656101,0
PDice1(obs5),0.16748942172073342,0.13944373949818958,0.01365351439061143,0
PDice1(obs6),0.1689502317146887,0.14041312391461055,0.0137008904187699,0
