Property,ObtainedValue,Variance,CI,Problems
PDice1(obs1),0.16791633780584056,0.13972733393068515,0.013525068170426794,0
PDice1(obs2),0.16673243883188635,0.13893958644113383,0.01348688882034703,0
PDice1(obs3),0.16638713496448304,0.1387092986909772,0.013475707149962669,0
PDice1(obs4),0.1630327545382794,0.1364598069286659,0.013365990641701799,0
PDice1(obs5),0.16732438831886345,0.13933381060739064,0.013506008969952242,0
PDice1(obs6),0.1686069455406472,0.14018555868689594,0.013547227214527753,0
