Property,ObtainedValue,Variance,CI,Problems
PDice1(obs1),0.1634050880626223,0.13677077855461778,0.042140849785544957,0
PDice1(obs2),0.175146771037182,0.14454109445359217,0.04332138162914896,0
PDice1(obs3),0.16193737769080235,0.13578009201387392,0.041987950722197735,0
PDice1(obs4),0.17318982387475537,0.14326519938734047,0.04312975427061489,0
PDice1(obs5),0.15655577299412915,0.13211069634942665,0.041416712221132836,0
PDice1(obs6),0.1697651663405088,0.14101394384720675,0.0427895440693206,0
