Property,ObtainedValue,Variance,CI,Problems
PDice1(obs1),0.1672893772893773,0.13930874441992067,0.011637372630255651,0
PDice1(obs2),0.1667032967032967,0.13891839615748916,0.011621057018397945,0
PDice1(obs3),0.166996336996337,0.1391136561644639,0.011629221275043193,0
PDice1(obs4),0.16402930402930402,0.13712871447880057,0.01154595748736519,0
PDice1(obs5),0.1654945054945055,0.1381111331615013,0.011587242498303714,0
PDice1(obs6),0.16948717948717948,0.14076643175621162,0.011698099276416851,0
