Property,ObtainedValue,Variance,CI,Problems
PDice1(obs1),0.16925465838509315,0.1408261932131024,0.0761808583041213,0
PDice1(obs2),0.17391304347826086,0.1438907295963216,0.07700528790091277,0
PDice1(obs3),0.15683229813664595,0.1324415830298581,0.07387820298481182,0
PDice1(obs4),0.18167701863354038,0.1489016933435082,0.07833465948157349,0
PDice1(obs5),0.16459627329192547,0.1377181882287028,0.07533552027275435,0
PDice1(obs6),0.15372670807453417,0.130297132038291,0.07327765619487357,0
