Property,ObtainedValue,Variance,CI,Problems
PDice1(obs1),0.1687279151943463,0.1402676566397626,0.015326345612424772,0
PDice1(obs2),0.16563604240282687,0.13820946480044044,0.015213485909441006,0
PDice1(obs3),0.16468955073195357,0.13757558355459087,0.01517855839530165,0
PDice1(obs4),0.1658253407370015,0.13833602603288697,0.015220449965558165,0
PDice1(obs5),0.1677183240787481,0.13959769638409084,0.015289700198757786,0
PDice1(obs6),0.16740282685512367,0.1393879157161202,0.015278207568424577,0
