Property,ObtainedValue,Variance,CI,Problems
PDice1(obs1),0.17014250955856794,0.14120630627307934,0.018045719189560695,0
PDice1(obs2),0.1681438998957247,0.13988368416631378,0.017961006896108907,0
PDice1(obs3),0.16232186305179006,0.13598529241498705,0.017708962503449575,0
PDice1(obs4),0.16440736878693082,0.13738952448554156,0.01780016216319848,0
PDice1(obs5),0.16701425095585679,0.13913258100832912,0.01791272132509699,0
PDice1(obs6),0.16797010775112964,0.139768295969155,0.017953597469535565,0
