Property,ObtainedValue,Variance,CI,Problems
PDice1(obs1),0.16717528132748427,0.13923434569957752,0.013273954965165074,0
PDice1(obs2),0.16750905969864582,0.13945642426582697,0.013284536716206533,0
PDice1(obs3),0.16650772458516117,0.13878952008719744,0.013252734200051321,0
PDice1(obs4),0.16350371924470722,0.13677677491344709,0.013156286740113043,0
PDice1(obs5),0.16636467671180621,0.13869408435232025,0.013248176932589053,0
PDice1(obs6),0.1689395384321953,0.14040566569714044,0.013329672129799052,0
