Property,ObtainedValue,Variance,CI,Problems
PDice2(obs1),0.03,0.029103731247595844,0.009951169175779232,0
PDice2(obs2),0.0510077519379845,0.0484097138712153,0.009979722790895141,0
PDice2(obs3),0.08533653846153846,0.07805796645178947,0.009979850240644567,0
PDice2(obs4),0.11459459459459459,0.10146659111329562,0.010196678545402542,0
PDice2(obs5),0.1403861003861004,0.12068250276057527,0.011120372812344936,0
PDice2(obs6),0.1635135135135135,0.13678212557512917,0.011838914043246508,0
PDice2(obs7),0.1350965250965251,0.11684996558505188,0.010942372315467162,0
PDice2(obs8),0.11046332046332047,0.09826496930979729,0.01003451888467004,0
PDice2(obs9),0.08116161616161616,0.0745781747981354,0.009998166281151683,0
PDice2(obs10),0.055179856115107916,0.052138790586352415,0.00997746359029961,0
PDice2(obs11),0.028219178082191782,0.027426613140850594,0.009985544135117796,0
