Property,ObtainedValue,Variance,CI,Problems
PDice2(obs1),0.03,0.029103731247595844,0.009951169175779232,0
PDice2(obs2),0.0510077519379845,0.0484097138712153,0.009979722790895141,0
PDice2(obs3),0.08533653846153846,0.07805796645178947,0.009979850240644567,0
PDice2(obs4),0.11431535269709543,0.1012515541441347,0.010559403922248679,0
PDice2(obs5),0.1404149377593361,0.12070359146115635,0.01152918611902348,0
PDice2(obs6),0.16439834024896266,0.13737722627219426,0.01229973984578707,0
PDice2(obs7),0.13468879668049794,0.11655256093510534,0.011329205751908218,0
PDice2(obs8),0.11112033195020747,0.09877670239583984,0.010429555887683519,0
PDice2(obs9),0.08116161616161616,0.0745781747981354,0.009998166281151683,0
PDice2(obs10),0.055179856115107916,0.052138790586352415,0.00997746359029961,0
PDice2(obs11),0.028219178082191782,0.027426613140850594,0.009985544135117796,0
