Property,ObtainedValue,Variance,CI,Problems
PDice2(obs1),0.03,0.029103731247595844,0.009951169175779232,0
PDice2(obs2),0.0510077519379845,0.0484097138712153,0.009979722790895141,0
PDice2(obs3),0.08533653846153846,0.07805796645178947,0.009979850240644567,0
PDice2(obs4),0.11538461538461539,0.10207562472370836,0.011071640144075327,0
PDice2(obs5),0.14099547511312216,0.12112123170946701,0.01206038238500401,0
PDice2(obs6),0.16343891402714933,0.1367328224143145,0.012814076950281734,0
PDice2(obs7),0.134841628959276,0.11666464300200721,0.011836425436572574,0
PDice2(obs8),0.11167420814479638,0.09920756841027388,0.010914989970341366,0
PDice2(obs9),0.08116161616161616,0.0745781747981354,0.009998166281151683,0
PDice2(obs10),0.055179856115107916,0.052138790586352415,0.00997746359029961,0
PDice2(obs11),0.028219178082191782,0.027426613140850594,0.009985544135117796,0
