Property,ObtainedValue,Variance,CI,Problems
PDice2(obs1),0.03,0.029103731247595844,0.009951169175779232,0
PDice2(obs2),0.0510077519379845,0.0484097138712153,0.009979722790895141,0
PDice2(obs3),0.08533653846153846,0.07805796645178947,0.009979850240644567,0
PDice2(obs4),0.11546296296296296,0.10213599566509424,0.011202362271383022,0
PDice2(obs5),0.14087962962962963,0.12103816320371485,0.012194987568017736,0
PDice2(obs6),0.16296296296296298,0.1364123510519177,0.012946341141431093,0
PDice2(obs7),0.135,0.11678040650030094,0.011978575953781158,0
PDice2(obs8),0.11212962962962963,0.09956118510287686,0.011060257252321983,0
PDice2(obs9),0.08116161616161616,0.0745781747981354,0.009998166281151683,0
PDice2(obs10),0.055179856115107916,0.052138790586352415,0.00997746359029961,0
PDice2(obs11),0.028219178082191782,0.027426613140850594,0.009985544135117796,0
