Property,ObtainedValue,Variance,CI,Problems
PDice2(obs1),0.03,0.029103731247595844,0.009951169175779232,0
PDice2(obs2),0.0510077519379845,0.0484097138712153,0.009979722790895141,0
PDice2(obs3),0.08533653846153846,0.07805796645178947,0.009979850240644567,0
PDice2(obs4),0.11447058823529412,0.10137104799957554,0.010271501956455317,0
PDice2(obs5),0.1408235294117647,0.12099700795648272,0.011221845899146399,0
PDice2(obs6),0.1635686274509804,0.1368192970274113,0.011933028074535492,0
PDice2(obs7),0.13533333333333333,0.11702281135207918,0.011036014151764138,0
PDice2(obs8),0.11070588235294118,0.09845395090464909,0.010122634580836917,0
PDice2(obs9),0.08116161616161616,0.0745781747981354,0.009998166281151683,0
PDice2(obs10),0.055179856115107916,0.052138790586352415,0.00997746359029961,0
PDice2(obs11),0.028219178082191782,0.027426613140850594,0.009985544135117796,0
