Property,ObtainedValue,Variance,CI,Problems
PPNL(balanced),0.49794816414686827,0.25000118956335887,0.01197092244843893,0
